timestamp,ticker,binance_obi_raw,binance_ema,polymarket_obi,spread,z_score,pm_ask_no,pm_best_bid,pm_best_ask,order_id,fill_status,pm_bid_no
"2026-06-16 20:52:25",BTCUSDT,-0.0831251690626337,-0.0686264977058584,0.0303751132620176,-0.099001610967876,-2.15052420398904,0.99,0.01,0.99,,,0.01
"2026-06-16 20:52:24",BTCUSDT,-0.081398804809127,-0.061738222317432,0.0290455385428163,-0.0907837608602483,-2.39740205710227,0.99,0.01,0.99,,,0.01
"2026-06-16 20:52:24",BTCUSDT,-0.0813374751633524,-0.0641881289231721,0.0282664347214715,-0.0924545636446436,-2.29904970063206,0.99,0.01,0.99,,,0.01
"2026-06-16 20:52:24",BTCUSDT,-0.0831251690626337,-0.0665552589406048,0.0283582407598253,-0.0949134997004301,-2.21531683869155,0.99,0.01,0.99,,,0.01
"2026-06-16 20:52:23",BTCUSDT,-0.0948281788253985,-0.050123736063767,0.0392965064303323,-0.0894202424940992,-2.79300665737386,0.99,0.01,0.99,,,0.01
"2026-06-16 20:52:23",BTCUSDT,-0.0948740979720028,-0.0557175313022964,0.0293249946102059,-0.0850425259125024,-2.60539175789912,0.99,0.01,0.99,,,0.01
"2026-06-16 20:52:23",BTCUSDT,-0.0814138222900155,-0.0589295676757613,0.0284489942121012,-0.0873785618878625,-2.49121905374047,0.99,0.01,0.99,,,0.01
"2026-06-16 20:52:22",BTCUSDT,-0.116369856936724,-0.0280089076326141,0.0073426419943254,-0.0353515496269395,-2.77209549721847,0.99,0.01,0.99,,,0.01
"2026-06-16 20:52:22",BTCUSDT,-0.0951170866841576,-0.036397430014057,0.0469578108545841,-0.0833552408686411,-3.07781953150472,0.99,0.01,0.99,,,0.01
"2026-06-16 20:52:22",BTCUSDT,-0.0951170866841576,-0.0437373870978196,0.0410012923589418,-0.0847386794567613,-2.91491068835291,0.99,0.01,0.99,,,0.01
"2026-06-16 20:52:21",BTCUSDT,-0.108653910023805,0.0302796690197467,0.0437091370545106,-0.0134294680347638,-2.86395177177709,0.99,0.01,0.99,,,0.01
"2026-06-16 20:52:21",BTCUSDT,-0.108156913024337,0.0129750962642363,0.0301417387481615,-0.0171666424839252,-2.87890160618827,0.99,0.01,0.99,,,0.01
"2026-06-16 20:52:21",BTCUSDT,-0.108090780869342,-0.00215813837746105,0.0320627942679651,-0.0342209326454262,-2.99146053310815,0.99,0.01,0.99,,,0.01
"2026-06-16 20:52:21",BTCUSDT,-0.107980350356845,-0.015385914874884,0.0318739859005995,-0.0472599007754835,-3.00869827862924,0.99,0.01,0.99,,,0.01
"2026-06-16 20:52:20",BTCUSDT,-0.109176763334316,0.0988051559795242,0.0483126250500391,0.0504925309294852,-2.14148938808926,0.99,0.01,0.99,,,0.01
"2026-06-16 20:52:20",BTCUSDT,-0.109165829114696,0.0728087828427467,0.0441536791662233,0.0286551036765234,-2.36701074894539,0.99,0.01,0.99,,,0.01
"2026-06-16 20:52:20",BTCUSDT,-0.108642894548623,0.0501273231688255,0.034221554136314,0.0159057690325116,-2.53035332532378,0.99,0.01,0.99,,,0.01
"2026-06-16 20:52:19",BTCUSDT,-0.111360598276383,0.201916857413754,0.0518841980058839,0.15003265940787,-1.24622956650284,0.99,0.01,0.99,,,0.01
"2026-06-16 20:52:19",BTCUSDT,-0.111214137079645,0.162775483102079,0.056161041443908,0.106614441658171,-1.60907445009525,0.99,0.01,0.99,,,0.01
"2026-06-16 20:52:19",BTCUSDT,-0.111293511805397,0.128516858738644,0.047889004349737,0.0806278543889073,-1.84817580624601,0.99,0.01,0.99,,,0.01
"2026-06-16 20:52:18",BTCUSDT,0.199815206143524,0.203871049080325,-0.0342157984944323,0.238086847574757,-0.577601839039102,0.99,0.01,0.99,,,0.01
"2026-06-16 20:52:18",BTCUSDT,0.957102114825648,0.29802493229849,-0.0147517073965473,0.312776639695038,-0.0193244086412463,0.99,0.01,0.99,,,0.01
"2026-06-16 20:52:18",BTCUSDT,-0.112808288847819,0.246670779655202,-0.0046637843574673,0.251334564012669,-0.454999438375229,0.99,0.01,0.99,,,0.01
"2026-06-16 20:52:17",BTCUSDT,0.199807244278031,0.205874123833554,-0.0419834996033843,0.247857623436939,-0.560086796894379,0.99,0.01,0.99,,,0.01
"2026-06-16 20:52:17",BTCUSDT,0.199791301662489,0.205113771062171,-0.0470480596729444,0.252161830735115,-0.516009959802749,0.99,0.01,0.99,,,0.01
"2026-06-16 20:52:17",BTCUSDT,0.199807244278031,0.204450455214154,-0.0450460828085564,0.24949653802271,-0.516027449752008,0.99,0.01,0.99,,,0.01
"2026-06-16 20:52:16",BTCUSDT,0.194021501923936,0.210658259678039,-0.041990805685043,0.252649065363082,-0.586531155305817,0.99,0.01,0.99,,,0.01
"2026-06-16 20:52:16",BTCUSDT,0.194021501923936,0.208578664958776,-0.0345195656369339,0.24309823059571,-0.622426948206842,0.99,0.01,0.99,,,0.01
"2026-06-16 20:52:16",BTCUSDT,0.193875912591886,0.206740820912915,-0.0438072672001858,0.250548088113101,-0.561585723475855,0.99,0.01,0.99,,,0.01
"2026-06-16 20:52:15",BTCUSDT,0.199942730866196,0.217042758283013,-0.0421648283779502,0.259207586660963,-0.60808721531421,0.99,0.01,0.99,,,0.01
"2026-06-16 20:52:15",BTCUSDT,0.199942730866196,0.214905254855911,-0.0438906045920106,0.258795859447922,-0.591326602681423,0.99,0.01,0.99,,,0.01
"2026-06-16 20:52:15",BTCUSDT,0.199942730866196,0.213034939357197,-0.034781732726242,0.247816672083438,-0.631500538739814,0.99,0.01,0.99,,,0.01
"2026-06-16 20:52:14",BTCUSDT,0.199926793648976,0.225468136223078,-0.0456889244617289,0.271157060684807,-0.60569886361441,0.99,0.01,0.99,,,0.01
"2026-06-16 20:52:14",BTCUSDT,0.199942730866196,0.222277460553468,-0.0438627715188671,0.266140232072335,-0.611475417392878,0.99,0.01,0.99,,,0.01
"2026-06-16 20:52:14",BTCUSDT,0.199942730866196,0.219485619342559,-0.0346644873360966,0.254150106678655,-0.652975443778758,0.99,0.01,0.99,,,0.01
"2026-06-16 20:52:13",BTCUSDT,0.200140896961007,0.23802075892339,-0.0363153082933388,0.274336067216729,-0.648662095141074,0.99,0.01,0.99,,,0.01
"2026-06-16 20:52:13",BTCUSDT,0.200140896961007,0.233285776178092,-0.0345214335861561,0.267807209764248,-0.660298621080913,0.99,0.01,0.99,,,0.01
"2026-06-16 20:52:13",BTCUSDT,0.199934762336952,0.22911689944795,-0.0420710973187772,0.271187996766727,-0.624738130250873,0.99,0.01,0.99,,,0.01
"2026-06-16 20:52:12",BTCUSDT,0.200140896961007,0.263815234804403,-0.0331790599254871,0.296994294729891,-0.618709781742852,0.99,0.01,0.99,,,0.01
"2026-06-16 20:52:12",BTCUSDT,0.200140896961007,0.255855942573979,-0.0455979824703584,0.301453925044337,-0.579663407412759,0.99,0.01,0.99,,,0.01
"2026-06-16 20:52:12",BTCUSDT,0.205941482256735,0.249616635034323,-0.0438694525048759,0.293486087539199,-0.597495142119542,0.99,0.01,0.99,,,0.01
"2026-06-16 20:52:12",BTCUSDT,0.200140896961007,0.243432167775159,-0.0420637884997246,0.285495956274884,-0.615555744213093,0.99,0.01,0.99,,,0.01
"2026-06-16 20:52:11",BTCUSDT,0.253920331766828,0.287504216990219,-0.0421286947341736,0.329632911724392,-0.527173573142035,0.99,0.01,0.99,,,0.01
"2026-06-16 20:52:11",BTCUSDT,0.253947718346628,0.28330965465977,-0.0455860649810688,0.328895719640839,-0.51255507998531,0.99,0.01,0.99,,,0.01
"2026-06-16 20:52:11",BTCUSDT,0.200124967637863,0.272911568782032,-0.0346493119400565,0.307560880722088,-0.589829811320063,0.99,0.01,0.99,,,0.01
"2026-06-16 20:52:10",BTCUSDT,0.359605623536841,0.288864327434919,-0.0237441216561965,0.312608449091115,-0.655679451968277,0.99,0.01,0.99,,,0.01
"2026-06-16 20:52:10",BTCUSDT,0.359619875842058,0.297708770985811,-0.0257045542182727,0.323413325204084,-0.590251614451025,0.99,0.01,0.99,,,0.01
"2026-06-16 20:52:10",BTCUSDT,0.254453922133519,0.292301914879275,-0.0349466473273648,0.32724856220664,-0.555422525021618,0.99,0.01,0.99,,,0.01
"2026-06-16 20:52:09",BTCUSDT,0.359810439457294,0.253980027081195,-0.0328913708199574,0.286871397901153,-0.825133032074958,0.99,0.01,0.99,,,0.01
"2026-06-16 20:52:09",BTCUSDT,0.359810439457294,0.267208828628208,-0.0258786418034777,0.293087470431685,-0.777830080266586,0.99,0.01,0.99,,,0.01
"2026-06-16 20:52:09",BTCUSDT,0.359605623536841,0.278758427991787,-0.0347110718121047,0.313469499803892,-0.670733740768693,0.99,0.01,0.99,,,0.01
"2026-06-16 20:52:08",BTCUSDT,0.360129698370713,0.201739898591491,-0.0277005717808761,0.229440470372367,-1.14387987336072,0.99,0.01,0.99,,,0.01
"2026-06-16 20:52:08",BTCUSDT,0.360129698370713,0.221538623563894,-0.0257045542182727,0.247243177782166,-1.04024494042814,0.99,0.01,0.99,,,0.01
"2026-06-16 20:52:08",BTCUSDT,0.360120808986766,0.238861396741753,-0.0346202237680945,0.273481620509847,-0.903934295782447,0.99,0.01,0.99,,,0.01
"2026-06-16 20:52:07",BTCUSDT,0.169483489013975,0.171418589050413,-0.0310841546626232,0.202502743713036,-1.36247870537314,0.99,0.01,0.99,,,0.01
"2026-06-16 20:52:07",BTCUSDT,0.169646931223378,0.171197131822033,-0.0297439729673664,0.2009411047894,-1.33239595278097,0.99,0.01,0.99,,,0.01
"2026-06-16 20:52:07",BTCUSDT,0.234522351944297,0.179112784337316,-0.0283734295765642,0.20748621391388,-1.26927659269483,0.99,0.01,0.99,,,0.01
"2026-06-16 20:52:06",BTCUSDT,0.168468935034808,0.172374828287767,-0.0365644920122767,0.208939320300044,-1.45404782627469,0.99,0.01,0.99,,,0.01
"2026-06-16 20:52:06",BTCUSDT,0.169463934886332,0.172010966612588,-0.0297970592608839,0.201808025873472,-1.4446547544135,0.99,0.01,0.99,,,0.01
"2026-06-16 20:52:06",BTCUSDT,0.169483489013975,0.171695031912761,-0.0279286516423887,0.19962368355515,-1.41377905751244,0.99,0.01,0.99,,,0.01
"2026-06-16 20:52:05",BTCUSDT,0.166550450968737,0.173935508672535,-0.0316612897829153,0.205596798455451,-1.60238394139182,0.99,0.01,0.99,,,0.01
"2026-06-16 20:52:05",BTCUSDT,0.166550450968737,0.17301237645956,-0.0299649809414143,0.202977357400975,-1.56802517111603,0.99,0.01,0.99,,,0.01
"2026-06-16 20:52:05",BTCUSDT,0.172375869088594,0.17293281303819,-0.0370613874929822,0.209994200531172,-1.4914533214182,0.99,0.01,0.99,,,0.01
"2026-06-16 20:52:04",BTCUSDT,0.166390413661967,0.179194729810204,-0.0279699239818705,0.207164653792074,-1.77169721220212,0.99,0.01,0.99,,,0.01
"2026-06-16 20:52:04",BTCUSDT,0.166390413661967,0.177594190291674,-0.0411085455191704,0.218702735810845,-1.67410603836965,0.99,0.01,0.99,,,0.01
"2026-06-16 20:52:04",BTCUSDT,0.166419707020949,0.176197379882834,-0.0392006438854269,0.215398023768261,-1.64827227919995,0.99,0.01,0.99,,,0.01
"2026-06-16 20:52:04",BTCUSDT,0.166542476147646,0.174990516915935,-0.0281805396745493,0.203171056590484,-1.66144496299901,0.99,0.01,0.99,,,0.01
"2026-06-16 20:52:03",BTCUSDT,0.168558035235039,0.185038709002888,-0.0370946923442158,0.222133401347104,-1.79202585510226,0.99,0.01,0.99,,,0.01
"2026-06-16 20:52:03",BTCUSDT,0.16790893333779,0.182897487044751,-0.0390910560736693,0.22198854311842,-1.76396378573875,0.99,0.01,0.99,,,0.01
"2026-06-16 20:52:03",BTCUSDT,0.16790893333779,0.181023917831381,-0.0301026309743381,0.211126548805719,-1.78779743454045,0.99,0.01,0.99,,,0.01
"2026-06-16 20:52:02",BTCUSDT,0.168648273443845,0.193146033185206,-0.0378078153916093,0.230953848576815,-1.77056798931172,0.99,0.01,0.99,,,0.01
"2026-06-16 20:52:02",BTCUSDT,0.168648273443845,0.190083813217536,-0.0342120844511389,0.224295897668674,-1.8154295040333,0.99,0.01,0.99,,,0.01
"2026-06-16 20:52:02",BTCUSDT,0.168558035235039,0.187393090969724,-0.0300135989369769,0.2174066899067,-1.84054819124283,0.99,0.01,0.99,,,0.01
"2026-06-16 20:52:01",BTCUSDT,0.168659180032249,0.205780587595463,-0.0381121276670831,0.243892715262546,-1.55260284149973,0.99,0.01,0.99,,,0.01
"2026-06-16 20:52:01",BTCUSDT,0.164686201293254,0.200643789307687,-0.041662194676508,0.242305983984195,-1.63214257142652,0.99,0.01,0.99,,,0.01
"2026-06-16 20:52:01",BTCUSDT,0.168659180032249,0.196645713148257,-0.0397371258808186,0.236382839029076,-1.7121500249483,0.99,0.01,0.99,,,0.01
"2026-06-16 20:52:00",BTCUSDT,0.168659180032249,0.224636007629989,-0.0294286877852375,0.254064695415227,-1.24702518490733,0.99,0.01,0.99,,,0.01
"2026-06-16 20:52:00",BTCUSDT,0.164702216896345,0.217144283788284,-0.040263964822792,0.257408248611076,-1.30800478281741,0.99,0.01,0.99,,,0.01
"2026-06-16 20:52:00",BTCUSDT,0.168659180032249,0.211083645818779,-0.040263964822792,0.251347610641571,-1.42314121775056,0.99,0.01,0.99,,,0.01
"2026-06-16 20:51:59",BTCUSDT,0.164694209171568,0.252780261488874,-0.02841692200145,0.281197183490324,-0.957918621288464,0.99,0.01,0.99,,,0.01
"2026-06-16 20:51:59",BTCUSDT,0.164694209171568,0.241769504949211,-0.0313833157484771,0.273152820697688,-1.04235038231909,0.99,0.01,0.99,,,0.01
"2026-06-16 20:51:59",BTCUSDT,0.168675043649999,0.232632697286809,-0.0313833157484771,0.264016013035286,-1.13868619713223,0.99,0.01,0.99,,,0.01
"2026-06-16 20:51:58",BTCUSDT,0.158472504157625,0.297067461286922,-0.0175208186680674,0.31458827995499,-0.70400544661346,0.99,0.01,0.99,,,0.01
"2026-06-16 20:51:58",BTCUSDT,0.158472504157625,0.27974309164576,-0.0288915612351112,0.308634652880871,-0.76407944009462,0.99,0.01,0.99,,,0.01
"2026-06-16 20:51:58",BTCUSDT,0.16471022446759,0.265363983248489,-0.0300447904441424,0.295408773692631,-0.855460858742686,0.99,0.01,0.99,,,0.01
"2026-06-16 20:51:57",BTCUSDT,0.161155121979371,0.364533562988286,-0.0269742412995976,0.391507804287884,-0.346148306251851,0.99,0.01,0.99,,,0.01
"2026-06-16 20:51:57",BTCUSDT,0.161155121979371,0.339111257862172,-0.0285072241400232,0.367618482002195,-0.454522197279957,0.99,0.01,0.99,,,0.01
"2026-06-16 20:51:57",BTCUSDT,0.161155121979371,0.316866740876822,-0.019292018484159,0.336158759360981,-0.593634701726579,0.99,0.01,0.99,,,0.01
"2026-06-16 20:51:56",BTCUSDT,0.167210758820559,0.464024349933834,-0.0185796821089905,0.482604032042825,0.0151504996717651,0.99,0.01,0.99,,,0.01
"2026-06-16 20:51:56",BTCUSDT,0.166167705819855,0.426792269419587,-0.0283857899115403,0.455178059331127,-0.0923177803966052,0.99,0.01,0.99,,,0.01
"2026-06-16 20:51:56",BTCUSDT,0.161155121979371,0.39358762598956,-0.0176976616020234,0.411285287591583,-0.256106537744063,0.99,0.01,0.99,,,0.01
"2026-06-16 20:51:55",BTCUSDT,0.567489698760193,0.603314955361253,-0.0301550057226612,0.633469961083914,0.529244943360039,0.99,0.01,0.99,,,0.01
"2026-06-16 20:51:55",BTCUSDT,0.21593168820531,0.55489204696676,-0.0143736325645805,0.56926567953134,0.319038569926962,0.99,0.01,0.99,,,0.01
"2026-06-16 20:51:55",BTCUSDT,0.167166003404243,0.506426291521445,-0.0257243363214562,0.532150627842901,0.187692524329287,0.99,0.01,0.99,,,0.01
"2026-06-16 20:51:54",BTCUSDT,0.565592968839174,0.620946693194999,-0.0396496366232358,0.660596329818235,0.664779467146384,0.99,0.01,0.99,,,0.01
"2026-06-16 20:51:54",BTCUSDT,0.567628112813339,0.614281870647291,-0.0286453461334929,0.642927216780784,0.594692653393147,0.99,0.01,0.99,,,0.01
"2026-06-16 20:51:54",BTCUSDT,0.567489698760193,0.608432849161404,-0.0358792507949715,0.644312099956376,0.579922415892919,0.99,0.01,0.99,,,0.01
"2026-06-16 20:51:53",BTCUSDT,0.569636538106438,0.658677704352249,-0.0367028436123344,0.695380547964583,0.843040371617589,0.99,0.01,0.99,,,0.01
"2026-06-16 20:51:53",BTCUSDT,0.568320712856553,0.647383080415287,-0.028458196804797,0.675841277220084,0.767358131199933,0.99,0.01,0.99,,,0.01
"2026-06-16 20:51:53",BTCUSDT,0.568327241216084,0.637501100515387,-0.02854664899004,0.666047749505427,0.719585300273678,0.99,0.01,0.99,,,0.01
"2026-06-16 20:51:53",BTCUSDT,0.568327241216084,0.628854368102974,-0.0360403755521383,0.664894743655112,0.696556048569723,0.99,0.01,0.99,,,0.01
"2026-06-16 20:51:52",BTCUSDT,0.623559486969283,0.7024780989487,-0.0367028436123344,0.739180942561035,1.03430894745472,0.99,0.01,0.99,,,0.01
"2026-06-16 20:51:52",BTCUSDT,0.569866350001135,0.685901630330255,-0.0384972340681648,0.724398864398419,0.968958391620293,0.99,0.01,0.99,,,0.01
"2026-06-16 20:51:52",BTCUSDT,0.569871555358566,0.671397870958793,-0.0385874360354735,0.709985306994267,0.90574706482028,0.99,0.01,0.99,,,0.01
"2026-06-16 20:51:51",BTCUSDT,0.726855814309986,0.701523993483096,-0.0418613767296162,0.743385370212712,1.12572165186529,0.99,0.01,0.99,,,0.01
"2026-06-16 20:51:51",BTCUSDT,0.726855814309986,0.704690471086457,-0.034460485039778,0.739150956126235,1.08705147165584,0.99,0.01,0.99,,,0.01
"2026-06-16 20:51:51",BTCUSDT,0.777184193389449,0.713752186374331,-0.0343718728643821,0.748124059238713,1.08495060755076,0.99,0.01,0.99,,,0.01
"2026-06-16 20:51:50",BTCUSDT,0.699115544733328,0.697319908609329,-0.0326911212516319,0.730011029860961,1.17239942825521,0.99,0.01,0.99,,,0.01
"2026-06-16 20:51:50",BTCUSDT,0.699845488597121,0.697635606107803,-0.034460485039778,0.732096091147581,1.15031332126475,0.99,0.01,0.99,,,0.01
"2026-06-16 20:51:50",BTCUSDT,0.699792052736558,0.697905161936397,-0.0436620324434225,0.74156719437982,1.14833479334867,0.99,0.01,0.99,,,0.01
"2026-06-16 20:51:49",BTCUSDT,0.698998105542936,0.69647112904675,-0.04177150703242,0.73824263607917,1.27817625949834,0.99,0.01,0.99,,,0.01
"2026-06-16 20:51:49",BTCUSDT,0.698998105542936,0.696787001108773,-0.0435718518464753,0.740358852955248,1.25578335501561,0.99,0.01,0.99,,,0.01
"2026-06-16 20:51:49",BTCUSDT,0.698998105542936,0.697063389163043,-0.0327794456767187,0.729842834839762,1.19979124243015,0.99,0.01,0.99,,,0.01
"2026-06-16 20:51:48",BTCUSDT,0.698998105542936,0.695226058994692,-0.041598989461074,0.736825048455766,1.36522330168067,0.99,0.01,0.99,,,0.01
"2026-06-16 20:51:48",BTCUSDT,0.698998105542936,0.695697564813223,-0.0345491123988628,0.730246677212086,1.31649203524702,0.99,0.01,0.99,,,0.01
"2026-06-16 20:51:48",BTCUSDT,0.698998105542936,0.696110132404437,-0.0416888442758303,0.737798976680268,1.30625402052313,0.99,0.01,0.99,,,0.01
"2026-06-16 20:51:47",BTCUSDT,0.699074094284355,0.693356673236725,-0.0315148668397696,0.724871540076495,1.43741158919353,0.99,0.01,0.99,,,0.01
"2026-06-16 20:51:47",BTCUSDT,0.699074094284355,0.694071350867679,-0.0384070477676899,0.732478398635369,1.42166454376958,0.99,0.01,0.99,,,0.01
"2026-06-16 20:51:47",BTCUSDT,0.698998105542936,0.694687195202086,-0.0415018113104974,0.736189006512584,1.39680572627043,0.99,0.01,0.99,,,0.01
"2026-06-16 20:51:46",BTCUSDT,0.698342586449713,0.690705478092712,-0.0362818625159499,0.726987340608661,1.55674643683151,0.99,0.01,0.99,,,0.01
"2026-06-16 20:51:46",BTCUSDT,0.698342586449713,0.691660116637337,-0.0251862560057132,0.71684637264305,1.49052500797292,0.99,0.01,0.99,,,0.01
"2026-06-16 20:51:46",BTCUSDT,0.698698373949439,0.69253989880135,-0.0277020021108875,0.720241900912237,1.46193429472805,0.99,0.01,0.99,,,0.01
"2026-06-16 20:51:45",BTCUSDT,0.692083321867863,0.688894265123188,-0.0264147644601728,0.71530902958336,1.65711027071509,0.99,0.01,0.99,,,0.01
"2026-06-16 20:51:45",BTCUSDT,0.692087781268058,0.689293454641296,-0.0363722598836414,0.725665714524938,1.63880336860626,0.99,0.01,0.99,,,0.01
"2026-06-16 20:51:45",BTCUSDT,0.691861518416045,0.68961446261314,-0.0345709002763294,0.724185362889469,1.59124345497161,0.99,0.01,0.99,,,0.01
"2026-06-16 20:51:44",BTCUSDT,0.695158836713632,0.67773003891611,-0.0246403086729073,0.702370347589017,1.8231960497093,0.99,0.01,0.99,,,0.01
"2026-06-16 20:51:44",BTCUSDT,0.694527908520313,0.679829772616635,-0.0352742821350007,0.715104054751636,1.80491939765232,0.99,0.01,0.99,,,0.01
"2026-06-16 20:51:44",BTCUSDT,0.726315700870073,0.685640513648315,-0.0354423886060761,0.721082902254391,1.76966983098419,0.99,0.01,0.99,,,0.01
"2026-06-16 20:51:44",BTCUSDT,0.708025889167666,0.688438685588234,-0.0336470893621848,0.722085774950419,1.72227993996908,0.99,0.01,0.99,,,0.01
"2026-06-16 20:51:43",BTCUSDT,0.662385361214652,0.643049368731244,-0.0332148482786376,0.676264217009882,1.92303199059712,0.99,0.01,0.99,,,0.01
"2026-06-16 20:51:43",BTCUSDT,0.662777439357731,0.645515377559555,-0.0261669217173559,0.671682299276911,1.85222396568669,0.99,0.01,0.99,,,0.01
"2026-06-16 20:51:43",BTCUSDT,0.883314042357681,0.675240210659321,-0.0261533608647628,0.701393571524084,1.87585953742571,0.99,0.01,0.99,,,0.01
"2026-06-16 20:51:42",BTCUSDT,0.660489898800834,0.633522305379361,-0.0349318031829016,0.668454108562263,2.10651159497901,0.99,0.01,0.99,,,0.01
"2026-06-16 20:51:42",BTCUSDT,0.662385361214652,0.637130187358773,-0.0263306574647473,0.66346084482352,2.01884261581204,0.99,0.01,0.99,,,0.01
"2026-06-16 20:51:42",BTCUSDT,0.662385361214652,0.640287084090758,-0.0352865818725899,0.675573665963347,1.98465866254241,0.99,0.01,0.99,,,0.01
"2026-06-16 20:51:41",BTCUSDT,0.74066154206054,0.618019045902048,-0.0262510719325964,0.644270117834644,2.3071800805689,0.99,0.01,0.99,,,0.01
"2026-06-16 20:51:41",BTCUSDT,0.678438100684681,0.625571427749877,-0.0370946970001282,0.662666124750005,2.26121010864469,0.99,0.01,0.99,,,0.01
"2026-06-16 20:51:41",BTCUSDT,0.658358342018358,0.629669792033437,-0.0261669217173559,0.655836713750793,2.15150965761306,0.99,0.01,0.99,,,0.01
"2026-06-16 20:51:40",BTCUSDT,0.740607969634467,0.557599346771122,-0.0349318031829016,0.592531149954023,2.50132289968772,0.99,0.01,0.99,,,0.01
"2026-06-16 20:51:40",BTCUSDT,0.740607969634467,0.58047542462904,-0.0369200482449721,0.617395472874012,2.45265324916805,0.99,0.01,0.99,,,0.01
"2026-06-16 20:51:40",BTCUSDT,0.74066154206054,0.600498689307977,-0.026237468644622,0.626736157952599,2.36249089267991,0.99,0.01,0.99,,,0.01
"2026-06-16 20:51:39",BTCUSDT,0.733303544976372,0.466993112312078,-0.0262510719325964,0.493244184244674,2.55461506966659,0.99,0.01,0.99,,,0.01
"2026-06-16 20:51:39",BTCUSDT,0.743553729915744,0.501563189512536,-0.0370041412589469,0.538567330771483,2.59004631008826,0.99,0.01,0.99,,,0.01
"2026-06-16 20:51:39",BTCUSDT,0.740699735737398,0.531455257790644,-0.035087587867059,0.566542845657703,2.54932248295375,0.99,0.01,0.99,,,0.01
"2026-06-16 20:51:38",BTCUSDT,0.466258587397707,0.343123893000065,-0.0276591960626817,0.370783089062747,2.29026745008407,0.99,0.01,0.99,,,0.01
"2026-06-16 20:51:38",BTCUSDT,0.665973740487199,0.383480123935957,-0.0367822721525167,0.420262396088474,2.45940942335206,0.99,0.01,0.99,,,0.01
"2026-06-16 20:51:38",BTCUSDT,0.747229250757158,0.428948764788607,-0.0300390236002873,0.458987788388895,2.53481926522349,0.99,0.01,0.99,,,0.01
"2026-06-16 20:51:37",BTCUSDT,0.645713118223078,0.285221075051217,-0.0269489789114451,0.312170053962662,1.7796105266403,0.99,0.01,0.99,,,0.01
"2026-06-16 20:51:37",BTCUSDT,0.446889265015131,0.305429598796706,-0.0368272320895121,0.342256830886218,2.05184592869578,0.99,0.01,0.99,,,0.01
"2026-06-16 20:51:37",BTCUSDT,0.466258587397707,0.325533222371831,-0.0259834238251052,0.351516646196936,2.18170987761267,0.99,0.01,0.99,,,0.01
"2026-06-16 20:51:36",BTCUSDT,0.591554955522727,0.115245541748413,-0.018684788045091,0.133930329793504,0.855717320995775,0.99,0.01,0.99,,,0.01
"2026-06-16 20:51:36",BTCUSDT,0.595845379958419,0.175320521524664,-0.0186913208428506,0.194011842367514,1.13473977502696,0.99,0.01,0.99,,,0.01
"2026-06-16 20:51:36",BTCUSDT,0.642534043254959,0.233722211740951,-0.0258602693537503,0.259582481094701,1.46179225739751,0.99,0.01,0.99,,,0.01
"2026-06-16 20:51:35",BTCUSDT,-0.152394407776817,-0.140902724486992,-0.0258418944425654,-0.115060830044426,-0.0578437108319091,0.99,0.01,0.99,,,0.01
"2026-06-16 20:51:35",BTCUSDT,0.0101803716957525,-0.122017337464149,-0.0275785367683851,-0.0944388006957636,0.0292180484623147,0.99,0.01,0.99,,,0.01
"2026-06-16 20:51:35",BTCUSDT,0.609647401924327,-0.0305592450405892,-0.0275637762227165,-0.0029954688178727,0.324840536556526,0.99,0.01,0.99,,,0.01
"2026-06-16 20:51:35",BTCUSDT,0.591525433529354,0.0472013397806537,-0.0259459938941906,0.0731473336748443,0.601220136277326,0.99,0.01,0.99,,,0.01
"2026-06-16 20:51:34",BTCUSDT,-0.153054945054945,-0.135146278998336,-0.02576981285694,-0.109376466141396,-0.126195778179713,0.99,0.01,0.99,,,0.01
"2026-06-16 20:51:34",BTCUSDT,-0.153054945054945,-0.137384862255412,-0.0277548475775424,-0.10963001467787,-0.100781888344385,0.99,0.01,0.99,,,0.01
"2026-06-16 20:51:34",BTCUSDT,-0.152394407776817,-0.139261055445588,-0.0277499549605292,-0.111511100485059,-0.0779745144269851,0.99,0.01,0.99,,,0.01
"2026-06-16 20:51:33",BTCUSDT,-0.150990750653773,-0.127071210143652,-0.0259459938941906,-0.101125216249462,-0.178994737045923,0.99,0.01,0.99,,,0.01
"2026-06-16 20:51:33",BTCUSDT,-0.150609078898658,-0.130013443738028,-0.018678259812288,-0.11133518392574,-0.178730333775831,0.99,0.01,0.99,,,0.01
"2026-06-16 20:51:33",BTCUSDT,-0.150609078898658,-0.132587898133107,-0.0257699933929412,-0.106817904740165,-0.144958859447493,0.99,0.01,0.99,,,0.01
"2026-06-16 20:51:32",BTCUSDT,-0.150946045564643,-0.115279394614735,-0.0245693525026912,-0.0907100421120441,-0.222422630059982,0.99,0.01,0.99,,,0.01
"2026-06-16 20:51:32",BTCUSDT,-0.15101161141766,-0.119745921715101,-0.0272922358091173,-0.0924536859059835,-0.204845424626729,0.99,0.01,0.99,,,0.01
"2026-06-16 20:51:32",BTCUSDT,-0.15101161141766,-0.123654132927921,-0.0259459938941906,-0.0977081390337301,-0.193832849041836,0.99,0.01,0.99,,,0.01
"2026-06-16 20:51:31",BTCUSDT,-0.151020551431229,-0.0976832222341931,-0.0306753095955763,-0.0670079126386168,-0.233580880103725,0.99,0.01,0.99,,,0.01
"2026-06-16 20:51:31",BTCUSDT,-0.151020551431229,-0.104350388383823,-0.0354798540101572,-0.0688705343736654,-0.21836031990892,0.99,0.01,0.99,,,0.01
"2026-06-16 20:51:31",BTCUSDT,-0.151020551431229,-0.110184158764748,-0.0244806728705606,-0.0857034858941878,-0.232236565373828,0.99,0.01,0.99,,,0.01
"2026-06-16 20:51:30",BTCUSDT,-0.134343313518583,-0.0763909961614504,-0.0339755232200289,-0.0424154729414215,-0.241310869630018,0.99,0.01,0.99,,,0.01
"2026-06-16 20:51:30",BTCUSDT,-0.134717065548952,-0.0836817548348882,-0.0338885409891174,-0.0497932138457708,-0.237450843398592,0.99,0.01,0.99,,,0.01
"2026-06-16 20:51:30",BTCUSDT,-0.134736546375572,-0.0900636037774737,-0.0320543482877983,-0.0580092554896754,-0.234645278096222,0.99,0.01,0.99,,,0.01
"2026-06-16 20:51:29",BTCUSDT,-0.103040696523976,-0.0608170025579086,-0.0334004813989422,-0.0274165211589664,-0.265362383039461,0.99,0.01,0.99,,,0.01
"2026-06-16 20:51:29",BTCUSDT,-0.0921196037687037,-0.064729827709258,-0.0340567891322468,-0.0306730385770112,-0.254365372694609,0.99,0.01,0.99,,,0.01
"2026-06-16 20:51:29",BTCUSDT,-0.0917879554900746,-0.0681120936818601,-0.0324066343899366,-0.0357054592919235,-0.246372280069914,0.99,0.01,0.99,,,0.01
"2026-06-16 20:51:28",BTCUSDT,-0.0221836426573698,-0.0626641691996799,-0.0339526714019702,-0.0287114977977097,-0.316253875404842,0.99,0.01,0.99,,,0.01
"2026-06-16 20:51:28",BTCUSDT,0.0351466249892504,-0.0504378199260636,-0.0252636060919627,-0.0251742138341009,-0.294121034011878,0.99,0.01,0.99,,,0.01
"2026-06-16 20:51:28",BTCUSDT,-0.0852156307338891,-0.0547850462770418,-0.0230638419541982,-0.0317212043228436,-0.289611954588779,0.99,0.01,0.99,,,0.01
"2026-06-16 20:51:27",BTCUSDT,-0.022115767051732,-0.0912305613974043,-0.0418951815552106,-0.0493353798421937,-0.415257809868295,0.99,0.01,0.99,,,0.01
"2026-06-16 20:51:27",BTCUSDT,-0.0222061150347827,-0.0826025056020766,-0.0252636060919627,-0.0573388995101138,-0.413424434216046,0.99,0.01,0.99,,,0.01
"2026-06-16 20:51:27",BTCUSDT,-0.0222061150347827,-0.0750529567811648,-0.0255074892804159,-0.0495454675007489,-0.3842597372196,0.99,0.01,0.99,,,0.01
"2026-06-16 20:51:27",BTCUSDT,-0.0222061150347827,-0.0684471015628671,-0.0324066343899366,-0.0360404671729305,-0.344953251758279,0.99,0.01,0.99,,,0.01
"2026-06-16 20:51:26",BTCUSDT,0.0418069699320976,-0.126301659079051,-0.0332012824969757,-0.0931003765820756,-0.53524521920438,0.99,0.01,0.99,,,0.01
"2026-06-16 20:51:26",BTCUSDT,-0.0149572274544631,-0.112383605125978,-0.043232329022988,-0.0691512761029898,-0.479510310015809,0.99,0.01,0.99,,,0.01
"2026-06-16 20:51:26",BTCUSDT,-0.0221475916924436,-0.101104103446786,-0.0334514652078056,-0.0676526382389804,-0.461752667609894,0.99,0.01,0.99,,,0.01
"2026-06-16 20:51:25",BTCUSDT,-0.0260933850249375,-0.208809509853885,-0.0418780234744613,-0.166931486379424,-0.706616918947627,0.99,0.01,0.99,,,0.01
"2026-06-16 20:51:25",BTCUSDT,0.0395749570282747,-0.177761451493615,-0.0348224208642217,-0.142939030629393,-0.650228757767198,0.99,0.01,0.99,,,0.01
"2026-06-16 20:51:25",BTCUSDT,0.0417927403815811,-0.150317177509215,-0.0422765169021222,-0.108040660607093,-0.575754785329262,0.99,0.01,0.99,,,0.01
"2026-06-16 20:51:24",BTCUSDT,0.0323087952137341,-0.316581996994246,-0.032635322972777,-0.283946674021469,-0.954935172260418,0.99,0.01,0.99,,,0.01
"2026-06-16 20:51:24",BTCUSDT,0.0318939833405611,-0.273022499452395,-0.0434480644264816,-0.229574435025913,-0.845254862609635,0.99,0.01,0.99,,,0.01
"2026-06-16 20:51:24",BTCUSDT,0.0318629889597456,-0.234911813400877,-0.0419577486868649,-0.192954064714012,-0.766669114241885,0.99,0.01,0.99,,,0.01
"2026-06-16 20:51:23",BTCUSDT,-0.345253154958276,-0.374388725375958,-0.0396681718029818,-0.334720553572976,-1.09909860693825,0.99,0.01,0.99,,,0.01
"2026-06-16 20:51:23",BTCUSDT,-0.345281190955787,-0.370750283573437,-0.0437019477810741,-0.327048335792362,-1.06614096884613,0.99,0.01,0.99,,,0.01
"2026-06-16 20:51:23",BTCUSDT,-0.336136324891887,-0.366423538738243,-0.0411393427094366,-0.325284196028806,-1.04441416621762,0.99,0.01,0.99,,,0.01
"2026-06-16 20:51:22",BTCUSDT,-0.329212277626579,-0.386220229762959,-0.0394822412992685,-0.346737988463691,-1.18361551733861,0.99,0.01,0.99,,,0.01
"2026-06-16 20:51:22",BTCUSDT,-0.362961757820621,-0.383312920770167,-0.0430565837439878,-0.340256337026179,-1.15007841834139,0.99,0.01,0.99,,,0.01
"2026-06-16 20:51:22",BTCUSDT,-0.345217152379559,-0.378550949721341,-0.0417114164945328,-0.336839533226808,-1.12302207812621,0.99,0.01,0.99,,,0.01
"2026-06-16 20:51:21",BTCUSDT,-0.337297512962282,-0.413162053420591,-0.0342577444593471,-0.378904308961244,-1.31541515372956,0.99,0.01,0.99,,,0.01
"2026-06-16 20:51:21",BTCUSDT,-0.337238775513939,-0.40367164368226,-0.0437019477810741,-0.359969695901185,-1.25489668408996,0.99,0.01,0.99,,,0.01
"2026-06-16 20:51:21",BTCUSDT,-0.329212277626579,-0.394364222925299,-0.041218975986795,-0.353145246938504,-1.21819073234301,0.99,0.01,0.99,,,0.01
"2026-06-16 20:51:20",BTCUSDT,-0.33700600117096,-0.450632197797272,-0.0344233168185657,-0.416208880978706,-1.47616910139115,0.99,0.01,0.99,,,0.01
"2026-06-16 20:51:20",BTCUSDT,-0.33700600117096,-0.436428923218983,-0.0344290114215251,-0.401999911797458,-1.41644708166105,0.99,0.01,0.99,,,0.01
"2026-06-16 20:51:20",BTCUSDT,-0.336996296784204,-0.423999844914635,-0.041319575240362,-0.382680269674273,-1.35049879684084,0.99,0.01,0.99,,,0.01
"2026-06-16 20:51:19",BTCUSDT,-0.337388609491542,-0.530773063488045,-0.032635322972777,-0.498137740515268,-1.80494109172347,0.99,0.01,0.99,,,0.01
"2026-06-16 20:51:19",BTCUSDT,-0.337361939731902,-0.506596673018527,-0.0430350479217567,-0.46356162509677,-1.68647952801609,0.99,0.01,0.99,,,0.01
"2026-06-16 20:51:19",BTCUSDT,-0.337149107884349,-0.485415727376755,-0.0412327032840261,-0.444183024092728,-1.60478236974062,0.99,0.01,0.99,,,0.01
"2026-06-16 20:51:19",BTCUSDT,-0.33700600117096,-0.46686451160103,-0.0412920696659723,-0.425572441935058,-1.52990213171961,0.99,0.01,0.99,,,0.01
"2026-06-16 20:51:18",BTCUSDT,-0.552384673867338,-0.560243571085037,-0.0416975367541911,-0.518546034330846,-2.0357757767479,0.99,0.01,0.99,,,0.01
"2026-06-16 20:51:18",BTCUSDT,-0.552375167773832,-0.559260020671137,-0.0436946627899572,-0.51556535788118,-1.96091997460935,0.99,0.01,0.99,,,0.01
"2026-06-16 20:51:18",BTCUSDT,-0.552375167773832,-0.558399414058974,-0.0409796896452856,-0.517419724413688,-1.90134016438365,0.99,0.01,0.99,,,0.01
"2026-06-16 20:51:17",BTCUSDT,-0.60985693031552,-0.558325751508972,-0.0326935980152814,-0.525632153493691,-2.30452325045162,0.99,0.01,0.99,,,0.01
"2026-06-16 20:51:17",BTCUSDT,-0.59292327826656,-0.56265044235367,-0.0345887181102175,-0.528061724243453,-2.21681273185812,0.99,0.01,0.99,,,0.01
"2026-06-16 20:51:17",BTCUSDT,-0.552377069024835,-0.561366270687566,-0.0333591796005283,-0.528007091087038,-2.13211284097761,0.99,0.01,0.99,,,0.01
"2026-06-16 20:51:16",BTCUSDT,-0.788298610098054,-0.509268139858517,-0.0306981706120271,-0.47856996924649,-2.51660684164603,0.99,0.01,0.99,,,0.01
"2026-06-16 20:51:16",BTCUSDT,-0.77546888588104,-0.542543233111333,-0.0426287225858569,-0.499914510525476,-2.45297153441668,0.99,0.01,0.99,,,0.01
"2026-06-16 20:51:16",BTCUSDT,-0.609910604513534,-0.550964154536608,-0.0323157127182368,-0.518648441818371,-2.38900200646116,0.99,0.01,0.99,,,0.01
"2026-06-16 20:51:15",BTCUSDT,-0.788158107307616,-0.371156652272248,-0.0400671197370778,-0.33108953253517,-2.47836639636262,0.99,0.01,0.99,,,0.01
"2026-06-16 20:51:15",BTCUSDT,-0.792933394827722,-0.423878745091682,-0.0349079730458595,-0.388970772045822,-2.52282435424332,0.99,0.01,0.99,,,0.01
"2026-06-16 20:51:15",BTCUSDT,-0.788101937238325,-0.469406644110012,-0.0322304523594865,-0.437176191750526,-2.53104881500611,0.99,0.01,0.99,,,0.01
"2026-06-16 20:51:14",BTCUSDT,-0.788150082795945,-0.165697750443525,-0.0324375808594577,-0.133260169584067,-2.17616839281198,0.99,0.01,0.99,,,0.01
"2026-06-16 20:51:14",BTCUSDT,-0.788150082795945,-0.243504291987578,-0.035864472203217,-0.20763981978436,-2.32296940165639,0.99,0.01,0.99,,,0.01
"2026-06-16 20:51:14",BTCUSDT,-0.788150082795945,-0.311585015838623,-0.0338835439900745,-0.277701471848549,-2.43345438094692,0.99,0.01,0.99,,,0.01
"2026-06-16 20:51:13",BTCUSDT,-0.624677636045234,0.140991591152857,-0.0485790069735368,0.189570598126394,-1.23054581831812,0.99,0.01,0.99,,,0.01
"2026-06-16 20:51:13",BTCUSDT,-0.788150082795945,0.0248488819092566,-0.0454690262336214,0.070317908142878,-1.61514400826276,0.99,0.01,0.99,,,0.01
"2026-06-16 20:51:13",BTCUSDT,-0.788150082795945,-0.0767759886788936,-0.0443743537176185,-0.0324016349612751,-1.91508833388411,0.99,0.01,0.99,,,0.01
"2026-06-16 20:51:12",BTCUSDT,-0.742743701133461,0.572666743151321,-0.0402083237753488,0.61287506692667,0.254966934535562,0.99,0.01,0.99,,,0.01
"2026-06-16 20:51:12",BTCUSDT,-0.818155321014221,0.398813985130628,-0.0488319105891232,0.447645895719751,-0.335919135872528,0.99,0.01,0.99,,,0.01
"2026-06-16 20:51:12",BTCUSDT,-0.788714621322296,0.250372909324013,-0.0488319105891232,0.299204819913136,-0.858460007477327,0.99,0.01,0.99,,,0.01
"2026-06-16 20:51:11",BTCUSDT,0.723356929837622,0.767703787051988,-0.0461450299455616,0.81384881699755,1.02156119135451,0.99,0.01,0.99,,,0.01
"2026-06-16 20:51:11",BTCUSDT,0.723405055276578,0.762166445580062,-0.052943094481264,0.815109540061326,1.00513176238882,0.99,0.01,0.99,,,0.01
"2026-06-16 20:51:11",BTCUSDT,0.749495048189883,0.76058252090629,-0.053194237279993,0.813776758186283,0.979428951625936,0.99,0.01,0.99,,,0.01
"2026-06-16 20:51:10",BTCUSDT,0.72341653788102,0.799015547744282,-0.043487192081386,0.842502739825668,1.19349664339477,0.99,0.01,0.99,,,0.01
"2026-06-16 20:51:10",BTCUSDT,0.72341653788102,0.789565671511374,-0.0541504991999145,0.843716170711288,1.18601862149927,0.99,0.01,0.99,,,0.01
"2026-06-16 20:51:10",BTCUSDT,0.723322535723846,0.781285279537933,-0.0520682615699292,0.833353541107862,1.13148457737634,0.99,0.01,0.99,,,0.01
"2026-06-16 20:51:10",BTCUSDT,0.723315462181083,0.774039052368327,-0.0530297122358263,0.827068764604153,1.08925308964889,0.99,0.01,0.99,,,0.01
"2026-06-16 20:51:09",BTCUSDT,0.80794570547544,0.819907093720924,-0.0501839607773953,0.870091054498319,1.30529579076996,0.99,0.01,0.99,,,0.01
"2026-06-16 20:51:09",BTCUSDT,0.80794570547544,0.818411920190238,-0.0535708806167184,0.871982800806957,1.30844061328133,0.99,0.01,0.99,,,0.01
"2026-06-16 20:51:09",BTCUSDT,0.749639809037741,0.809815406296176,-0.0435723941562499,0.853387800452426,1.23780140569566,0.99,0.01,0.99,,,0.01
"2026-06-16 20:51:08",BTCUSDT,0.805267975710068,0.830382559334325,-0.0415428389324508,0.871925398266776,1.32696970674822,0.99,0.01,0.99,,,0.01
"2026-06-16 20:51:08",BTCUSDT,0.807899829401388,0.827572218092708,-0.044951135588087,0.872523353680795,1.3241250396802,0.99,0.01,0.99,,,0.01
"2026-06-16 20:51:08",BTCUSDT,0.779921381113273,0.821615863470278,-0.0520869536857343,0.873702817156013,1.32299253504452,0.99,0.01,0.99,,,0.01
"2026-06-16 20:51:07",BTCUSDT,0.915522999143672,0.846263013181638,-0.0708446011515818,0.917107614333219,1.51866401617195,0.99,0.01,0.99,,,0.01
"2026-06-16 20:51:07",BTCUSDT,0.780724485156416,0.838070697178485,-0.0451220031094018,0.883192700287887,1.38201497896175,0.99,0.01,0.99,,,0.01
"2026-06-16 20:51:07",BTCUSDT,0.805267975710068,0.833970356994933,-0.0433295071623894,0.877299864157322,1.35250673127621,0.99,0.01,0.99,,,0.01
"2026-06-16 20:51:06",BTCUSDT,0.950524054806113,0.820098577314833,-0.032474746681329,0.852573323996162,1.30718029619816,0.99,0.01,0.99,,,0.01
"2026-06-16 20:51:06",BTCUSDT,0.823173401104118,0.820482930288494,-0.0347064698701586,0.855189400158652,1.30988489619004,0.99,0.01,0.99,,,0.01
"2026-06-16 20:51:06",BTCUSDT,0.94756932376275,0.836368729472776,-0.0655034104631049,0.901872139935881,1.47569276689542,0.99,0.01,0.99,,,0.01
"2026-06-16 20:51:05",BTCUSDT,0.92448112028007,0.815150939736831,-0.0379635803245691,0.8531145200614,1.33102232034103,0.99,0.01,0.99,,,0.01
"2026-06-16 20:51:05",BTCUSDT,0.704167309897346,0.801277986006895,-0.0284175598205383,0.829695545827434,1.23285366624021,0.99,0.01,0.99,,,0.01
"2026-06-16 20:51:05",BTCUSDT,0.802785027908932,0.80146636624465,-0.0363922613033312,0.837858627547981,1.25791876359968,0.99,0.01,0.99,,,0.01
"2026-06-16 20:51:04",BTCUSDT,0.803773808497802,0.797053002411788,-0.0378002204647306,0.834853222876519,1.29270194871279,0.99,0.01,0.99,,,0.01
"2026-06-16 20:51:04",BTCUSDT,0.805857887250838,0.79815361301667,-0.0363168136593327,0.834470426676002,1.27935005591456,0.99,0.01,0.99,,,0.01
"2026-06-16 20:51:04",BTCUSDT,0.809183449014261,0.799532342516368,-0.0282617771684945,0.827794119684863,1.24390130172894,0.99,0.01,0.99,,,0.01
"2026-06-16 20:51:03",BTCUSDT,0.803628101412186,0.777194018756164,-0.0280536325420762,0.80524765129824,1.22074006894556,0.99,0.01,0.99,,,0.01
"2026-06-16 20:51:03",BTCUSDT,0.919572922090123,0.794991381672909,-0.0265219223625267,0.821513304035435,1.26956096869321,0.99,0.01,0.99,,,0.01
"2026-06-16 20:51:03",BTCUSDT,0.803803426342788,0.796092887256643,-0.0353327992208241,0.831425686477467,1.29287617844331,0.99,0.01,0.99,,,0.01
"2026-06-16 20:51:02",BTCUSDT,0.925958123705238,0.756771168760105,-0.0266825344969742,0.78345370325708,1.20904066884872,0.99,0.01,0.99,,,0.01
"2026-06-16 20:51:02",BTCUSDT,0.815961706051,0.764169985921467,-0.0380615229767558,0.802231508898223,1.26570135651502,0.99,0.01,0.99,,,0.01
"2026-06-16 20:51:02",BTCUSDT,0.803625719645514,0.769101952636973,-0.0356042816051303,0.804706234242103,1.25523528152514,0.99,0.01,0.99,,,0.01
"2026-06-16 20:51:02",BTCUSDT,0.803628101412186,0.773417721233875,-0.0272928297414465,0.800710550975321,1.21963278214234,0.99,0.01,0.99,,,0.01
"2026-06-16 20:51:01",BTCUSDT,0.878486793950004,0.695888147387006,-0.0242038077061464,0.720091955093152,0.991505140405592,0.99,0.01,0.99,,,0.01
"2026-06-16 20:51:01",BTCUSDT,0.795738770840593,0.708369475318704,-0.0349225087224687,0.743291984041173,1.075979503401,0.99,0.01,0.99,,,0.01
"2026-06-16 20:51:01",BTCUSDT,0.902226502912619,0.732601603767943,-0.0363558989337478,0.768957502701691,1.1671581949797,0.99,0.01,0.99,,,0.01
"2026-06-16 20:51:00",BTCUSDT,0.927703482549787,0.583757255995419,-0.0422117746325498,0.625969030627968,0.619660065277004,0.99,0.01,0.99,,,0.01
"2026-06-16 20:51:00",BTCUSDT,0.950944436262036,0.629655653528746,-0.0283850106999484,0.658040664228694,0.748931984117769,0.99,0.01,0.99,,,0.01
"2026-06-16 20:51:00",BTCUSDT,0.950831436894254,0.669802626449434,-0.026796186196027,0.696598812645461,0.903332026650751,0.99,0.01,0.99,,,0.01
"2026-06-16 20:50:59",BTCUSDT,0.952155917788802,0.41079767937495,-0.0316350690092515,0.442432748384202,-0.161708739625843,0.99,0.01,0.99,,,0.01
"2026-06-16 20:50:59",BTCUSDT,0.952157002817796,0.478467594805306,-0.024417340367911,0.502884935173217,0.0984661804432494,0.99,0.01,0.99,,,0.01
"2026-06-16 20:50:59",BTCUSDT,0.927703482549787,0.534622080773366,-0.0313454486517149,0.565967529425081,0.367484680590891,0.99,0.01,0.99,,,0.01
"2026-06-16 20:50:58",BTCUSDT,0.182662170086231,0.179076426296153,-0.0217223121341085,0.200798738430262,-1.22107063699867,0.99,0.01,0.99,,,0.01
"2026-06-16 20:50:58",BTCUSDT,0.835952194704559,0.261185897347204,-0.0339499261075392,0.295135823454743,-0.803541245128684,0.99,0.01,0.99,,,0.01
"2026-06-16 20:50:58",BTCUSDT,0.839385023953343,0.333460788172971,-0.0238703347749479,0.357331122947919,-0.530203914125074,0.99,0.01,0.99,,,0.01
"2026-06-16 20:50:57",BTCUSDT,0.165383938522907,0.180449265773391,-0.0197040950073479,0.200153360780739,-1.25131983351169,0.99,0.01,0.99,,,0.01
"2026-06-16 20:50:57",BTCUSDT,0.165368557052541,0.178564177183285,-0.0340150442835766,0.212579221466861,-1.18597690377343,0.99,0.01,0.99,,,0.01
"2026-06-16 20:50:56",BTCUSDT,0.18267919968092,0.187869675871525,-0.0196067449204552,0.20747642079198,-1.20809935696539,0.99,0.01,0.99,,,0.01
"2026-06-16 20:50:56",BTCUSDT,0.16540107406723,0.185061100645988,-0.023570797230371,0.208631897876359,-1.21709190476408,0.99,0.01,0.99,,,0.01
"2026-06-16 20:50:56",BTCUSDT,0.165383938522907,0.182601455380603,-0.0218218341653572,0.20442328954596,-1.23838497997757,0.99,0.01,0.99,,,0.01
"2026-06-16 20:50:55",BTCUSDT,0.182744878613543,0.190427082507712,-0.0197040950073479,0.21013117751506,-1.14679682300763,0.99,0.01,0.99,,,0.01
"2026-06-16 20:50:55",BTCUSDT,0.18267919968092,0.189458597154363,-0.0217331953675329,0.211191792521896,-1.1588065085795,0.99,0.01,0.99,,,0.01
"2026-06-16 20:50:55",BTCUSDT,0.18267919968092,0.188611172470183,-0.0214283156617398,0.210039488131923,-1.18054455999434,0.99,0.01,0.99,,,0.01
"2026-06-16 20:50:54",BTCUSDT,0.182748398771399,0.1942111141157,-0.0233716154244925,0.217582729540192,-1.07042269574124,0.99,0.01,0.99,,,0.01
"2026-06-16 20:50:54",BTCUSDT,0.182748398771399,0.192778274697662,-0.0214325792395391,0.214210853937201,-1.09864199704767,0.99,0.01,0.99,,,0.01
"2026-06-16 20:50:54",BTCUSDT,0.182748398771399,0.191524540206879,-0.0213350138625753,0.212859554069455,-1.11957016413108,0.99,0.01,0.99,,,0.01
"2026-06-16 20:50:53",BTCUSDT,0.183955493344508,0.19984264573609,-0.0336563078657112,0.233498953601801,-0.962549437127274,0.99,0.01,0.99,,,0.01
"2026-06-16 20:50:53",BTCUSDT,0.182884587916012,0.19772288850858,-0.0320074782888388,0.229730366797419,-0.993634213484451,0.99,0.01,0.99,,,0.01
"2026-06-16 20:50:53",BTCUSDT,0.182728939473308,0.195848644879171,-0.0214325792395391,0.21728122411871,-1.05751813900733,0.99,0.01,0.99,,,0.01
"2026-06-16 20:50:52",BTCUSDT,0.180491036853878,0.207740964628964,-0.0237751276324186,0.231516092261383,-0.93066716571634,0.99,0.01,0.99,,,0.01
"2026-06-16 20:50:52",BTCUSDT,0.183461725465356,0.204706059733513,-0.0217483002636325,0.226454359997146,-0.962138517507556,0.99,0.01,0.99,,,0.01
"2026-06-16 20:50:52",BTCUSDT,0.183955493344508,0.202112238934888,-0.0295146756178944,0.231626914552782,-0.95516697430879,0.99,0.01,0.99,,,0.01
"2026-06-16 20:50:51",BTCUSDT,0.192468686916211,0.226988377921369,-0.00956354884870561,0.236551926770075,-0.876233105828574,0.99,0.01,0.99,,,0.01
"2026-06-16 20:50:51",BTCUSDT,0.180454089671967,0.221171591890194,-0.0338848602046571,0.255056452094851,-0.810514449678141,0.99,0.01,0.99,,,0.01
"2026-06-16 20:50:51",BTCUSDT,0.180461090800567,0.216082779253991,-0.0314954078659136,0.247578187119904,-0.847425618030675,0.99,0.01,0.99,,,0.01
"2026-06-16 20:50:51",BTCUSDT,0.180491036853878,0.211633811453977,-0.029833697767257,0.241467509221234,-0.880960693218107,0.99,0.01,0.99,,,0.01
"2026-06-16 20:50:50",BTCUSDT,0.18031143277877,0.247583326489783,-0.016082700954828,0.263666027444611,-0.771944617055712,0.99,0.01,0.99,,,0.01
"2026-06-16 20:50:50",BTCUSDT,0.181215509209489,0.239287349329747,-0.0173925107052346,0.256679860034981,-0.799015231044865,0.99,0.01,0.99,,,0.01
"2026-06-16 20:50:50",BTCUSDT,0.180346653497196,0.231919762350678,-0.0107677114082306,0.242687473758908,-0.850777857685689,0.99,0.01,0.99,,,0.01
"2026-06-16 20:50:49",BTCUSDT,0.20145534825961,0.279236365930804,-0.0107211704702628,0.289957536401066,-0.657767544336437,0.99,0.01,0.99,,,0.01
"2026-06-16 20:50:49",BTCUSDT,0.190759545205124,0.268176763340094,-0.0173010388166429,0.285477802156736,-0.680747000179909,0.99,0.01,0.99,,,0.01
"2026-06-16 20:50:49",BTCUSDT,0.18031143277877,0.257193597019928,-0.0173508129549715,0.2745444099749,-0.727606157547204,0.99,0.01,0.99,,,0.01
"2026-06-16 20:50:48",BTCUSDT,0.20145534825961,0.317561472639803,-0.0161029507626787,0.333664423402482,-0.465070498471891,0.99,0.01,0.99,,,0.01
"2026-06-16 20:50:48",BTCUSDT,0.20145534825961,0.303048207092279,-0.0172024702633353,0.320250677355615,-0.52592840654516,0.99,0.01,0.99,,,0.01
"2026-06-16 20:50:48",BTCUSDT,0.201446069424695,0.290347939883831,-0.0172615254108256,0.307609465294657,-0.582906281496393,0.99,0.01,0.99,,,0.01
"2026-06-16 20:50:47",BTCUSDT,0.2014182316261,0.374769795190847,-0.00916549691716447,0.383935292108012,-0.23201298183315,0.99,0.01,0.99,,,0.01
"2026-06-16 20:50:47",BTCUSDT,0.20145534825961,0.353105489324442,-0.0113300295350476,0.36443551885949,-0.322228224500922,0.99,0.01,0.99,,,0.01
"2026-06-16 20:50:47",BTCUSDT,0.201446069424695,0.334148061836974,-0.011686803318235,0.345834865155209,-0.406995406312006,0.99,0.01,0.99,,,0.01
"2026-06-16 20:50:46",BTCUSDT,0.275177359595135,0.438315893993064,-0.0167046694953421,0.455020563488406,0.083429756819299,0.99,0.01,0.99,,,0.01
"2026-06-16 20:50:46",BTCUSDT,0.272847777847832,0.41763237947491,-0.0155971927057407,0.433229572180651,-0.014196188538209,0.99,0.01,0.99,,,0.01
"2026-06-16 20:50:46",BTCUSDT,0.272847777847832,0.399534304271525,-0.0100936162653794,0.409627920536905,-0.119043399277692,0.99,0.01,0.99,,,0.01
"2026-06-16 20:50:45",BTCUSDT,0.168003411958441,0.517282836886205,-0.0179489729354335,0.535231809821639,0.418266378240843,0.99,0.01,0.99,,,0.01
"2026-06-16 20:50:45",BTCUSDT,0.236438974045335,0.482177354031096,-0.0112753060754061,0.493452660106502,0.257806925179893,0.99,0.01,0.99,,,0.01
"2026-06-16 20:50:45",BTCUSDT,0.317729713038759,0.461621398907054,-0.0156167840649852,0.477238182972039,0.181559466074424,0.99,0.01,0.99,,,0.01
"2026-06-16 20:50:44",BTCUSDT,0.0994887849161613,0.705485457785621,-0.0190438740499022,0.724529331835523,1.07109892203229,0.99,0.01,0.99,,,0.01
"2026-06-16 20:50:44",BTCUSDT,0.115373547219961,0.631721468964914,-0.0177757541362712,0.649497223101185,0.823435849176216,0.99,0.01,0.99,,,0.01
"2026-06-16 20:50:44",BTCUSDT,0.115388897966975,0.567179897590171,-0.0168306156000466,0.584010513190218,0.597160076963006,0.99,0.01,0.99,,,0.01
"2026-06-16 20:50:43",BTCUSDT,0.837673181397504,0.820364080170131,-0.0156848622800169,0.836048942450148,1.45467850555652,0.99,0.01,0.99,,,0.01
"2026-06-16 20:50:43",BTCUSDT,0.837673181397504,0.822527717823553,-0.0179092262800237,0.840436944103577,1.45148518968715,0.99,0.01,0.99,,,0.01
"2026-06-16 20:50:43",BTCUSDT,0.837517044907311,0.824401383709023,-0.01674118095771,0.841142564666733,1.44088653994538,0.99,0.01,0.99,,,0.01
"2026-06-16 20:50:43",BTCUSDT,0.565641602458339,0.792056411052687,-0.0156866855097289,0.807743096562416,1.33393664738192,0.99,0.01,0.99,,,0.01
"2026-06-16 20:50:42",BTCUSDT,0.837218280665557,0.81193819208429,-0.0179092262800237,0.829847418364314,1.49803648082759,0.99,0.01,0.99,,,0.01
"2026-06-16 20:50:42",BTCUSDT,0.837339217153208,0.815113320217905,-0.0169004913213015,0.832013811539207,1.48090591896542,0.99,0.01,0.99,,,0.01
"2026-06-16 20:50:42",BTCUSDT,0.837337569861574,0.817891351423364,-0.0113243271737985,0.829215678597162,1.45377283892566,0.99,0.01,0.99,,,0.01
"2026-06-16 20:50:41",BTCUSDT,0.838492326370435,0.798771631016175,-0.013750203335683,0.812521834351858,1.53813673745853,0.99,0.01,0.99,,,0.01
"2026-06-16 20:50:41",BTCUSDT,0.841213855186107,0.804076909037416,-0.017740146401847,0.821817055439263,1.5308581906427,0.99,0.01,0.99,,,0.01
"2026-06-16 20:50:41",BTCUSDT,0.838075643605247,0.808326750858395,-0.012315935049405,0.8206426859078,1.49985447584635,0.99,0.01,0.99,,,0.01
"2026-06-16 20:50:40",BTCUSDT,0.83870003240161,0.778564528878847,-0.0127837777483192,0.791348306627166,1.58796194226266,0.99,0.01,0.99,,,0.01
"2026-06-16 20:50:40",BTCUSDT,0.838698418060012,0.786081265026492,-0.0100251807513837,0.796106445777876,1.56428185741554,0.99,0.01,0.99,,,0.01
"2026-06-16 20:50:40",BTCUSDT,0.84220911253908,0.793097245965566,-0.013750203335683,0.806847449301249,1.55690174240191,0.99,0.01,0.99,,,0.01
"2026-06-16 20:50:39",BTCUSDT,0.838698418060012,0.748935576722931,-0.0083869876269612,0.757322564349892,1.61822181451294,0.99,0.01,0.99,,,0.01
"2026-06-16 20:50:39",BTCUSDT,0.838698418060012,0.760155931890066,-0.00919067495016345,0.769346606840229,1.60895902462089,0.99,0.01,0.99,,,0.01
"2026-06-16 20:50:39",BTCUSDT,0.838698418060012,0.769973742661309,-0.0128276015088826,0.782801344170192,1.60392370007332,0.99,0.01,0.99,,,0.01
"2026-06-16 20:50:38",BTCUSDT,0.842534347791357,0.704605722004518,-0.0145955312370513,0.71920125324157,1.65151260125336,0.99,0.01,0.99,,,0.01
"2026-06-16 20:50:38",BTCUSDT,0.838999115379755,0.721404896176423,-0.0136405122894438,0.735045408465867,1.64664635091526,0.99,0.01,0.99,,,0.01
"2026-06-16 20:50:38",BTCUSDT,0.839064236163248,0.736112313674776,-0.0127815034331477,0.748893817107924,1.63816703297685,0.99,0.01,0.99,,,0.01
"2026-06-16 20:50:37",BTCUSDT,0.842571143285072,0.636646719794677,-0.00739161765607497,0.644038337450752,1.5993667597225,0.99,0.01,0.99,,,0.01
"2026-06-16 20:50:37",BTCUSDT,0.842534347791357,0.662382673294262,-0.011976398494516,0.674359071788778,1.62988453899828,0.99,0.01,0.99,,,0.01
"2026-06-16 20:50:37",BTCUSDT,0.842534347791357,0.684901632606399,-0.00658432269464839,0.691485955301047,1.62751646301611,0.99,0.01,0.99,,,0.01
"2026-06-16 20:50:36",BTCUSDT,0.627497825341579,0.594248189799743,-0.0111141318154146,0.605362321615157,1.68793764039934,0.99,0.01,0.99,,,0.01
"2026-06-16 20:50:36",BTCUSDT,0.627497825341579,0.598404394242472,-0.00743571449514748,0.60584010873762,1.63978021121855,0.99,0.01,0.99,,,0.01
"2026-06-16 20:50:36",BTCUSDT,0.63621430558619,0.603130633160437,-0.011976398494516,0.615107031654953,1.61650611193532,0.99,0.01,0.99,,,0.01
"2026-06-16 20:50:36",BTCUSDT,0.635917127959617,0.607228945010334,-0.0110269620669581,0.618255907077292,1.57929783915872,0.99,0.01,0.99,,,0.01
"2026-06-16 20:50:35",BTCUSDT,0.753224370750554,0.577863665667379,-0.00653675594591266,0.584400421613292,1.79797132543904,0.99,0.01,0.99,,,0.01
"2026-06-16 20:50:35",BTCUSDT,0.627512179848318,0.584069729939997,-0.0128293441951251,0.596899074135122,1.77335066357095,0.99,0.01,0.99,,,0.01
"2026-06-16 20:50:35",BTCUSDT,0.627497825341579,0.589498241865195,-0.0118796354165784,0.601377877281773,1.72991772963542,0.99,0.01,0.99,,,0.01
"2026-06-16 20:50:34",BTCUSDT,0.645374898887522,0.505065819439232,-0.0110249962785914,0.516090815717823,1.79012049801562,0.99,0.01,0.99,,,0.01
"2026-06-16 20:50:34",BTCUSDT,0.642533318826017,0.52224925686258,-0.0120161978861384,0.534265454748718,1.78118811274402,0.99,0.01,0.99,,,0.01
"2026-06-16 20:50:34",BTCUSDT,0.766752292920206,0.552812136369783,-0.00747715014250357,0.560289286512287,1.79277305064339,0.99,0.01,0.99,,,0.01
"2026-06-16 20:50:33",BTCUSDT,0.642543614031158,0.436338409909204,-0.00662781627616615,0.442966226185371,1.75866735460226,0.99,0.01,0.99,,,0.01
"2026-06-16 20:50:33",BTCUSDT,0.642543614031158,0.462114060424449,-0.0119709660782929,0.474085026502742,1.78976298234871,0.99,0.01,0.99,,,0.01
"2026-06-16 20:50:33",BTCUSDT,0.645374898887522,0.485021665232333,-0.0109799391587942,0.496001604391127,1.79297977526132,0.99,0.01,0.99,,,0.01
"2026-06-16 20:50:32",BTCUSDT,0.652626491228434,0.334202995635845,-0.00743307276840398,0.341636068404249,1.62498863280586,0.99,0.01,0.99,,,0.01
"2026-06-16 20:50:32",BTCUSDT,0.646035631800532,0.373182075156431,-0.0118818452776561,0.385063920434087,1.70133823929531,0.99,0.01,0.99,,,0.01
"2026-06-16 20:50:32",BTCUSDT,0.642769662753532,0.406880523606068,-0.00653733586352579,0.413417859469594,1.72947787172042,0.99,0.01,0.99,,,0.01
"2026-06-16 20:50:31",BTCUSDT,0.637515346548041,0.175048495285791,-0.0102488895939087,0.1852973848797,1.27918548284981,0.99,0.01,0.99,,,0.01
"2026-06-16 20:50:31",BTCUSDT,0.660006617421682,0.235668260552778,-0.00789032275278157,0.243558583305559,1.42054783555779,0.99,0.01,0.99,,,0.01
"2026-06-16 20:50:31",BTCUSDT,0.660033574825782,0.288713924836903,-0.0119709660782929,0.300684890915196,1.55045986986281,0.99,0.01,0.99,,,0.01
"2026-06-16 20:50:30",BTCUSDT,0.081783595145748,0.0873524199227956,-0.00697588115009643,0.094328301072892,1.0825615038302,0.99,0.01,0.99,,,0.01
"2026-06-16 20:50:30",BTCUSDT,0.0818617086275657,0.0866660810108918,-0.0109714240355613,0.0976375050464531,1.06590020981971,0.99,0.01,0.99,,,0.01
"2026-06-16 20:50:30",BTCUSDT,0.265191850910374,0.108981802248327,-0.00606003348789186,0.115041835736219,1.09283715307103,0.99,0.01,0.99,,,0.01
"2026-06-16 20:50:29",BTCUSDT,0.0762424967099358,0.09139587816706,-0.00645172022372858,0.0978475983907886,1.17955569628485,0.99,0.01,0.99,,,0.01
"2026-06-16 20:50:29",BTCUSDT,0.0761554767701265,0.0894908279924434,-0.00644406344373835,0.0959348914361817,1.14378860854152,0.99,0.01,0.99,,,0.01
"2026-06-16 20:50:29",BTCUSDT,0.0787479346090296,0.0881479663195166,-0.0056881599970907,0.0938361263166073,1.10863395458753,0.99,0.01,0.99,,,0.01
"2026-06-16 20:50:28",BTCUSDT,0.069974944372078,0.104515973116825,0.0116692422161863,0.0928467309006384,1.29666726488663,0.99,0.01,0.99,,,0.01
"2026-06-16 20:50:28",BTCUSDT,0.0710420460463863,0.10033173223302,-0.0102698842261401,0.11060161645916,1.31847351488793,0.99,0.01,0.99,,,0.01
"2026-06-16 20:50:28",BTCUSDT,0.071441768344505,0.0967204867469555,-0.00692726776948353,0.103647754516439,1.26184337003855,0.99,0.01,0.99,,,0.01
"2026-06-16 20:50:28",BTCUSDT,0.071441768344505,0.0935606469466492,-0.0100497167559937,0.103610363702643,1.22898858389048,0.99,0.01,0.99,,,0.01
"2026-06-16 20:50:27",BTCUSDT,0.0400890908536618,0.125971744304491,0.0067187404393194,0.119253003865172,1.49750082593646,0.99,0.01,0.99,,,0.01
"2026-06-16 20:50:27",BTCUSDT,0.0401464762666485,0.115243585799761,0.0103698190343079,0.104873766765453,1.40941945737837,0.99,0.01,0.99,,,0.01
"2026-06-16 20:50:27",BTCUSDT,0.0688981457588381,0.109450405794646,0.0109127846021166,0.0985376211925291,1.35077852839609,0.99,0.01,0.99,,,0.01
"2026-06-16 20:50:26",BTCUSDT,0.022582120047436,0.171898195392736,0.00858430049763975,0.163313894895097,1.79300051556321,0.99,0.01,0.99,,,0.01
"2026-06-16 20:50:26",BTCUSDT,0.0262904051165104,0.153697221608208,0.0117141669189325,0.141983054689276,1.66647110508473,0.99,0.01,0.99,,,0.01
"2026-06-16 20:50:26",BTCUSDT,0.0300450071222794,0.138240694797467,0.00926469213511786,0.128976002662349,1.57439305230701,0.99,0.01,0.99,,,0.01
"2026-06-16 20:50:25",BTCUSDT,0.411710577757435,0.28596723040263,0.00938465413110507,0.276582576271525,2.40989523846736,0.99,0.01,0.99,,,0.01
"2026-06-16 20:50:25",BTCUSDT,-0.18394015168981,0.227228807641075,0.008581272628715,0.21864753501236,2.11747011881353,0.99,0.01,0.99,,,0.01
"2026-06-16 20:50:25",BTCUSDT,-0.0447691470938594,0.193229063299208,0.0115690097512442,0.181660053547964,1.91771384528424,0.99,0.01,0.99,,,0.01
"2026-06-16 20:50:24",BTCUSDT,0.275427680392499,0.224002781343833,0.00539469667929048,0.218608084664542,2.51873349789091,0.99,0.01,0.99,,,0.01
"2026-06-16 20:50:24",BTCUSDT,0.41174086655939,0.247470041995777,0.00862217187377329,0.238847870122004,2.48799788939778,0.99,0.01,0.99,,,0.01
"2026-06-16 20:50:24",BTCUSDT,0.41174086655939,0.268003895066229,0.00934375879178077,0.258660136274448,2.45410713970091,0.99,0.01,0.99,,,0.01
"2026-06-16 20:50:23",BTCUSDT,0.275427680392499,0.199028809873715,0.010226804604491,0.188802005269224,2.78191887197598,0.99,0.01,0.99,,,0.01
"2026-06-16 20:50:23",BTCUSDT,0.274239721107029,0.20843017377788,0.00854106934655366,0.199889104431326,2.68677847622936,0.99,0.01,0.99,,,0.01
"2026-06-16 20:50:23",BTCUSDT,0.274239721107029,0.216656367194023,0.00539521651201646,0.211261150682007,2.60481944940419,0.99,0.01,0.99,,,0.01
"2026-06-16 20:50:22",BTCUSDT,0.461007080650334,0.119653844963336,0.00884492363414333,0.110808921329193,2.95163835038213,0.99,0.01,0.99,,,0.01
"2026-06-16 20:50:22",BTCUSDT,0.411767791030045,0.156168088221675,0.00458564086594928,0.151582447355725,2.95286884719022,0.99,0.01,0.99,,,0.01
"2026-06-16 20:50:22",BTCUSDT,0.41174086655939,0.188114685513889,0.00946568765207962,0.178648997861809,2.89599358907968,0.99,0.01,0.99,,,0.01
"2026-06-16 20:50:21",BTCUSDT,0.243400931217865,0.0170445339522837,0.00581553825823558,0.0112289956940481,3.02795239945924,0.99,0.01,0.99,,,0.01
"2026-06-16 20:50:21",BTCUSDT,0.243414896809844,0.0453408293094788,0.00553331563119913,0.0398075136782796,2.97837907989281,0.99,0.01,0.99,,,0.01
"2026-06-16 20:50:21",BTCUSDT,0.249726970898052,0.0708890970080505,0.00585635065882519,0.0650327463492253,2.91868776053111,0.99,0.01,0.99,,,0.01
"2026-06-16 20:50:20",BTCUSDT,0.23279590948175,-0.13951163824466,0.0086601778418649,-0.148171816086525,2.93138902594388,0.99,0.01,0.99,,,0.01
"2026-06-16 20:50:20",BTCUSDT,0.23279590948175,-0.0929731947788585,0.00519434295652771,-0.0981675377353863,3.04435217722366,0.99,0.01,0.99,,,0.01
"2026-06-16 20:50:20",BTCUSDT,0.23279590948175,-0.0522520567462825,0.00575874835571498,-0.0580108051019975,3.06996505674401,0.99,0.01,0.99,,,0.01
"2026-06-16 20:50:20",BTCUSDT,0.243427643395868,-0.0152920942285137,0.00581044144103027,-0.0211025356695439,3.06246732218304,0.99,0.01,0.99,,,0.01
"2026-06-16 20:50:19",BTCUSDT,0.232088972624645,-0.322339770082999,0.00491590805214296,-0.327255678135142,2.1054173150549,0.99,0.01,0.99,,,0.01
"2026-06-16 20:50:19",BTCUSDT,0.230803763083514,-0.253196828437185,0.00390762232984802,-0.257104450767033,2.51328306729661,0.99,0.01,0.99,,,0.01
"2026-06-16 20:50:19",BTCUSDT,0.230790352844263,-0.192698430777004,0.0049531160490849,-0.197651546826089,2.78125543520916,0.99,0.01,0.99,,,0.01
"2026-06-16 20:50:18",BTCUSDT,-0.449953431372549,-0.509182503956855,0.00503720681257866,-0.514219710769434,0.786802024007657,0.99,0.01,0.99,,,0.01
"2026-06-16 20:50:18",BTCUSDT,-0.379609002872484,-0.492985816321308,0.00405226785768171,-0.49703808417899,0.899007142895348,0.99,0.01,0.99,,,0.01
"2026-06-16 20:50:18",BTCUSDT,0.238549704776431,-0.401543876184091,0.00420315659232878,-0.40574703277642,1.57390455550612,0.99,0.01,0.99,,,0.01
"2026-06-16 20:50:17",BTCUSDT,-0.5524325089154,-0.536045319842065,0.0048030878716603,-0.540848407713725,0.640563425499694,0.99,0.01,0.99,,,0.01
"2026-06-16 20:50:17",BTCUSDT,-0.465436112100701,-0.527219168874394,0.00401431849793528,-0.53123348737233,0.695641075998678,0.99,0.01,0.99,,,0.01
"2026-06-16 20:50:17",BTCUSDT,-0.450616218201855,-0.517643800040327,0.00495274273052047,-0.522596542770848,0.742344739421886,0.99,0.01,0.99,,,0.01
"2026-06-16 20:50:16",BTCUSDT,-0.568590495300063,-0.522987528021523,0.00539147390880442,-0.528379001930328,0.789683762582706,0.99,0.01,0.99,,,0.01
"2026-06-16 20:50:16",BTCUSDT,-0.568735836668996,-0.528706066602457,0.00424103875723347,-0.532947105359691,0.735861473345946,0.99,0.01,0.99,,,0.01
"2026-06-16 20:50:16",BTCUSDT,-0.568691876435507,-0.533704292831589,0.00484096409158414,-0.538545256923173,0.675823845982612,0.99,0.01,0.99,,,0.01
"2026-06-16 20:50:15",BTCUSDT,-0.48085446695782,-0.518813488114711,0.00384205090476928,-0.522655539019481,0.900128626075914,0.99,0.01,0.99,,,0.01
"2026-06-16 20:50:15",BTCUSDT,-0.440358966755225,-0.509006672944776,0.00387810693590493,-0.512884779880681,0.951433183373006,0.99,0.01,0.99,,,0.01
"2026-06-16 20:50:15",BTCUSDT,-0.568735836668996,-0.516472818410303,0.00447579359246999,-0.520948612002773,0.86714305444743,0.99,0.01,0.99,,,0.01
"2026-06-16 20:50:14",BTCUSDT,-0.46545428014241,-0.537517586093503,0.00369287653445772,-0.541210462627961,0.812155696442513,0.99,0.01,0.99,,,0.01
"2026-06-16 20:50:14",BTCUSDT,-0.480850361898668,-0.530434183069149,0.00397699213968853,-0.534411175208837,0.850035707880897,0.99,0.01,0.99,,,0.01
"2026-06-16 20:50:14",BTCUSDT,-0.480850361898668,-0.524236205422839,0.0046101531957611,-0.5288463586186,0.874092661690864,0.99,0.01,0.99,,,0.01
"2026-06-16 20:50:13",BTCUSDT,-0.585371223217501,-0.536314728026011,0.00403035961859501,-0.540345087644606,0.829528887403416,0.99,0.01,0.99,,,0.01
"2026-06-16 20:50:13",BTCUSDT,-0.585371223217501,-0.542446789924947,0.00469308106732288,-0.54713987099227,0.774816049981363,0.99,0.01,0.99,,,0.01
"2026-06-16 20:50:13",BTCUSDT,-0.585371223217501,-0.547812344086516,0.00454688140721989,-0.552359225493736,0.733966823364822,0.99,0.01,0.99,,,0.01
"2026-06-16 20:50:12",BTCUSDT,-0.580235578191263,-0.501719228797809,0.00388261180249474,-0.505601840600304,1.16503377978787,0.99,0.01,0.99,,,0.01
"2026-06-16 20:50:12",BTCUSDT,-0.585123815533684,-0.512144802139793,0.00388261180249474,-0.516027413942288,1.05757735871376,0.99,0.01,0.99,,,0.01
"2026-06-16 20:50:12",BTCUSDT,-0.585365853658537,-0.521297433579636,0.00455064010584456,-0.525848073685481,0.961003331724314,0.99,0.01,0.99,,,0.01
"2026-06-16 20:50:12",BTCUSDT,-0.585371223217501,-0.529306657284369,0.00473536856096501,-0.534042025845334,0.884725840285596,0.99,0.01,0.99,,,0.01
"2026-06-16 20:50:11",BTCUSDT,-0.445248338123022,-0.490502607455887,0.00413777975899873,-0.494640387214886,1.28298743646674,0.99,0.01,0.99,,,0.01
"2026-06-16 20:50:10",BTCUSDT,-0.483972196058326,-0.497526322170255,0.00408994226678831,-0.501616264437043,1.3193029213157,0.99,0.01,0.99,,,0.01
"2026-06-16 20:50:10",BTCUSDT,-0.56776412825929,-0.506306047931384,0.00401870941759175,-0.510324757348976,1.22318012751546,0.99,0.01,0.99,,,0.01
"2026-06-16 20:50:10",BTCUSDT,-0.431597689079255,-0.496967503074868,0.00423836847758503,-0.501205871552453,1.26471738852523,0.99,0.01,0.99,,,0.01
"2026-06-16 20:50:09",BTCUSDT,-0.483954503183346,-0.507109844074219,-0.00974007310879808,-0.497369770965421,1.47845610073947,0.99,0.01,0.99,,,0.01
"2026-06-16 20:50:09",BTCUSDT,-0.483954503183346,-0.50421542646286,0.00558101079767096,-0.509796437260531,1.34722392207437,0.99,0.01,0.99,,,0.01
"2026-06-16 20:50:09",BTCUSDT,-0.483936810730253,-0.501680599496284,0.00426103403012049,-0.505941633526404,1.34552955238586,0.99,0.01,0.99,,,0.01
"2026-06-16 20:50:09",BTCUSDT,-0.483936810730253,-0.49946262590053,0.00416681974255001,-0.50362944564308,1.33291743128789,0.99,0.01,0.99,,,0.01
"2026-06-16 20:50:08",BTCUSDT,-0.425471653814747,-0.522787704273067,0.00402472177677456,-0.526812426049841,1.36494314313318,0.99,0.01,0.99,,,0.01
"2026-06-16 20:50:08",BTCUSDT,-0.45407177996605,-0.51419821373469,-0.0100909864776231,-0.504107227257067,1.50433259456088,0.99,0.01,0.99,,,0.01
"2026-06-16 20:50:08",BTCUSDT,-0.483954503183346,-0.510417749915772,-0.00987821550136702,-0.500539534414405,1.49228292755595,0.99,0.01,0.99,,,0.01
"2026-06-16 20:50:07",BTCUSDT,-0.577199296640305,-0.537765678947574,0.00427293419695108,-0.542038613144525,1.34381638015435,0.99,0.01,0.99,,,0.01
"2026-06-16 20:50:07",BTCUSDT,-0.577183323606745,-0.54269288452997,0.0043134730688181,-0.547006357598789,1.2719558239937,0.99,0.01,0.99,,,0.01
"2026-06-16 20:50:07",BTCUSDT,-0.494669785855678,-0.536689997195684,0.00450897622179231,-0.541198973417476,1.2861570980014,0.99,0.01,0.99,,,0.01
"2026-06-16 20:50:06",BTCUSDT,-0.576576861922831,-0.518431381575142,0.00414839822995236,-0.522579779805094,1.618212764468,0.99,0.01,0.99,,,0.01
"2026-06-16 20:50:06",BTCUSDT,-0.576583835665727,-0.525700438336465,0.00438693020827939,-0.530087368544744,1.5138711405615,0.99,0.01,0.99,,,0.01
"2026-06-16 20:50:06",BTCUSDT,-0.577155371576502,-0.532132304991469,0.00407689417383594,-0.536209199165305,1.4256680967077,0.99,0.01,0.99,,,0.01
"2026-06-16 20:50:05",BTCUSDT,-0.490557948138177,-0.502319514432111,0.00377021536074532,-0.506089729792857,1.92863960336719,0.99,0.01,0.99,,,0.01
"2026-06-16 20:50:05",BTCUSDT,-0.490507303226115,-0.500842988031362,0.00376251115147049,-0.504605499182832,1.87292442013969,0.99,0.01,0.99,,,0.01
"2026-06-16 20:50:05",BTCUSDT,-0.575098158841384,-0.510124884382615,0.00377021536074532,-0.51389509974336,1.73869980971755,0.99,0.01,0.99,,,0.01
"2026-06-16 20:50:04",BTCUSDT,-0.476104687501853,-0.508095289072488,0.00380740170380261,-0.51190269077629,2.11413838132207,0.99,0.01,0.99,,,0.01
"2026-06-16 20:50:04",BTCUSDT,-0.490633761573811,-0.505912598135153,0.00411774578254669,-0.5100303439177,2.04635597310544,0.99,0.01,0.99,,,0.01
"2026-06-16 20:50:04",BTCUSDT,-0.490609718561031,-0.503999738188388,0.00394283812726192,-0.50794257631565,1.98596273151643,0.99,0.01,0.99,,,0.01
"2026-06-16 20:50:03",BTCUSDT,-0.476300083128477,-0.52816204622074,0.00461096792801804,-0.532773014148758,2.20502819582384,0.99,0.01,0.99,,,0.01
"2026-06-16 20:50:03",BTCUSDT,-0.462078085893778,-0.51990155117987,0.00412005622632447,-0.524021607406194,2.18964630085845,0.99,0.01,0.99,,,0.01
"2026-06-16 20:50:03",BTCUSDT,-0.462012141830108,-0.51266537501115,0.00380904897969359,-0.516474423990843,2.16373275477404,0.99,0.01,0.99,,,0.01
"2026-06-16 20:50:02",BTCUSDT,-0.460830210955243,-0.555931580657338,0.00437910957920168,-0.560310690236539,2.23650235686957,0.99,0.01,0.99,,,0.01
"2026-06-16 20:50:02",BTCUSDT,-0.460830210955243,-0.544043909444576,0.00471651589306337,-0.548760425337639,2.2507346704036,0.99,0.01,0.99,,,0.01
"2026-06-16 20:50:02",BTCUSDT,-0.476259818616476,-0.535570898091063,0.00495988382234149,-0.540530781913405,2.22989722106374,0.99,0.01,0.99,,,0.01
"2026-06-16 20:50:01",BTCUSDT,-0.467843625882193,-0.603422263199913,0.00751032416857621,-0.610932587368489,1.97030842592023,0.99,0.01,0.99,,,0.01
"2026-06-16 20:50:01",BTCUSDT,-0.430194751580983,-0.581768824247547,0.00435539359480279,-0.58612421784235,2.15933506074973,0.99,0.01,0.99,,,0.01
"2026-06-16 20:50:01",BTCUSDT,-0.48375815518541,-0.56951749061478,0.0045889004702895,-0.574106391085069,2.19257393648752,0.99,0.01,0.99,,,0.01
"2026-06-16 20:50:00",BTCUSDT,-0.483509823218689,-0.653831877584631,0.00631166993847468,-0.660143547523105,1.57507250696749,0.99,0.01,0.99,,,0.01
"2026-06-16 20:50:00",BTCUSDT,-0.582544473782052,-0.644920952109308,0.00643061815075759,-0.651351570260066,1.63147650095858,0.99,0.01,0.99,,,0.01
"2026-06-16 20:50:00",BTCUSDT,-0.467878454911541,-0.622790639959587,0.00646005761285195,-0.629250697572439,1.83226103897571,0.99,0.01,0.99,,,0.01
"2026-06-16 20:49:59",BTCUSDT,-0.422773448035019,-0.793600477052315,0.00631166993847468,-0.79991214699079,-0.0987544696641483,0.99,0.01,0.99,,,0.01
"2026-06-16 20:49:59",BTCUSDT,-0.415912077048001,-0.746389427051776,0.00631166993847468,-0.752701096990251,0.499903286830421,0.99,0.01,0.99,,,0.01
"2026-06-16 20:49:59",BTCUSDT,-0.423012216481253,-0.70596727573046,0.00631166993847468,-0.712278945668935,0.997468166681705,0.99,0.01,0.99,,,0.01
"2026-06-16 20:49:59",BTCUSDT,-0.483537866982043,-0.678163599636908,0.00631166993847468,-0.684475269575383,1.31763218097262,0.99,0.01,0.99,,,0.01
"2026-06-16 20:49:58",BTCUSDT,-0.906944841217475,-0.864776584960736,0.00631166993847468,-0.87108825489921,-1.06027969484327,0.99,0.01,0.99,,,0.01
"2026-06-16 20:49:58",BTCUSDT,-0.943461309954865,-0.874612175585002,0.00631166993847468,-0.880923845523477,-1.15724887303037,0.99,0.01,0.99,,,0.01
"2026-06-16 20:49:58",BTCUSDT,-0.650320906200418,-0.846575766911929,0.00631166993847468,-0.852887436850404,-0.78054214929329,0.99,0.01,0.99,,,0.01
"2026-06-16 20:49:57",BTCUSDT,-0.90732854896819,-0.843867309465198,0.00651718210695008,-0.850384491572148,-0.868459059150599,0.99,0.01,0.99,,,0.01
"2026-06-16 20:49:57",BTCUSDT,-0.907389465500937,-0.851807578969666,0.00631166993847468,-0.85811924890814,-0.945122317496251,0.99,0.01,0.99,,,0.01
"2026-06-16 20:49:57",BTCUSDT,-0.907367334033382,-0.85875254835263,0.00631166993847468,-0.865064218291105,-1.00933180128529,0.99,0.01,0.99,,,0.01
"2026-06-16 20:49:56",BTCUSDT,-0.907274319754526,-0.81260397746949,0.00689820601937739,-0.819502183488867,-0.543145418206635,0.99,0.01,0.99,,,0.01
"2026-06-16 20:49:56",BTCUSDT,-0.907295353019667,-0.824440399413262,0.00689820601937739,-0.83133860543264,-0.67010310082525,0.99,0.01,0.99,,,0.01
"2026-06-16 20:49:56",BTCUSDT,-0.90732854896819,-0.834801418107628,0.00671068201847094,-0.841512100126099,-0.777232396501464,0.99,0.01,0.99,,,0.01
"2026-06-16 20:49:55",BTCUSDT,-0.906717964924285,-0.76033443995207,0.00689820601937739,-0.767232645971448,0.0509998501232714,0.99,0.01,0.99,,,0.01
"2026-06-16 20:49:55",BTCUSDT,-0.946614097714316,-0.783619397172351,0.00689820601937739,-0.790517603191728,-0.220524819829787,0.99,0.01,0.99,,,0.01
"2026-06-16 20:49:55",BTCUSDT,-0.907301362652278,-0.799079642857342,0.00689820601937739,-0.805977848876719,-0.396487209223437,0.99,0.01,0.99,,,0.01
"2026-06-16 20:49:54",BTCUSDT,-0.731854833285353,-0.743142754857464,0.00689820601937739,-0.750040960876841,0.221600712821635,0.99,0.01,0.99,,,0.01
"2026-06-16 20:49:54",BTCUSDT,-0.736581278809151,-0.742322570351425,0.00689820601937739,-0.749220776370802,0.246684729959341,0.99,0.01,0.99,,,0.01
"2026-06-16 20:49:54",BTCUSDT,-0.719122070045487,-0.739422507813182,0.00689820601937739,-0.74632071383256,0.293305854145465,0.99,0.01,0.99,,,0.01
"2026-06-16 20:49:53",BTCUSDT,-0.719152465434985,-0.752382492087003,0.00644447734784334,-0.758826969434847,0.072171832924901,0.99,0.01,0.99,,,0.01
"2026-06-16 20:49:53",BTCUSDT,-0.70051073421764,-0.745898522353333,0.00677884392048555,-0.752677366273819,0.160262330129283,0.99,0.01,0.99,,,0.01
"2026-06-16 20:49:53",BTCUSDT,-0.736752864183075,-0.744755315082051,0.0068385285562845,-0.751593843638335,0.188682224700911,0.99,0.01,0.99,,,0.01
"2026-06-16 20:49:52",BTCUSDT,-0.644931823322034,-0.766307781203636,0.00631903183493135,-0.772626813038567,-0.133301700736736,0.99,0.01,0.99,,,0.01
"2026-06-16 20:49:52",BTCUSDT,-0.717844580012575,-0.760249881054753,0.00631903183493135,-0.766568912889685,-0.0480027038372961,0.99,0.01,0.99,,,0.01
"2026-06-16 20:49:52",BTCUSDT,-0.735287942629347,-0.757129638751577,0.00631903183493135,-0.763448670586509,0.0039205702081907,0.99,0.01,0.99,,,0.01
"2026-06-16 20:49:51",BTCUSDT,-0.894867488146023,-0.74958959081517,0.00631903183493135,-0.755908622650101,-0.0185080607559776,0.99,0.01,0.99,,,0.01
"2026-06-16 20:49:51",BTCUSDT,-0.894902072705219,-0.767753651051426,0.00631903183493135,-0.774072682886358,-0.190444661526828,0.99,0.01,0.99,,,0.01
"2026-06-16 20:49:51",BTCUSDT,-0.894902072705219,-0.78364720375815,0.00631903183493135,-0.789966235593082,-0.343014190917857,0.99,0.01,0.99,,,0.01
"2026-06-16 20:49:50",BTCUSDT,-0.518748144854527,-0.735424118508388,0.00631903183493135,-0.74174315034332,0.0384752443826165,0.99,0.01,0.99,,,0.01
"2026-06-16 20:49:50",BTCUSDT,-0.604454838900623,-0.719052958557418,0.00631903183493135,-0.725371990392349,0.222203245448323,0.99,0.01,0.99,,,0.01
"2026-06-16 20:49:50",BTCUSDT,-0.607614911693788,-0.705123202699464,0.00631903183493135,-0.711442234534395,0.387246958287182,0.99,0.01,0.99,,,0.01
"2026-06-16 20:49:50",BTCUSDT,-0.89482242496128,-0.728835605482191,0.00631903183493135,-0.735154637317122,0.172198021824897,0.99,0.01,0.99,,,0.01
"2026-06-16 20:49:49",BTCUSDT,-0.958298507586815,-0.716367315724413,0.00631903183493135,-0.722686347559344,0.138926641384528,0.99,0.01,0.99,,,0.01
"2026-06-16 20:49:49",BTCUSDT,-0.92996691778008,-0.743067265981371,0.00631903183493135,-0.749386297816302,-0.0835261121306196,0.99,0.01,0.99,,,0.01
"2026-06-16 20:49:49",BTCUSDT,-0.929551770373352,-0.766377829030369,0.00631903183493135,-0.7726968608653,-0.278292780351876,0.99,0.01,0.99,,,0.01
"2026-06-16 20:49:48",BTCUSDT,-0.953577451576599,-0.597248804685561,0.00631903183493135,-0.603567836520492,1.1570395007919,0.99,0.01,0.99,,,0.01
"2026-06-16 20:49:48",BTCUSDT,-0.958024963411389,-0.642345824526289,0.00631903183493135,-0.64866485636122,0.76894490728027,0.99,0.01,0.99,,,0.01
"2026-06-16 20:49:48",BTCUSDT,-0.958024963411389,-0.681805716886927,0.00631903183493135,-0.688124748721858,0.432919719429782,0.99,0.01,0.99,,,0.01
"2026-06-16 20:49:47",BTCUSDT,-0.329327502154407,-0.571290544684747,0.00631903183493135,-0.577609576519678,1.41751102882863,0.99,0.01,0.99,,,0.01
"2026-06-16 20:49:47",BTCUSDT,-0.408131219347157,-0.550895629017548,0.00631903183493135,-0.557214660852479,1.58337420107966,0.99,0.01,0.99,,,0.01
"2026-06-16 20:49:47",BTCUSDT,-0.514488295057605,-0.546344712272555,0.00631903183493135,-0.552663744107486,1.60605478753313,0.99,0.01,0.99,,,0.01
"2026-06-16 20:49:46",BTCUSDT,-0.416943609081956,-0.682161147479554,0.00631903183493135,-0.688480179314486,0.425037533730021,0.99,0.01,0.99,,,0.01
"2026-06-16 20:49:46",BTCUSDT,-0.432602289757315,-0.650966290264274,0.00631903183493135,-0.657285322099206,0.711812980937177,0.99,0.01,0.99,,,0.01
"2026-06-16 20:49:46",BTCUSDT,-0.290089517091299,-0.605856693617652,0.00631903183493135,-0.612175725452584,1.11747376042781,0.99,0.01,0.99,,,0.01
"2026-06-16 20:49:45",BTCUSDT,-0.417400226818599,-0.810272833547723,0.00631903183493135,-0.816591865382654,-0.753408623167741,0.99,0.01,0.99,,,0.01
"2026-06-16 20:49:45",BTCUSDT,-0.417406445426718,-0.761164535032598,0.00631903183493135,-0.767483566867529,-0.305016227419085,0.99,0.01,0.99,,,0.01
"2026-06-16 20:49:45",BTCUSDT,-0.432243192776937,-0.72004936725064,0.00631903183493135,-0.726368399085571,0.0746189714096132,0.99,0.01,0.99,,,0.01
"2026-06-16 20:49:44",BTCUSDT,-0.879286289112909,-0.86428798527972,0.00631903183493135,-0.870607017114652,-1.29916597314892,0.99,0.01,0.99,,,0.01
"2026-06-16 20:49:44",BTCUSDT,-0.879288971567434,-0.866163108565685,0.00631903183493135,-0.872482140400616,-1.28842573316828,0.99,0.01,0.99,,,0.01
"2026-06-16 20:49:44",BTCUSDT,-0.868038173255277,-0.866397491651884,0.00631903183493135,-0.872716523486815,-1.26190377405353,0.99,0.01,0.99,,,0.01
"2026-06-16 20:49:43",BTCUSDT,-0.878823991140051,-0.856935521214221,0.00677301162896517,-0.863708532843186,-1.32018785056288,0.99,0.01,0.99,,,0.01
"2026-06-16 20:49:43",BTCUSDT,-0.878970146434982,-0.859689849366816,0.00631903183493135,-0.866008881201748,-1.3135086084483,0.99,0.01,0.99,,,0.01
"2026-06-16 20:49:43",BTCUSDT,-0.879334018003546,-0.862145370446408,0.00631903183493135,-0.868464402281339,-1.30768411012682,0.99,0.01,0.99,,,0.01
"2026-06-16 20:49:42",BTCUSDT,-0.876681212739887,-0.86525946619823,0.00631903183493135,-0.871578498033162,-1.47424984271121,0.99,0.01,0.99,,,0.01
"2026-06-16 20:49:42",BTCUSDT,-0.712508020004026,-0.846165535423955,0.00632473580638377,-0.852490271230339,-1.30140996542269,0.99,0.01,0.99,,,0.01
"2026-06-16 20:49:42",BTCUSDT,-0.878748299838564,-0.850238380975781,0.00632473580638377,-0.856563116782165,-1.31138920037138,0.99,0.01,0.99,,,0.01
"2026-06-16 20:49:42",BTCUSDT,-0.878800108682354,-0.853808596939103,0.00632473580638377,-0.860133332745487,-1.31729468583058,0.99,0.01,0.99,,,0.01
"2026-06-16 20:49:41",BTCUSDT,-0.87648157921011,-0.859696838246307,0.00631903183493135,-0.866015870081238,-1.50334564237756,0.99,0.01,0.99,,,0.01
"2026-06-16 20:49:41",BTCUSDT,-0.87648157921011,-0.861794930866782,0.00631903183493135,-0.868113962701714,-1.49665852512537,0.99,0.01,0.99,,,0.01
"2026-06-16 20:49:41",BTCUSDT,-0.876457788899331,-0.863627788120851,0.00631903183493135,-0.869946819955782,-1.48665027014669,0.99,0.01,0.99,,,0.01
"2026-06-16 20:49:40",BTCUSDT,-0.912380334252799,-0.854689865979354,0.00632017180601187,-0.861010037785366,-1.48960594348657,0.99,0.01,0.99,,,0.01
"2026-06-16 20:49:40",BTCUSDT,-0.86580509196845,-0.856079269227991,0.00632017180601187,-0.862399441034003,-1.5013704863404,0.99,0.01,0.99,,,0.01
"2026-06-16 20:49:40",BTCUSDT,-0.865837260273029,-0.857299018108621,0.00631979176995356,-0.863618809878575,-1.50146023129699,0.99,0.01,0.99,,,0.01
"2026-06-16 20:49:39",BTCUSDT,-0.850876227557551,-0.840482871834879,0.00632017180601187,-0.846803043640891,-1.41281523972921,0.99,0.01,0.99,,,0.01
"2026-06-16 20:49:39",BTCUSDT,-0.865998067114463,-0.843672271244827,0.00632017180601187,-0.849992443050839,-1.42457721028365,0.99,0.01,0.99,,,0.01
"2026-06-16 20:49:39",BTCUSDT,-0.865881065379969,-0.84644837051172,0.00632017180601187,-0.852768542317731,-1.43685431260146,0.99,0.01,0.99,,,0.01
"2026-06-16 20:49:38",BTCUSDT,-0.848348405160997,-0.835723064780358,0.00632017180601187,-0.84204323658637,-1.44185742723193,0.99,0.01,0.99,,,0.01
"2026-06-16 20:49:38",BTCUSDT,-0.848348405160997,-0.837301232327938,0.00632017180601187,-0.84362140413395,-1.42845520767299,0.99,0.01,0.99,,,0.01
"2026-06-16 20:49:38",BTCUSDT,-0.850876227557551,-0.83899810673164,0.00632017180601187,-0.845318278537652,-1.41788861358914,0.99,0.01,0.99,,,0.01
"2026-06-16 20:49:37",BTCUSDT,-0.848335561714135,-0.829506347688791,0.00632017180601187,-0.835826519494803,-1.48443847757747,0.99,0.01,0.99,,,0.01
"2026-06-16 20:49:37",BTCUSDT,-0.848335561714135,-0.831859999441959,0.00632017180601187,-0.838180171247971,-1.47016625291068,0.99,0.01,0.99,,,0.01
"2026-06-16 20:49:37",BTCUSDT,-0.848335561714135,-0.833919444725981,0.00632017180601187,-0.840239616531993,-1.45582062262592,0.99,0.01,0.99,,,0.01
"2026-06-16 20:49:36",BTCUSDT,-0.84826539860785,-0.820249370308827,0.00632017180601187,-0.826569542114839,-1.52543169436754,0.99,0.01,0.99,,,0.01
"2026-06-16 20:49:36",BTCUSDT,-0.84826895286694,-0.823751818128591,0.00632017180601187,-0.830071989934603,-1.51201577931619,0.99,0.01,0.99,,,0.01
"2026-06-16 20:49:36",BTCUSDT,-0.84826895286694,-0.826816459970885,0.00632017180601187,-0.833136631776897,-1.49826336069172,0.99,0.01,0.99,,,0.01
"2026-06-16 20:49:35",BTCUSDT,-0.845429244273175,-0.807318867632694,0.00632017180601187,-0.813639039438706,-1.56286805175367,0.99,0.01,0.99,,,0.01
"2026-06-16 20:49:35",BTCUSDT,-0.845426741508348,-0.81208235186715,0.00632017180601187,-0.818402523673162,-1.5511022695249,0.99,0.01,0.99,,,0.01
"2026-06-16 20:49:35",BTCUSDT,-0.84540018134454,-0.816247080551824,0.00632017180601187,-0.822567252357836,-1.53786239842334,0.99,0.01,0.99,,,0.01
"2026-06-16 20:49:34",BTCUSDT,-0.845340885169745,-0.780428025273081,0.00632017180601187,-0.786748197079092,-1.57813888333632,0.99,0.01,0.99,,,0.01
"2026-06-16 20:49:34",BTCUSDT,-0.845340885169745,-0.788542132760164,0.00632017180601187,-0.794862304566176,-1.58116685823284,0.99,0.01,0.99,,,0.01
"2026-06-16 20:49:34",BTCUSDT,-0.845427019597331,-0.79565274361481,0.00632017180601187,-0.801972915420822,-1.57892517484184,0.99,0.01,0.99,,,0.01
"2026-06-16 20:49:34",BTCUSDT,-0.845427019597331,-0.801874528112625,0.00632017180601187,-0.808194699918637,-1.57239846983771,0.99,0.01,0.99,,,0.01
"2026-06-16 20:49:33",BTCUSDT,-0.843827963641988,-0.748379881098834,0.00632017180601187,-0.754700052904846,-1.52427132541085,0.99,0.01,0.99,,,0.01
"2026-06-16 20:49:33",BTCUSDT,-0.845570403632622,-0.760528696415558,0.00632017180601187,-0.766848868221569,-1.55107992386795,0.99,0.01,0.99,,,0.01
"2026-06-16 20:49:33",BTCUSDT,-0.845537201679554,-0.771154759573557,0.00632017180601187,-0.777474931379569,-1.56860359349913,0.99,0.01,0.99,,,0.01
"2026-06-16 20:49:32",BTCUSDT,-0.993923842786714,-0.699631041076783,0.00632017180601187,-0.705951212882795,-1.36798629819122,0.99,0.01,0.99,,,0.01
"2026-06-16 20:49:32",BTCUSDT,-0.855871355025055,-0.719161080320317,0.00632017180601187,-0.725481252126329,-1.44052596243237,0.99,0.01,0.99,,,0.01
"2026-06-16 20:49:32",BTCUSDT,-0.843827963641988,-0.734744440735526,0.00632017180601187,-0.741064612541538,-1.4885312700783,0.99,0.01,0.99,,,0.01
"2026-06-16 20:49:31",BTCUSDT,-0.555307150011333,-0.643108836495612,0.00632017180601187,-0.649429008301624,-1.13695015511827,0.99,0.01,0.99,,,0.01
"2026-06-16 20:49:31",BTCUSDT,-0.704960436932314,-0.6508402865502,0.00632017180601187,-0.657160458356212,-1.15229287888835,0.99,0.01,0.99,,,0.01
"2026-06-16 20:49:31",BTCUSDT,-0.704831692237234,-0.657589212261079,0.00632017180601187,-0.663909384067091,-1.16143832214662,0.99,0.01,0.99,,,0.01
"2026-06-16 20:49:30",BTCUSDT,-0.704362274579784,-0.640712218524838,0.0763022941029433,-0.717014512627782,-1.63476213655019,0.99,0.01,0.99,,,0.01
"2026-06-16 20:49:30",BTCUSDT,-0.70444732251302,-0.648679106523361,0.00632017180601187,-0.654999278329373,-1.23190397690045,0.99,0.01,0.99,,,0.01
"2026-06-16 20:49:30",BTCUSDT,-0.704461730854829,-0.655651934564795,0.00632017180601187,-0.661972106370806,-1.24012181383856,0.99,0.01,0.99,,,0.01
"2026-06-16 20:49:29",BTCUSDT,-0.679329211913298,-0.609560901262172,0.0717185869359782,-0.68127948819815,-1.57111095483252,0.99,0.01,0.99,,,0.01
"2026-06-16 20:49:29",BTCUSDT,-0.703694288026507,-0.621327574607714,0.0759055394825021,-0.697233114090216,-1.61991031478045,0.99,0.01,0.99,,,0.01
"2026-06-16 20:49:29",BTCUSDT,-0.703661804739055,-0.631619353374132,0.0762804450441066,-0.707899798418238,-1.63283392844398,0.99,0.01,0.99,,,0.01
"2026-06-16 20:49:28",BTCUSDT,-0.650547090290161,-0.583971058512863,0.0728953665433978,-0.656866425056261,-1.54231803792241,0.99,0.01,0.99,,,0.01
"2026-06-16 20:49:28",BTCUSDT,-0.650547090290161,-0.592293062485026,0.0724998050010057,-0.664792867486031,-1.55359493289699,0.99,0.01,0.99,,,0.01
"2026-06-16 20:49:28",BTCUSDT,-0.650700560529483,-0.599593999740583,0.0630569471169796,-0.662650946857562,-1.49928401056388,0.99,0.01,0.99,,,0.01
"2026-06-16 20:49:27",BTCUSDT,-0.65069656399593,-0.573682179040164,0.0719642724130013,-0.645646451453165,-1.55663928169483,0.99,0.01,0.99,,,0.01
"2026-06-16 20:49:27",BTCUSDT,-0.650727709710497,-0.583312870373956,0.0722500523096237,-0.655562922683579,-1.598826402019,0.99,0.01,0.99,,,0.01
"2026-06-16 20:49:27",BTCUSDT,-0.512491482025449,-0.574460196830392,0.0724777910967339,-0.646937987927126,-1.5121402729251,0.99,0.01,0.99,,,0.01
"2026-06-16 20:49:26",BTCUSDT,-0.650730995633276,-0.53577331711875,0.0720820707381767,-0.607855387856927,-1.28287177610297,0.99,0.01,0.99,,,0.01
"2026-06-16 20:49:26",BTCUSDT,-0.650529310680241,-0.550117816313937,0.0662073783774845,-0.616325194691421,-1.36388455398762,0.99,0.01,0.99,,,0.01
"2026-06-16 20:49:26",BTCUSDT,-0.650616278174309,-0.562680124046483,0.0723093852780435,-0.634989509324527,-1.49588926628224,0.99,0.01,0.99,,,0.01
"2026-06-16 20:49:25",BTCUSDT,-0.512631377652849,-0.498851783006763,0.0688613777794251,-0.567713160786188,-0.910352337662975,0.99,0.01,0.99,,,0.01
"2026-06-16 20:49:25",BTCUSDT,-0.512659461687421,-0.500577742841845,0.0662073783774845,-0.566785121219329,-0.946466682753406,0.99,0.01,0.99,,,0.01
"2026-06-16 20:49:25",BTCUSDT,-0.650762133040488,-0.519350791616675,0.0721476909439367,-0.591498482560612,-1.14385957762292,0.99,0.01,0.99,,,0.01
"2026-06-16 20:49:24",BTCUSDT,-0.30891631756149,-0.469396673919703,0.0629597985989855,-0.532356472518689,-0.511083019846109,0.99,0.01,0.99,,,0.01
"2026-06-16 20:49:24",BTCUSDT,-0.650706097627698,-0.492060351883203,0.0628986264123415,-0.554958978295544,-0.683312719174588,0.99,0.01,0.99,,,0.01
"2026-06-16 20:49:24",BTCUSDT,-0.512645854799633,-0.494633539747756,0.0629377561007979,-0.557571295848554,-0.753261375201579,0.99,0.01,0.99,,,0.01
"2026-06-16 20:49:24",BTCUSDT,-0.512631377652849,-0.496883269485893,0.0629597985989855,-0.559843068084878,-0.816244865869333,0.99,0.01,0.99,,,0.01
"2026-06-16 20:49:23",BTCUSDT,-0.489390407765925,-0.524722391552949,0.0629597985989855,-0.587682190151934,-0.67220784733553,0.99,0.01,0.99,,,0.01
"2026-06-16 20:49:23",BTCUSDT,-0.513003558243015,-0.523257537389207,0.0630308080054386,-0.586288345394646,-0.705667059729715,0.99,0.01,0.99,,,0.01
"2026-06-16 20:49:23",BTCUSDT,-0.27577675118542,-0.492322439113734,0.0630700248044266,-0.55539246391816,-0.589754138254302,0.99,0.01,0.99,,,0.01
"2026-06-16 20:49:22",BTCUSDT,-0.512996322846637,-0.538758773724125,0.0629597985989855,-0.601718572323111,-0.632792514567021,0.99,0.01,0.99,,,0.01
"2026-06-16 20:49:22",BTCUSDT,-0.513003558243015,-0.535539371788986,0.0632291420492472,-0.598768513838234,-0.652535008557652,0.99,0.01,0.99,,,0.01
"2026-06-16 20:49:22",BTCUSDT,-0.489382939942998,-0.529769817808238,0.0629377561007979,-0.592707573909036,-0.659464633646668,0.99,0.01,0.99,,,0.01
"2026-06-16 20:49:21",BTCUSDT,-0.518905636850405,-0.557898062068366,0.0627173813887529,-0.620615443457118,-0.62890605828286,0.99,0.01,0.99,,,0.01
"2026-06-16 20:49:21",BTCUSDT,-0.518862026799349,-0.553018557659739,0.0629595781694783,-0.615978135829217,-0.636662399763045,0.99,0.01,0.99,,,0.01
"2026-06-16 20:49:21",BTCUSDT,-0.468383087177675,-0.542439123849481,0.0628275573212352,-0.605266681170716,-0.61826512255136,0.99,0.01,0.99,,,0.01
"2026-06-16 20:49:20",BTCUSDT,-0.651120842061624,-0.535897669990027,0.0630251472841182,-0.598922817274146,-0.466474561560588,0.99,0.01,0.99,,,0.01
"2026-06-16 20:49:20",BTCUSDT,-0.651120842061624,-0.550300566498977,0.0630700248044266,-0.613370591303404,-0.548647804468991,0.99,0.01,0.99,,,0.01
"2026-06-16 20:49:20",BTCUSDT,-0.655643302731755,-0.563468408528074,0.0628275573212352,-0.626295965849309,-0.627007871618558,0.99,0.01,0.99,,,0.01
"2026-06-16 20:49:19",BTCUSDT,-0.651120842061624,-0.479125902992652,0.0629859218043989,-0.542111824797051,-0.181087561947809,0.99,0.01,0.99,,,0.01
"2026-06-16 20:49:19",BTCUSDT,-0.651120842061624,-0.500625270376273,0.0631354946934843,-0.563760765069758,-0.284500259585798,0.99,0.01,0.99,,,0.01
"2026-06-16 20:49:19",BTCUSDT,-0.651120842061624,-0.519437216836942,0.0628927606261753,-0.582329977463117,-0.378036931833357,0.99,0.01,0.99,,,0.01
"2026-06-16 20:49:18",BTCUSDT,-0.518487967973252,-0.43604597535584,0.0631354946934843,-0.499181470049324,0.0339237943254021,0.99,0.01,0.99,,,0.01
"2026-06-16 20:49:18",BTCUSDT,-0.51503047793573,-0.445919038178326,0.062804521171719,-0.508723559350045,-0.0181282521992677,0.99,0.01,0.99,,,0.01
"2026-06-16 20:49:18",BTCUSDT,-0.515008312042678,-0.45455519741137,0.0630251472841182,-0.517580344695489,-0.0686237997252836,0.99,0.01,0.99,,,0.01
"2026-06-16 20:49:17",BTCUSDT,-0.460391682144461,-0.388076600239241,0.0675682549742323,-0.455644855213473,0.237212395005789,0.99,0.01,0.99,,,0.01
"2026-06-16 20:49:17",BTCUSDT,-0.616425774533838,-0.416620247026065,0.0674569855041044,-0.48407723253017,0.119242736825903,0.99,0.01,0.99,,,0.01
"2026-06-16 20:49:17",BTCUSDT,-0.477806653530077,-0.424268547839067,0.0628927606261753,-0.487161308465242,0.0941143406451455,0.99,0.01,0.99,,,0.01
"2026-06-16 20:49:16",BTCUSDT,-0.463157065795173,-0.352499421848471,0.066901132440501,-0.419400554288972,0.405453967757787,0.99,0.01,0.99,,,0.01
"2026-06-16 20:49:16",BTCUSDT,-0.460217618773526,-0.365964196464103,0.0675459992244862,-0.433510195688589,0.343008496842959,0.99,0.01,0.99,,,0.01
"2026-06-16 20:49:16",BTCUSDT,-0.460217618773526,-0.377745874252781,0.0674569855041044,-0.445202859756885,0.288349725586761,0.99,0.01,0.99,,,0.01
"2026-06-16 20:49:15",BTCUSDT,-0.608541140925362,-0.230906294224628,0.0713109276484822,-0.30221722187311,0.863539576364691,0.99,0.01,0.99,,,0.01
"2026-06-16 20:49:15",BTCUSDT,-0.605043051227397,-0.277673388849974,0.0670625683128498,-0.344735957162824,0.70266111414855,0.99,0.01,0.99,,,0.01
"2026-06-16 20:49:15",BTCUSDT,-0.605015321955423,-0.318591130488155,0.0668398148868402,-0.385430945374995,0.547188096280923,0.99,0.01,0.99,,,0.01
"2026-06-16 20:49:15",BTCUSDT,-0.463391582574452,-0.336691186998942,0.0669512912389302,-0.403642478237872,0.47266755062455,0.99,0.01,0.99,,,0.01
"2026-06-16 20:49:14",BTCUSDT,-0.224101705417957,-0.165036859657595,0.0668144652554527,-0.231851324913047,1.10477371900106,0.99,0.01,0.99,,,0.01
"2026-06-16 20:49:14",BTCUSDT,-0.215902350106964,-0.171395045963766,0.0671485036231581,-0.238543549586924,1.09812409530479,0.99,0.01,0.99,,,0.01
"2026-06-16 20:49:14",BTCUSDT,-0.215902350106964,-0.176958458981666,0.0672960302962054,-0.244254489277871,1.08028319945782,0.99,0.01,0.99,,,0.01
"2026-06-16 20:49:13",BTCUSDT,-0.205908012351698,-0.18936655775358,0.0669398141015872,-0.256306371855168,0.879174063662496,0.99,0.01,0.99,,,0.01
"2026-06-16 20:49:13",BTCUSDT,-0.0148372766665389,-0.1675503976177,0.0671345082869243,-0.234684905904624,1.01827810776344,0.99,0.01,0.99,,,0.01
"2026-06-16 20:49:13",BTCUSDT,-0.0799394130678703,-0.156599024548971,0.0670313571440627,-0.223630381693034,1.10460212172977,0.99,0.01,0.99,,,0.01
"2026-06-16 20:49:12",BTCUSDT,-0.205759235153597,-0.18126245336939,0.0673076602692256,-0.248570113638616,0.706087916922553,0.99,0.01,0.99,,,0.01
"2026-06-16 20:49:12",BTCUSDT,-0.205770098530687,-0.184325909014552,0.0667146501750099,-0.251040559189562,0.75963089418033,0.99,0.01,0.99,,,0.01
"2026-06-16 20:49:12",BTCUSDT,-0.205746579386071,-0.187003492810992,0.067073506354872,-0.254076999165864,0.814742294795841,0.99,0.01,0.99,,,0.01
"2026-06-16 20:49:11",BTCUSDT,-0.156149239981575,-0.174240474263382,0.0672105335504913,-0.241451007813873,0.556703993383342,0.99,0.01,0.99,,,0.01
"2026-06-16 20:49:11",BTCUSDT,-0.170424188456245,-0.17376343853749,0.0669382165127837,-0.240701655050274,0.61263396728944,0.99,0.01,0.99,,,0.01
"2026-06-16 20:49:11",BTCUSDT,-0.205759235153597,-0.177762913114503,0.0671743168170044,-0.244937229931508,0.657289820096641,0.99,0.01,0.99,,,0.01
"2026-06-16 20:49:10",BTCUSDT,-0.152265672050723,-0.17933382591223,0.0671883070361052,-0.246522132948335,0.391056386083501,0.99,0.01,0.99,,,0.01
"2026-06-16 20:49:10",BTCUSDT,-0.166669207510735,-0.177750748612043,0.0672854340465054,-0.245036182658548,0.444659492960515,0.99,0.01,0.99,,,0.01
"2026-06-16 20:49:10",BTCUSDT,-0.170344250144818,-0.17682493630364,0.0670852175165904,-0.24391015382023,0.498431642630167,0.99,0.01,0.99,,,0.01
"2026-06-16 20:49:09",BTCUSDT,-0.201063564038143,-0.188259219900001,0.0670630005573575,-0.255322220457358,0.251730610602472,0.99,0.01,0.99,,,0.01
"2026-06-16 20:49:09",BTCUSDT,-0.166670689674886,-0.185560653621861,0.0672105335504913,-0.252771187172353,0.293251987342137,0.99,0.01,0.99,,,0.01
"2026-06-16 20:49:09",BTCUSDT,-0.166681064929389,-0.183200705035302,0.0669604239429525,-0.250161128978255,0.338423867836988,0.99,0.01,0.99,,,0.01
"2026-06-16 20:49:08",BTCUSDT,-0.19786500594544,-0.18198833451789,0.0670771883499027,-0.249065522867793,0.168748065663945,0.99,0.01,0.99,,,0.01
"2026-06-16 20:49:08",BTCUSDT,-0.200932017902489,-0.184356294940965,0.0671883070361052,-0.25154460197707,0.193613039090927,0.99,0.01,0.99,,,0.01
"2026-06-16 20:49:08",BTCUSDT,-0.200946158455375,-0.186430027880266,0.0673076602692256,-0.253737688149492,0.22098744253424,0.99,0.01,0.99,,,0.01
"2026-06-16 20:49:07",BTCUSDT,-0.10388569511419,-0.196682527137246,0.0671463538501244,-0.26382888098737,0.0435920443836167,0.99,0.01,0.99,,,0.01
"2026-06-16 20:49:07",BTCUSDT,-0.119562373771727,-0.187042507966556,0.0674188052701075,-0.254461313236663,0.0818962528338197,0.99,0.01,0.99,,,0.01
"2026-06-16 20:49:07",BTCUSDT,-0.119541871702101,-0.178604928433499,0.0672656360563755,-0.245870564489874,0.120471330916379,0.99,0.01,0.99,,,0.01
"2026-06-16 20:49:07",BTCUSDT,-0.187527409762856,-0.179720238599669,0.0669660928012793,-0.246686331400948,0.145079089437144,0.99,0.01,0.99,,,0.01
"2026-06-16 20:49:06",BTCUSDT,-0.169564309616112,-0.237604117436135,0.0673074380024161,-0.304911555438551,-0.0838113127231708,0.99,0.01,0.99,,,0.01
"2026-06-16 20:49:06",BTCUSDT,-0.119572738676542,-0.222850195091186,0.0672105335504913,-0.290060728641677,-0.0409063844652086,0.99,0.01,0.99,,,0.01
"2026-06-16 20:49:06",BTCUSDT,-0.119562373771727,-0.209939217426253,0.0670994102359056,-0.277038627662159,0.0004862482148886,0.99,0.01,0.99,,,0.01
"2026-06-16 20:49:05",BTCUSDT,-0.172389512663785,-0.265589016455467,0.0669660928012793,-0.332555109256746,-0.18139381534642,0.99,0.01,0.99,,,0.01
"2026-06-16 20:49:05",BTCUSDT,-0.187735816328655,-0.255857366439615,0.0670353089061023,-0.322892675345717,-0.148911259141547,0.99,0.01,0.99,,,0.01
"2026-06-16 20:49:05",BTCUSDT,-0.187591154777516,-0.247324089981853,0.0673076602692256,-0.314631750251078,-0.117810981613195,0.99,0.01,0.99,,,0.01
"2026-06-16 20:49:04",BTCUSDT,-0.188550341594774,-0.306804055247961,0.0677628459939462,-0.374566901241907,-0.293465332257625,0.99,0.01,0.99,,,0.01
"2026-06-16 20:49:04",BTCUSDT,-0.187773725666517,-0.29192526405028,0.068158286120161,-0.360083550170441,-0.255998993637847,0.99,0.01,0.99,,,0.01
"2026-06-16 20:49:04",BTCUSDT,-0.187749001910836,-0.27890323128285,0.0681947618884819,-0.347097993171331,-0.220222641282708,0.99,0.01,0.99,,,0.01
"2026-06-16 20:49:03",BTCUSDT,-0.191783260449282,-0.36725063254874,0.0675483962762041,-0.434799028824944,-0.426692604503615,0.99,0.01,0.99,,,0.01
"2026-06-16 20:49:03",BTCUSDT,-0.173269681652196,-0.343003013686672,0.0675416440858023,-0.410544657772474,-0.377007114458444,0.99,0.01,0.99,,,0.01
"2026-06-16 20:49:03",BTCUSDT,-0.188558447494909,-0.323697442912702,0.0679096842447377,-0.391607127157439,-0.334148605681116,0.99,0.01,0.99,,,0.01
"2026-06-16 20:49:02",BTCUSDT,-0.191789139584627,-0.453707951191864,0.0673056008812809,-0.521013552073145,-0.593854181790309,0.99,0.01,0.99,,,0.01
"2026-06-16 20:49:02",BTCUSDT,-0.191765415351666,-0.420965134211839,0.0677552002938271,-0.488720334505667,-0.533335314167439,0.99,0.01,0.99,,,0.01
"2026-06-16 20:49:02",BTCUSDT,-0.191783260449282,-0.39231739999152,0.0677552002938271,-0.460072600285347,-0.477785891980542,0.99,0.01,0.99,,,0.01
"2026-06-16 20:49:01",BTCUSDT,-0.219305460487094,-0.582750070744093,0.0677552002938271,-0.65050527103792,-0.8207610906902,0.99,0.01,0.99,,,0.01
"2026-06-16 20:49:01",BTCUSDT,-0.191831901786306,-0.53388529962437,0.0674159487322005,-0.60130124835657,-0.736641064036131,0.99,0.01,0.99,,,0.01
"2026-06-16 20:49:01",BTCUSDT,-0.191802296858311,-0.491124924278612,0.0676587943402642,-0.558783718618877,-0.661910394541052,0.99,0.01,0.99,,,0.01
"2026-06-16 20:49:00",BTCUSDT,-0.487452237899838,-0.677349350350615,0.0698584985749303,-0.747207848925545,-1.01445642672999,0.99,0.01,0.99,,,0.01
"2026-06-16 20:49:00",BTCUSDT,-0.487452237899838,-0.653612211294268,0.0702258078349101,-0.723838019129178,-0.960232665261698,0.99,0.01,0.99,,,0.01
"2026-06-16 20:49:00",BTCUSDT,-0.50208035575801,-0.634670729352236,0.0679198660079496,-0.702590595360185,-0.909685376355725,0.99,0.01,0.99,,,0.01
"2026-06-16 20:48:59",BTCUSDT,-0.781734793614195,-0.815279140734742,0.0799230025263522,-0.895202143261094,-1.3181271291916,0.99,0.01,0.99,,,0.01
"2026-06-16 20:48:59",BTCUSDT,-0.477088579090667,-0.773005320529233,0.0702637036158217,-0.843269024145054,-1.2194928711465,0.99,0.01,0.99,,,0.01
"2026-06-16 20:48:59",BTCUSDT,-0.477088579090667,-0.736015727849412,0.070196863634715,-0.806212591484127,-1.14278127497811,0.99,0.01,0.99,,,0.01
"2026-06-16 20:48:59",BTCUSDT,-0.483709979231354,-0.704477509272155,0.0719692266961781,-0.776446735968333,-1.07746191082523,0.99,0.01,0.99,,,0.01
"2026-06-16 20:48:58",BTCUSDT,-0.821768709141463,-0.82323527636246,0.0793817295277822,-0.902617005890243,-1.43990857858131,0.99,0.01,0.99,,,0.01
"2026-06-16 20:48:58",BTCUSDT,-0.821958153119987,-0.823075635957151,0.076839584199312,-0.899915220156463,-1.39695091842745,0.99,0.01,0.99,,,0.01
"2026-06-16 20:48:58",BTCUSDT,-0.799040070887073,-0.820071190323391,0.0730471997922972,-0.893118390115689,-1.35098752288368,0.99,0.01,0.99,,,0.01
"2026-06-16 20:48:57",BTCUSDT,-0.821883962755162,-0.823978073844445,0.0820072134821549,-0.9059852873266,-1.57627250722369,0.99,0.01,0.99,,,0.01
"2026-06-16 20:48:57",BTCUSDT,-0.821738950252674,-0.823698183395474,0.0765875755067148,-0.900285758902188,-1.52238431551852,0.99,0.01,0.99,,,0.01
"2026-06-16 20:48:57",BTCUSDT,-0.821671003955364,-0.82344478596546,0.0799841714762177,-0.903428957441678,-1.48259279854506,0.99,0.01,0.99,,,0.01
"2026-06-16 20:48:56",BTCUSDT,-0.836147295696996,-0.822972247197036,0.0745891448726219,-0.897561392069658,-1.72261508211857,0.99,0.01,0.99,,,0.01
"2026-06-16 20:48:56",BTCUSDT,-0.836147295696996,-0.824619128259531,0.074588923535895,-0.899208051795426,-1.66924329115173,0.99,0.01,0.99,,,0.01
"2026-06-16 20:48:56",BTCUSDT,-0.821883962755162,-0.824277232571485,0.0819248488691539,-0.906202081440639,-1.62613321204237,0.99,0.01,0.99,,,0.01
"2026-06-16 20:48:55",BTCUSDT,-0.836928286341216,-0.816494698586468,0.0814944957534464,-0.897989194339915,-1.91567265925345,0.99,0.01,0.99,,,0.01
"2026-06-16 20:48:55",BTCUSDT,-0.836090907192459,-0.818944224662217,0.0789686930233283,-0.897912917685545,-1.84669319633917,0.99,0.01,0.99,,,0.01
"2026-06-16 20:48:55",BTCUSDT,-0.836111206655103,-0.821090097411328,0.0808756233391595,-0.901965720750487,-1.78831580580395,0.99,0.01,0.99,,,0.01
"2026-06-16 20:48:54",BTCUSDT,-0.836855044063661,-0.806421704869611,0.0698757763975155,-0.876297481267127,-2.12480026978694,0.99,0.01,0.99,,,0.01
"2026-06-16 20:48:54",BTCUSDT,-0.836964215205084,-0.810239518661545,0.0779067065495579,-0.888146225211103,-2.05597899657518,0.99,0.01,0.99,,,0.01
"2026-06-16 20:48:54",BTCUSDT,-0.836928286341216,-0.813575614621504,0.0799283588841294,-0.893503973505634,-1.9835321642939,0.99,0.01,0.99,,,0.01
"2026-06-16 20:48:53",BTCUSDT,-0.841455803856593,-0.791019224974018,0.0590497666165837,-0.850068991590602,-2.393590393163,0.99,0.01,0.99,,,0.01
"2026-06-16 20:48:53",BTCUSDT,-0.839465962441315,-0.79707506715743,0.0642079934051107,-0.861283060562541,-2.29849270130357,0.99,0.01,0.99,,,0.01
"2026-06-16 20:48:53",BTCUSDT,-0.837067209775967,-0.802074084984747,0.0669359901667657,-0.869010075151513,-2.20764985104905,0.99,0.01,0.99,,,0.01
"2026-06-16 20:48:52",BTCUSDT,-0.896268937414175,-0.737898049082226,0.0565076666796555,-0.794405715761882,-2.71668437411784,0.99,0.01,0.99,,,0.01
"2026-06-16 20:48:52",BTCUSDT,-0.989067594824663,-0.769294242300031,0.0597637689509186,-0.829058011250949,-2.62430256324441,0.99,0.01,0.99,,,0.01
"2026-06-16 20:48:52",BTCUSDT,-0.885452299254701,-0.783813999419364,0.0587045911594648,-0.842518590578829,-2.50686275373046,0.99,0.01,0.99,,,0.01
"2026-06-16 20:48:51",BTCUSDT,-0.989323108227136,-0.65781325621132,0.0574712363830841,-0.715284492594404,-3.15013225099944,0.99,0.01,0.99,,,0.01
"2026-06-16 20:48:51",BTCUSDT,-0.910597072148405,-0.689411233203456,0.0625010587247388,-0.751912291928194,-3.00344818550701,0.99,0.01,0.99,,,0.01
"2026-06-16 20:48:51",BTCUSDT,-0.89631045928282,-0.715273636463376,0.0586330317306741,-0.77390666819405,-2.85062518815683,0.99,0.01,0.99,,,0.01
"2026-06-16 20:48:50",BTCUSDT,-0.985072589888044,-0.425508959763494,0.0591271027023262,-0.48463606246582,-3.8056585160294,0.99,0.01,0.99,,,0.01
"2026-06-16 20:48:50",BTCUSDT,-0.985460719687241,-0.495502929753963,0.0572103102763064,-0.552713240030269,-3.62602470479627,0.99,0.01,0.99,,,0.01
"2026-06-16 20:48:50",BTCUSDT,-0.985334340752336,-0.556731856128759,0.0620223677965718,-0.618754223925331,-3.46926239519382,0.99,0.01,0.99,,,0.01
"2026-06-16 20:48:50",BTCUSDT,-0.986514654485454,-0.610454705923346,0.0621650900742841,-0.67261979599763,-3.30897138759926,0.99,0.01,0.99,,,0.01
"2026-06-16 20:48:49",BTCUSDT,-0.821698846409918,-0.199821911812641,0.0132019653983748,-0.213023877211016,-4.31016349385429,0.99,0.01,0.99,,,0.01
"2026-06-16 20:48:49",BTCUSDT,-0.821698846409918,-0.277556528637301,0.0566773376732007,-0.334233866310501,-4.22783345907887,0.99,0.01,0.99,,,0.01
"2026-06-16 20:48:49",BTCUSDT,-0.821674686075936,-0.34557129831713,0.058934163695305,-0.404505462012435,-3.98137068646986,0.99,0.01,0.99,,,0.01
"2026-06-16 20:48:48",BTCUSDT,-0.974367783235471,0.129075978092944,-0.0191414474872796,0.148217425580223,-4.0269144843186,0.99,0.01,0.99,,,0.01
"2026-06-16 20:48:48",BTCUSDT,-0.979120800515026,-0.00944861923305257,-0.0214017579574648,0.0119531387244123,-4.34587315034795,0.99,0.01,0.99,,,0.01
"2026-06-16 20:48:48",BTCUSDT,-0.821718463187157,-0.110982349727316,-0.0267337061577394,-0.0842486435695763,-4.2976033108453,0.99,0.01,0.99,,,0.01
"2026-06-16 20:48:47",BTCUSDT,0.17649776986343,0.417609729253466,-0.0074948317802296,0.425104561033695,-2.24509962447724,0.99,0.01,0.99,,,0.01
"2026-06-16 20:48:47",BTCUSDT,0.17649776986343,0.387470734329711,-0.0221030074705352,0.409573741800246,-2.48984726579673,0.99,0.01,0.99,,,0.01
"2026-06-16 20:48:47",BTCUSDT,-0.418608731189099,0.28671080113986,-0.0197066839543848,0.306417485094245,-3.23251718271889,0.99,0.01,0.99,,,0.01
"2026-06-16 20:48:46",BTCUSDT,0.176463957934721,0.536403218736466,-0.0175120565003436,0.553915275236809,-1.01462797820203,0.99,0.01,0.99,,,0.01
"2026-06-16 20:48:46",BTCUSDT,0.176533570766426,0.491419512740211,-0.0221166577735619,0.513536170513773,-1.35935129191471,0.99,0.01,0.99,,,0.01
"2026-06-16 20:48:46",BTCUSDT,0.17649776986343,0.452054294880613,-0.00944263329819501,0.461496928178808,-1.82944990324898,0.99,0.01,0.99,,,0.01
"2026-06-16 20:48:45",BTCUSDT,0.165844163826721,0.714922218104327,-0.0291206165894576,0.744042834693785,0.0784845052237784,0.99,0.01,0.99,,,0.01
"2026-06-16 20:48:45",BTCUSDT,0.168309061387709,0.64659557351475,-0.0228254169173425,0.669420990432092,-0.296753588286168,0.99,0.01,0.99,,,0.01
"2026-06-16 20:48:45",BTCUSDT,0.176415890490474,0.587823113136715,-0.0200168621869567,0.607839975323672,-0.651254280641524,0.99,0.01,0.99,,,0.01
"2026-06-16 20:48:44",BTCUSDT,0.755369001068673,0.80517346501627,-0.0233023935611866,0.828475858577457,0.500341848447394,0.99,0.01,0.99,,,0.01
"2026-06-16 20:48:44",BTCUSDT,0.755393710272234,0.798950995673265,-0.0393225360254555,0.838273531698721,0.520090715644678,0.99,0.01,0.99,,,0.01
"2026-06-16 20:48:44",BTCUSDT,0.754238551439021,0.793361940143985,-0.0372251167333234,0.830587056877308,0.470711848181236,0.99,0.01,0.99,,,0.01
"2026-06-16 20:48:43",BTCUSDT,0.827459332106448,0.814320601231329,-0.024976230439591,0.83929683167092,0.596111995741255,0.99,0.01,0.99,,,0.01
"2026-06-16 20:48:43",BTCUSDT,0.805752844970549,0.813249631698732,-0.0251811766625424,0.838430808361274,0.574568052437091,0.99,0.01,0.99,,,0.01
"2026-06-16 20:48:43",BTCUSDT,0.805559685607721,0.812288388437355,-0.0232328537086049,0.83552124214596,0.545486149268132,0.99,0.01,0.99,,,0.01
"2026-06-16 20:48:42",BTCUSDT,0.827303650719782,0.805106345070628,-0.0220488526354964,0.827155197706124,0.631762380412552,0.99,0.01,0.99,,,0.01
"2026-06-16 20:48:42",BTCUSDT,0.827243020520807,0.8078734295019,-0.0245911542576047,0.832464583759505,0.629933784053364,0.99,0.01,0.99,,,0.01
"2026-06-16 20:48:42",BTCUSDT,0.82726874065234,0.810297843395705,-0.0328551174716391,0.843152960867344,0.646421001203889,0.99,0.01,0.99,,,0.01
"2026-06-16 20:48:42",BTCUSDT,0.827464213651989,0.81244363967774,-0.0230333204567876,0.835476960134528,0.601558623777783,0.99,0.01,0.99,,,0.01
"2026-06-16 20:48:41",BTCUSDT,0.827632623388367,0.800322435878487,-0.0329459751321236,0.83326841101061,0.70981115937635,0.99,0.01,0.99,,,0.01
"2026-06-16 20:48:41",BTCUSDT,0.807210138940089,0.801183398761187,-0.0347401881032799,0.835923586864467,0.698479232360788,0.99,0.01,0.99,,,0.01
"2026-06-16 20:48:41",BTCUSDT,0.807198619923394,0.801935301406463,-0.0261507210298706,0.828086022436333,0.654066374132654,0.99,0.01,0.99,,,0.01
"2026-06-16 20:48:40",BTCUSDT,0.827594800123317,0.786870212800596,-0.0305755699714804,0.817445782772076,0.720293963844078,0.99,0.01,0.99,,,0.01
"2026-06-16 20:48:40",BTCUSDT,0.827627667746568,0.791964894668842,-0.0244886889122859,0.816453583581128,0.697566794675113,0.99,0.01,0.99,,,0.01
"2026-06-16 20:48:40",BTCUSDT,0.827613581477561,0.796420980519932,-0.032855325742318,0.82927630626225,0.717180966985092,0.99,0.01,0.99,,,0.01
"2026-06-16 20:48:39",BTCUSDT,0.806450547999472,0.773270454390996,-0.0178788544217791,0.791149308812775,0.703056033713837,0.99,0.01,0.99,,,0.01
"2026-06-16 20:48:39",BTCUSDT,0.806473484665724,0.777420833175337,-0.0379327555879358,0.815353588763273,0.754035118676216,0.99,0.01,0.99,,,0.01
"2026-06-16 20:48:39",BTCUSDT,0.806473484665724,0.781052414611636,-0.0364581188366848,0.81751053344832,0.740388376104256,0.99,0.01,0.99,,,0.01
"2026-06-16 20:48:38",BTCUSDT,0.737779324917706,0.756977708020892,-0.0337989611893422,0.790776669210235,0.76241404647838,0.99,0.01,0.99,,,0.01
"2026-06-16 20:48:38",BTCUSDT,0.806269368810074,0.76313916561954,-0.0378590033631816,0.800998168982722,0.771181205146112,0.99,0.01,0.99,,,0.01
"2026-06-16 20:48:38",BTCUSDT,0.806269368810074,0.768530441018357,-0.0257683035875098,0.794298744605867,0.731983111991068,0.99,0.01,0.99,,,0.01
"2026-06-16 20:48:37",BTCUSDT,0.68771070731227,0.781763000784384,-0.0157271563553109,0.797490157139695,0.840432647594601,0.99,0.01,0.99,,,0.01
"2026-06-16 20:48:37",BTCUSDT,0.687712709358204,0.770006714356111,-0.0263987543475811,0.796405468703692,0.817248262980349,0.99,0.01,0.99,,,0.01
"2026-06-16 20:48:37",BTCUSDT,0.687715672935145,0.75972033417849,-0.013787313207456,0.773507647385947,0.734051797031832,0.99,0.01,0.99,,,0.01
"2026-06-16 20:48:36",BTCUSDT,0.73404118762579,0.828125484002053,-0.026068800873455,0.854194284875508,1.05099043214668,0.99,0.01,0.99,,,0.01
"2026-06-16 20:48:36",BTCUSDT,0.686865974283473,0.810468045287231,-0.0241068752582793,0.83457492054551,0.979560122975982,0.99,0.01,0.99,,,0.01
"2026-06-16 20:48:36",BTCUSDT,0.688316024661158,0.795199042708972,-0.0137930714988241,0.808992114207796,0.891527578420159,0.99,0.01,0.99,,,0.01
"2026-06-16 20:48:35",BTCUSDT,0.684640761734579,0.888352543843073,-0.0238053110806703,0.912157854923744,1.25169771584634,0.99,0.01,0.99,,,0.01
"2026-06-16 20:48:35",BTCUSDT,0.689511218117947,0.863497378127433,-0.0140909448780054,0.877588323005438,1.14671409391471,0.99,0.01,0.99,,,0.01
"2026-06-16 20:48:35",BTCUSDT,0.688047135268696,0.841566097770091,-0.0243103448626673,0.865876442632758,1.09971072475191,0.99,0.01,0.99,,,0.01
"2026-06-16 20:48:34",BTCUSDT,0.994183367007044,0.939270088762364,-0.0244396043414611,0.963709693103825,1.4854315550701,0.99,0.01,0.99,,,0.01
"2026-06-16 20:48:34",BTCUSDT,0.873462293796203,0.931044114391594,-0.0366939911209642,0.967738105512558,1.46427778913981,0.99,0.01,0.99,,,0.01
"2026-06-16 20:48:34",BTCUSDT,0.872996975385364,0.923788222015815,-0.0345862374796252,0.95837445949544,1.41346945636542,0.99,0.01,0.99,,,0.01
"2026-06-16 20:48:34",BTCUSDT,0.873116261900734,0.91745422700143,-0.0345101632628084,0.951964390264238,1.37136823558628,0.99,0.01,0.99,,,0.01
"2026-06-16 20:48:33",BTCUSDT,0.994032829896945,0.912280075036472,-0.0346278166378029,0.946907891674275,1.54458242277054,0.99,0.01,0.99,,,0.01
"2026-06-16 20:48:33",BTCUSDT,0.994032829896945,0.922499169394031,-0.0364041981442986,0.95890336753833,1.5383429540068,0.99,0.01,0.99,,,0.01
"2026-06-16 20:48:33",BTCUSDT,0.993908492061059,0.93142533472741,-0.0240420055202621,0.955467340247672,1.49786563651288,0.99,0.01,0.99,,,0.01
"2026-06-16 20:48:32",BTCUSDT,0.99464567080898,0.87476556448107,-0.0218222947989763,0.896587859280046,1.54439543260797,0.99,0.01,0.99,,,0.01
"2026-06-16 20:48:32",BTCUSDT,0.994632625774955,0.889748947142805,-0.0263675125868658,0.916116459729671,1.54865100101144,0.99,0.01,0.99,,,0.01
"2026-06-16 20:48:32",BTCUSDT,0.976566250451601,0.900601110056405,-0.0239354682794828,0.924536578335888,1.52865897153553,0.99,0.01,0.99,,,0.01
"2026-06-16 20:48:31",BTCUSDT,0.989908064215046,0.816362690564556,-0.00967424425209767,0.826036934816654,1.50461320390924,0.99,0.01,0.99,,,0.01
"2026-06-16 20:48:31",BTCUSDT,0.989956167340959,0.838061875161606,-0.0142434124593867,0.852305287620993,1.52534265697367,0.99,0.01,0.99,,,0.01
"2026-06-16 20:48:31",BTCUSDT,0.994685553913986,0.857639835005654,-0.0343858520745988,0.892025687080253,1.57522900163329,0.99,0.01,0.99,,,0.01
"2026-06-16 20:48:30",BTCUSDT,0.781392697077036,0.760693562374801,-0.0199052444825673,0.780598806857368,1.51651170088413,0.99,0.01,0.99,,,0.01
"2026-06-16 20:48:30",BTCUSDT,0.781392697077036,0.76328095421258,-0.0246231904477342,0.787904144660314,1.49442037489566,0.99,0.01,0.99,,,0.01
"2026-06-16 20:48:30",BTCUSDT,0.989597275142115,0.791570494328772,-0.0123299224468764,0.803900416775648,1.49260677290053,0.99,0.01,0.99,,,0.01
"2026-06-16 20:48:29",BTCUSDT,0.776127953977028,0.751221130378766,-0.0127223756751441,0.76394350605391,1.60389402482445,0.99,0.01,0.99,,,0.01
"2026-06-16 20:48:29",BTCUSDT,0.776351816302713,0.75436246611926,-0.0193130065736438,0.773675472692903,1.58293109997871,0.99,0.01,0.99,,,0.01
"2026-06-16 20:48:29",BTCUSDT,0.781355082218175,0.757736543131624,-0.0213749273220248,0.779111470453649,1.55332424640939,0.99,0.01,0.99,,,0.01
"2026-06-16 20:48:28",BTCUSDT,0.775553999174327,0.739142160876667,-0.0240172308788995,0.763159391755566,1.7482265056137,0.99,0.01,0.99,,,0.01
"2026-06-16 20:48:28",BTCUSDT,0.775497795416207,0.743686615194109,-0.0118870313436835,0.755573646537793,1.67894912085737,0.99,0.01,0.99,,,0.01
"2026-06-16 20:48:28",BTCUSDT,0.775497795416207,0.747663012721872,-0.0219572042147146,0.769620216936586,1.66335921462338,0.99,0.01,0.99,,,0.01
"2026-06-16 20:48:27",BTCUSDT,0.770254034542822,0.721969095038156,-0.0120310595639082,0.734000154602064,1.84412367589586,0.99,0.01,0.99,,,0.01
"2026-06-16 20:48:27",BTCUSDT,0.770254034542822,0.728004712476239,-0.0112935542431987,0.739298266719438,1.80132967238276,0.99,0.01,0.99,,,0.01
"2026-06-16 20:48:27",BTCUSDT,0.775490770196624,0.733940469691287,-0.0220688999930756,0.756009369684363,1.78593191968008,0.99,0.01,0.99,,,0.01
"2026-06-16 20:48:26",BTCUSDT,0.770300473769537,0.687859178309454,-0.0208075385647429,0.708666716874197,2.03118844411332,0.99,0.01,0.99,,,0.01
"2026-06-16 20:48:26",BTCUSDT,0.770300473769537,0.698164340241964,-0.0248367349688769,0.723001075210841,2.00110791803526,0.99,0.01,0.99,,,0.01
"2026-06-16 20:48:26",BTCUSDT,0.770300473769537,0.707181356932911,-0.0226211005231882,0.729802457456099,1.95354741432711,0.99,0.01,0.99,,,0.01
"2026-06-16 20:48:26",BTCUSDT,0.770300473769537,0.715071246537489,-0.0126065075099013,0.72767775404739,1.88682040743066,0.99,0.01,0.99,,,0.01
"2026-06-16 20:48:25",BTCUSDT,0.719668334989794,0.654552737939973,-0.0203923277359812,0.674945065675954,2.16254689301512,0.99,0.01,0.99,,,0.01
"2026-06-16 20:48:25",BTCUSDT,0.719668334989794,0.662692187571201,-0.0242374483793228,0.686929635950524,2.11497405589174,0.99,0.01,0.99,,,0.01
"2026-06-16 20:48:25",BTCUSDT,0.769809490094272,0.676081850386585,-0.0218846022803181,0.697966452666903,2.07101160357371,0.99,0.01,0.99,,,0.01
"2026-06-16 20:48:24",BTCUSDT,0.770342641138133,0.615249013687837,-0.0195697553741178,0.634818769061955,2.33787717230888,0.99,0.01,0.99,,,0.01
"2026-06-16 20:48:24",BTCUSDT,0.770219368884342,0.634620308087401,-0.0237303896951542,0.658350697782555,2.29823285263049,0.99,0.01,0.99,,,0.01
"2026-06-16 20:48:24",BTCUSDT,0.719661921708185,0.645250509789999,-0.0117995946333905,0.657050104423389,2.20010711071408,0.99,0.01,0.99,,,0.01
"2026-06-16 20:48:23",BTCUSDT,0.84126893924326,0.5172489466214,-0.012150868127446,0.529399814748846,2.37508695862387,0.99,0.01,0.99,,,0.01
"2026-06-16 20:48:23",BTCUSDT,0.841028310120368,0.557721367058771,-0.0166637473132674,0.574385114372039,2.39463157235881,0.99,0.01,0.99,,,0.01
"2026-06-16 20:48:23",BTCUSDT,0.840692680148106,0.593092781194938,-0.024470792734338,0.617563573929276,2.40242907408518,0.99,0.01,0.99,,,0.01
"2026-06-16 20:48:22",BTCUSDT,0.840959499786841,0.357679718097022,0.0666647537180155,0.291014964379006,1.88224893785456,0.99,0.01,0.99,,,0.01
"2026-06-16 20:48:22",BTCUSDT,0.841004945148639,0.418095371478474,0.0171565718705626,0.400938799607911,2.17700771745867,0.99,0.01,0.99,,,0.01
"2026-06-16 20:48:22",BTCUSDT,0.841015409625474,0.470960376246849,-0.0127738244052553,0.483734200652104,2.34541696737584,0.99,0.01,0.99,,,0.01
"2026-06-16 20:48:21",BTCUSDT,0.245332070240096,0.149112460443498,0.0718140219022167,0.0772984385412808,1.25297990670147,0.99,0.01,0.99,,,0.01
"2026-06-16 20:48:21",BTCUSDT,0.484174170220093,0.190995174165572,0.0691629976342263,0.121832176531346,1.38273187945829,0.99,0.01,0.99,,,0.01
"2026-06-16 20:48:21",BTCUSDT,0.972151775114521,0.288639749284191,0.0712483398400218,0.217391409444169,1.68351553929473,0.99,0.01,0.99,,,0.01
"2026-06-16 20:48:20",BTCUSDT,0.121475766633825,0.137164149089463,0.0652634510513821,0.0719006980380805,1.33011731731335,0.99,0.01,0.99,,,0.01
"2026-06-16 20:48:20",BTCUSDT,0.120845792317027,0.135124354492908,0.0700557336291083,0.0650686208637999,1.27062788612863,0.99,0.01,0.99,,,0.01
"2026-06-16 20:48:20",BTCUSDT,0.137063933758653,0.135366801901126,0.0698950541794583,0.0654717477216681,1.24039095849052,0.99,0.01,0.99,,,0.01
"2026-06-16 20:48:19",BTCUSDT,0.119022003803401,0.139963754294663,0.066460035453088,0.0735037188415747,1.44828082507485,0.99,0.01,0.99,,,0.01
"2026-06-16 20:48:19",BTCUSDT,0.137567362550281,0.139664205326615,0.0652861657846611,0.0743780395419538,1.412636823165,0.99,0.01,0.99,,,0.01
"2026-06-16 20:48:19",BTCUSDT,0.137593335378697,0.139405346583125,0.0669182653393793,0.0724870812437458,1.36796479892612,0.99,0.01,0.99,,,0.01
"2026-06-16 20:48:18",BTCUSDT,0.131513879169582,0.150040188676593,0.0629294391714805,0.0871107495051128,1.63690067954942,0.99,0.01,0.99,,,0.01
"2026-06-16 20:48:18",BTCUSDT,0.120693319828703,0.146371830070607,0.0648411040412625,0.0815307260293445,1.56608613674987,0.99,0.01,0.99,,,0.01
"2026-06-16 20:48:18",BTCUSDT,0.119040652995922,0.142955432936271,0.0650625870076962,0.0778928459285753,1.5070102069537,0.99,0.01,0.99,,,0.01
"2026-06-16 20:48:17",BTCUSDT,0.126228014907089,0.179606085270226,0.064705899501775,0.114900185768451,1.9785561204527,0.99,0.01,0.99,,,0.01
"2026-06-16 20:48:17",BTCUSDT,0.0643369752248786,0.165197446514558,0.063228894648491,0.101968551866066,1.86376071627214,0.99,0.01,0.99,,,0.01
"2026-06-16 20:48:17",BTCUSDT,0.107902458914932,0.158035573064604,0.0646286857105855,0.0934068873540188,1.7701216955987,0.99,0.01,0.99,,,0.01
"2026-06-16 20:48:17",BTCUSDT,0.115245423111386,0.152686804320452,0.0665794165734279,0.0861073877470241,1.68485506748979,0.99,0.01,0.99,,,0.01
"2026-06-16 20:48:16",BTCUSDT,0.250086946559576,0.187655807713635,0.0575325192281483,0.130123288485487,2.1280363363729,0.99,0.01,0.99,,,0.01
"2026-06-16 20:48:16",BTCUSDT,0.253886010362694,0.195934583044767,0.0578682099278858,0.138066373116881,2.16925720201565,0.99,0.01,0.99,,,0.01
"2026-06-16 20:48:16",BTCUSDT,0.126310109834878,0.187231523893531,0.0596153715463485,0.127616152347183,2.08771104386447,0.99,0.01,0.99,,,0.01
"2026-06-16 20:48:15",BTCUSDT,0.26537334845455,0.154636997388049,0.059045392735724,0.0955916046523249,1.80730702474222,0.99,0.01,0.99,,,0.01
"2026-06-16 20:48:15",BTCUSDT,0.265460287054495,0.168489908596355,0.0570550269065139,0.111434881689841,1.95808981155377,0.99,0.01,0.99,,,0.01
"2026-06-16 20:48:15",BTCUSDT,0.250467228567807,0.178737073592786,0.0575079915518572,0.121229082040929,2.05849725380937,0.99,0.01,0.99,,,0.01
"2026-06-16 20:48:14",BTCUSDT,0.221096028272066,0.112901057343309,0.0587476921025707,0.0541533652407385,1.37283751796112,0.99,0.01,0.99,,,0.01
"2026-06-16 20:48:14",BTCUSDT,0.22355147501855,0.126732359552714,0.0567374080829656,0.0699949514697487,1.5103256970209,0.99,0.01,0.99,,,0.01
"2026-06-16 20:48:14",BTCUSDT,0.223413632445103,0.138817518664263,0.0585762868333345,0.0802412318309284,1.64000423097695,0.99,0.01,0.99,,,0.01
"2026-06-16 20:48:13",BTCUSDT,0.216735417281384,0.0595428487891828,0.0586136322587562,0.000929216530426602,0.998388404511764,0.99,0.01,0.99,,,0.01
"2026-06-16 20:48:13",BTCUSDT,0.221306363973681,0.0797632881872451,0.0547078406398552,0.0250554475473899,1.13471228662136,0.99,0.01,0.99,,,0.01
"2026-06-16 20:48:13",BTCUSDT,0.221214046088607,0.0974446329249153,0.0569143649109156,0.0405302680139997,1.2516556948513,0.99,0.01,0.99,,,0.01
"2026-06-16 20:48:12",BTCUSDT,0.2169313202859,0.0114596325011899,0.0586567439631358,-0.0471971114619459,0.754304819533607,0.99,0.01,0.99,,,0.01
"2026-06-16 20:48:12",BTCUSDT,0.216476713099761,0.0370867675760112,0.0548103514001395,-0.0177235838241283,0.89028738809674,0.99,0.01,0.99,,,0.01
"2026-06-16 20:48:11",BTCUSDT,0.214381230482532,-0.0891956541049025,0.0603749956947977,-0.1495706497997,0.341188483140477,0.99,0.01,0.99,,,0.01
"2026-06-16 20:48:11",BTCUSDT,0.214381230482532,-0.0512485435314732,0.0587816296859558,-0.110030173217429,0.489593773428622,0.99,0.01,0.99,,,0.01
"2026-06-16 20:48:11",BTCUSDT,0.215592078690162,-0.0178934657537687,0.0569033502897624,-0.0747968160435311,0.631448231325535,0.99,0.01,0.99,,,0.01
"2026-06-16 20:48:10",BTCUSDT,0.232342665993686,-0.269524002357892,0.063817055824568,-0.33334105818246,-0.261836455589762,0.99,0.01,0.99,,,0.01
"2026-06-16 20:48:10",BTCUSDT,0.3815111067745,-0.188144613716343,0.0568717052918493,-0.245016319008192,0.0111889698491157,0.99,0.01,0.99,,,0.01
"2026-06-16 20:48:10",BTCUSDT,0.25650205221811,-0.132563780474536,0.0591925544786554,-0.191756334953191,0.189827348941213,0.99,0.01,0.99,,,0.01
"2026-06-16 20:48:09",BTCUSDT,-0.341099347460509,-0.332290705871487,0.0617116750705534,-0.394002380942041,-0.489774723322908,0.99,0.01,0.99,,,0.01
"2026-06-16 20:48:09",BTCUSDT,-0.365146449425504,-0.336397673815739,0.0618194135720663,-0.398217087387806,-0.482072530092602,0.99,0.01,0.99,,,0.01
"2026-06-16 20:48:09",BTCUSDT,-0.374970208840475,-0.341219240693831,0.0616963669828944,-0.402915607676726,-0.475760180831357,0.99,0.01,0.99,,,0.01
"2026-06-16 20:48:08",BTCUSDT,-0.254879855824374,-0.341917114316073,0.065713659922738,-0.407630774238811,-0.563456901205681,0.99,0.01,0.99,,,0.01
"2026-06-16 20:48:08",BTCUSDT,-0.254838827800504,-0.331032328501627,0.0638576029986389,-0.394889931500266,-0.511140319078982,0.99,0.01,0.99,,,0.01
"2026-06-16 20:48:07",BTCUSDT,-0.259086250989027,-0.384807959287264,0.0676033839182383,-0.452411343205502,-0.735169584731535,0.99,0.01,0.99,,,0.01
"2026-06-16 20:48:07",BTCUSDT,-0.254861803163343,-0.368564689771774,0.0636090731306287,-0.432173762902403,-0.664591918821453,0.99,0.01,0.99,,,0.01
"2026-06-16 20:48:07",BTCUSDT,-0.254855238688111,-0.354351008386316,0.0635436987671032,-0.417894707153419,-0.609001550741012,0.99,0.01,0.99,,,0.01
"2026-06-16 20:48:06",BTCUSDT,-0.406607580205694,-0.357992798862249,0.0261550696841333,-0.384147868546383,-0.629311427154088,0.99,0.01,0.99,,,0.01
"2026-06-16 20:48:06",BTCUSDT,-0.631725165090009,-0.392209344640719,0.0660531663967483,-0.458262511037468,-0.79119975455258,0.99,0.01,0.99,,,0.01
"2026-06-16 20:48:06",BTCUSDT,-0.476680214153918,-0.402768203329869,0.0661117157339732,-0.468879919063842,-0.796560453632485,0.99,0.01,0.99,,,0.01
"2026-06-16 20:48:05",BTCUSDT,-0.311531780492038,-0.360567037838038,0.0263516814731728,-0.386918719311211,-0.69304208160225,0.99,0.01,0.99,,,0.01
"2026-06-16 20:48:05",BTCUSDT,-0.319951751484385,-0.355490127043831,0.0279449807868324,-0.383435107830664,-0.665396943015661,0.99,0.01,0.99,,,0.01
"2026-06-16 20:48:05",BTCUSDT,-0.319951751484385,-0.3510478300989,0.0279651497596958,-0.379012979858596,-0.635700951374442,0.99,0.01,0.99,,,0.01
"2026-06-16 20:48:04",BTCUSDT,-0.257703406609613,-0.39880604708153,0.0253534665601397,-0.42415951364167,-0.842524466046305,0.99,0.01,0.99,,,0.01
"2026-06-16 20:48:04",BTCUSDT,-0.257649854931734,-0.381161523062806,0.0274410135578363,-0.408602536620642,-0.784624363348487,0.99,0.01,0.99,,,0.01
"2026-06-16 20:48:04",BTCUSDT,-0.272445935374375,-0.367572074601752,0.0293387916282228,-0.396910866229975,-0.736569981491501,0.99,0.01,0.99,,,0.01
"2026-06-16 20:48:03",BTCUSDT,-0.420209285187915,-0.438883971616848,0.0256810283457026,-0.46456499996255,-1.00842501344914,0.99,0.01,0.99,,,0.01
"2026-06-16 20:48:03",BTCUSDT,-0.420303483650353,-0.436561410621036,0.027490414059835,-0.464051824680871,-0.982391697031476,0.99,0.01,0.99,,,0.01
"2026-06-16 20:48:03",BTCUSDT,-0.295778662844327,-0.418963567148947,0.0291536640350869,-0.448117231184034,-0.921231787890381,0.99,0.01,0.99,,,0.01
"2026-06-16 20:48:02",BTCUSDT,-0.421344950756716,-0.443068449280727,0.0258729277583309,-0.468941377039057,-1.09837372490016,0.99,0.01,0.99,,,0.01
"2026-06-16 20:48:02",BTCUSDT,-0.455326553918103,-0.444600712360399,0.0280431250017955,-0.472643837362194,-1.07965833402344,0.99,0.01,0.99,,,0.01
"2026-06-16 20:48:02",BTCUSDT,-0.420209285187915,-0.441551783963838,0.0300122415864179,-0.471564025550256,-1.05046978602367,0.99,0.01,0.99,,,0.01
"2026-06-16 20:48:01",BTCUSDT,-0.207701232816784,-0.478837604192312,0.0267383760678024,-0.505575980260114,-1.273809218686,0.99,0.01,0.99,,,0.01
"2026-06-16 20:48:01",BTCUSDT,-0.245973403388831,-0.449729579091877,0.0278516115379202,-0.477581190629797,-1.17644334382757,0.99,0.01,0.99,,,0.01
"2026-06-16 20:48:01",BTCUSDT,-0.421267396058688,-0.446171806212728,0.0298279571742499,-0.475999763386978,-1.14318565766103,0.99,0.01,0.99,,,0.01
"2026-06-16 20:48:00",BTCUSDT,-0.392897682314111,-0.555724359307568,0.0352205365452898,-0.590944895852858,-1.59984738595303,0.99,0.01,0.99,,,0.01
"2026-06-16 20:48:00",BTCUSDT,-0.392897682314111,-0.535371024683386,0.0368380106482527,-0.572209035331639,-1.50900592000737,0.99,0.01,0.99,,,0.01
"2026-06-16 20:48:00",BTCUSDT,-0.392973799469682,-0.517571371531673,0.0390066686479792,-0.556578040179652,-1.43022333360882,0.99,0.01,0.99,,,0.01
"2026-06-16 20:47:59",BTCUSDT,-0.806276541182254,-0.625530408095732,0.0387900692596163,-0.664320477355348,-2.04017297884423,0.99,0.01,0.99,,,0.01
"2026-06-16 20:47:59",BTCUSDT,-0.786132844055257,-0.645605712590672,0.0353821140046247,-0.680987826595297,-2.00221275577691,0.99,0.01,0.99,,,0.01
"2026-06-16 20:47:59",BTCUSDT,-0.350710035410506,-0.608743752943152,0.0370955586651688,-0.64583931160832,-1.84487244362458,0.99,0.01,0.99,,,0.01
"2026-06-16 20:47:59",BTCUSDT,-0.370676234708149,-0.578985313163776,0.0387682777592078,-0.617753590922984,-1.71643176940015,0.99,0.01,0.99,,,0.01
"2026-06-16 20:47:58",BTCUSDT,-0.865988976430409,-0.533742176828184,0.0330104151253519,-0.566752591953536,-2.03187786397927,0.99,0.01,0.99,,,0.01
"2026-06-16 20:47:58",BTCUSDT,-0.850462778226552,-0.57333225200298,0.035194040321117,-0.608526292324097,-2.06129815807071,0.99,0.01,0.99,,,0.01
"2026-06-16 20:47:58",BTCUSDT,-0.784350491503253,-0.599709531940514,0.0367703869604486,-0.636479918900963,-2.05107190824563,0.99,0.01,0.99,,,0.01
"2026-06-16 20:47:57",BTCUSDT,-0.366858323265769,-0.353793270599459,0.0205671591167135,-0.374360429716172,-1.69817618641451,0.99,0.01,0.99,,,0.01
"2026-06-16 20:47:57",BTCUSDT,-0.980385774174325,-0.432117333546317,0.0206462869327773,-0.452763620479094,-1.86428352120098,0.99,0.01,0.99,,,0.01
"2026-06-16 20:47:57",BTCUSDT,-0.865405451684425,-0.48627834831358,0.0307892439724826,-0.517067592286063,-1.97408598888449,0.99,0.01,0.99,,,0.01
"2026-06-16 20:47:56",BTCUSDT,-0.354926821855619,-0.351495464247898,0.0207587863480928,-0.372254250595991,-1.80835140839717,0.99,0.01,0.99,,,0.01
"2026-06-16 20:47:56",BTCUSDT,-0.354946426298884,-0.351926834504271,0.0188040588609728,-0.370730893365244,-1.74397949929548,0.99,0.01,0.99,,,0.01
"2026-06-16 20:47:55",BTCUSDT,-0.367733753578456,-0.349168057898948,0.0168870584593436,-0.366055116358292,-1.99844329689416,0.99,0.01,0.99,,,0.01
"2026-06-16 20:47:55",BTCUSDT,-0.345574973625063,-0.348718922364713,0.0188040588609728,-0.367522981225685,-1.92763153413128,0.99,0.01,0.99,,,0.01
"2026-06-16 20:47:55",BTCUSDT,-0.367009705878515,-0.351005270303938,0.0151948448214349,-0.366200115125373,-1.8540967317351,0.99,0.01,0.99,,,0.01
"2026-06-16 20:47:54",BTCUSDT,-0.360363452202288,-0.345941590462078,0.0173170444459126,-0.363258634907991,-2.25425485520345,0.99,0.01,0.99,,,0.01
"2026-06-16 20:47:54",BTCUSDT,-0.360363452202288,-0.347744323179604,0.0153120129391319,-0.363056336118736,-2.15728241825885,0.99,0.01,0.99,,,0.01
"2026-06-16 20:47:54",BTCUSDT,-0.337916263014918,-0.346515815659018,0.0151192368379707,-0.361635052496989,-2.06511752990957,0.99,0.01,0.99,,,0.01
"2026-06-16 20:47:53",BTCUSDT,-0.363516783979013,-0.338758904900935,0.018513942665727,-0.357272847566662,-2.58879169527693,0.99,0.01,0.99,,,0.01
"2026-06-16 20:47:53",BTCUSDT,-0.360901544312016,-0.34152673482732,0.0149367678936929,-0.356463502721013,-2.45410688522268,0.99,0.01,0.99,,,0.01
"2026-06-16 20:47:53",BTCUSDT,-0.360363452202288,-0.343881324499191,0.0149367678936929,-0.358818092392884,-2.34467755646441,0.99,0.01,0.99,,,0.01
"2026-06-16 20:47:52",BTCUSDT,-0.335638835274904,-0.329540800328823,0.0167936448100973,-0.34633444513892,-3.06128715914261,0.99,0.01,0.99,,,0.01
"2026-06-16 20:47:52",BTCUSDT,-0.353530387307924,-0.332539498701211,0.017047197226821,-0.349586695928032,-2.87800974481754,0.99,0.01,0.99,,,0.01
"2026-06-16 20:47:52",BTCUSDT,-0.354000029352628,-0.335222065032638,0.0185295987079415,-0.353751663740579,-2.72424021675971,0.99,0.01,0.99,,,0.01
"2026-06-16 20:47:51",BTCUSDT,-0.67704279458777,-0.343383106411039,0.0169752522726773,-0.360358358683716,-4.04242740721883,0.99,0.01,0.99,,,0.01
"2026-06-16 20:47:51",BTCUSDT,-0.214129370122454,-0.327226389374966,0.0186714387892203,-0.345897828164186,-3.58739139478614,0.99,0.01,0.99,,,0.01
"2026-06-16 20:47:51",BTCUSDT,-0.338772494210303,-0.328669652479383,0.018862425550973,-0.347532078030356,-3.3029728570713,0.99,0.01,0.99,,,0.01
"2026-06-16 20:47:50",BTCUSDT,-0.879895592933375,-0.180724853639529,0.0165695585179053,-0.197294412157434,-4.83428942534029,0.99,0.01,0.99,,,0.01
"2026-06-16 20:47:50",BTCUSDT,-0.664933757552456,-0.241250966628645,0.018745685387272,-0.259996652015917,-4.56100760947037,0.99,0.01,0.99,,,0.01
"2026-06-16 20:47:50",BTCUSDT,-0.676982726971534,-0.295717436671506,0.020635418324529,-0.316352854996035,-4.30596162138675,0.99,0.01,0.99,,,0.01
"2026-06-16 20:47:49",BTCUSDT,-0.267004178983684,0.233043523675585,0.0206374248165965,0.212406098858989,-2.89567188037612,0.99,0.01,0.99,,,0.01
"2026-06-16 20:47:49",BTCUSDT,-0.281729360922422,0.168696913100834,0.018696567125855,0.150000345974979,-3.46394191328601,0.99,0.01,0.99,,,0.01
"2026-06-16 20:47:49",BTCUSDT,-0.922460347154738,0.0323022555688877,0.0185156495325917,0.013786606036296,-4.50675772620952,0.99,0.01,0.99,,,0.01
"2026-06-16 20:47:49",BTCUSDT,-0.872862344619763,-0.0808433194546937,0.0205370752391059,-0.1013803946938,-4.8579168828974,0.99,0.01,0.99,,,0.01
"2026-06-16 20:47:48",BTCUSDT,0.516861033682152,0.47143785416165,0.0202669848975852,0.451170869264065,0.17497435740972,0.99,0.01,0.99,,,0.01
"2026-06-16 20:47:48",BTCUSDT,-0.236257567487098,0.382975926455557,0.0185158424345616,0.364460084020995,-0.933981525293874,0.99,0.01,0.99,,,0.01
"2026-06-16 20:47:48",BTCUSDT,-0.245000207030765,0.304478909769766,0.0182174476931803,0.286261462076586,-2.00189347306783,0.99,0.01,0.99,,,0.01
"2026-06-16 20:47:47",BTCUSDT,0.535981742647863,0.471686329154693,0.020193434192692,0.451492894962001,-0.000641532196659379,0.99,0.01,0.99,,,0.01
"2026-06-16 20:47:47",BTCUSDT,0.367123659783052,0.458615995483238,0.0189053745855809,0.439710620897657,-0.0682487368770946,0.99,0.01,0.99,,,0.01
"2026-06-16 20:47:47",BTCUSDT,0.509278659744247,0.464948828515864,0.0188124056541643,0.4461364228617,0.0473877215097701,0.99,0.01,0.99,,,0.01
"2026-06-16 20:47:46",BTCUSDT,0.532181040789157,0.43123190826351,0.0204792805778531,0.410752627685656,-0.42119571701974,0.99,0.01,0.99,,,0.01
"2026-06-16 20:47:46",BTCUSDT,0.564647852031962,0.447908901234566,0.0187087809826358,0.42920012025193,-0.256380631837473,0.99,0.01,0.99,,,0.01
"2026-06-16 20:47:46",BTCUSDT,0.564647852031962,0.462501270084241,0.0185298803157337,0.443971389768507,-0.105311903440685,0.99,0.01,0.99,,,0.01
"2026-06-16 20:47:45",BTCUSDT,0.524037451101363,0.40550834618485,0.0202901182548263,0.385218227930024,-0.653362178710985,0.99,0.01,0.99,,,0.01
"2026-06-16 20:47:45",BTCUSDT,0.362588826230939,0.400143406190611,0.0185298803157337,0.381613525874877,-0.662674691727904,0.99,0.01,0.99,,,0.01
"2026-06-16 20:47:45",BTCUSDT,0.53348098560163,0.416810603616988,0.0205758078231695,0.396234795793819,-0.545459796755713,0.99,0.01,0.99,,,0.01
"2026-06-16 20:47:44",BTCUSDT,0.363209481832423,0.392981520375338,0.0204097868493807,0.372571733525957,-0.784027361667215,0.99,0.01,0.99,,,0.01
"2026-06-16 20:47:44",BTCUSDT,0.363209481832423,0.389260015557474,0.0186035801700538,0.37065643538742,-0.778848428868327,0.99,0.01,0.99,,,0.01
"2026-06-16 20:47:44",BTCUSDT,0.383784826386182,0.388575616911062,0.0203634719830379,0.368212144928024,-0.778287401506068,0.99,0.01,0.99,,,0.01
"2026-06-16 20:47:43",BTCUSDT,0.362697296421305,0.407750343328675,0.0164039246157297,0.391346418712945,-0.728784408723165,0.99,0.01,0.99,,,0.01
"2026-06-16 20:47:43",BTCUSDT,0.362697296421305,0.402118712465253,0.0182654562509235,0.38385325621433,-0.752756315317145,0.99,0.01,0.99,,,0.01
"2026-06-16 20:47:43",BTCUSDT,0.363046362652119,0.397234668738612,0.0202325168170464,0.377002151921565,-0.774755977825258,0.99,0.01,0.99,,,0.01
"2026-06-16 20:47:42",BTCUSDT,0.356191621104674,0.431931602768518,0.0201170638011673,0.411814538967351,-0.67438814502487,0.99,0.01,0.99,,,0.01
"2026-06-16 20:47:42",BTCUSDT,0.355637292952936,0.42239481404157,0.020517585005749,0.401877229035821,-0.708919536363192,0.99,0.01,0.99,,,0.01
"2026-06-16 20:47:42",BTCUSDT,0.356728244803971,0.41418649288687,0.0221501431176012,0.392036349769269,-0.743966024604065,0.99,0.01,0.99,,,0.01
"2026-06-16 20:47:41",BTCUSDT,0.486981627411143,0.424749338032295,0.0186663491442488,0.406082988888046,-0.761389113762022,0.99,0.01,0.99,,,0.01
"2026-06-16 20:47:41",BTCUSDT,0.515897805542207,0.436142896471034,0.0182656486645572,0.417877247806477,-0.680401635410973,0.99,0.01,0.99,,,0.01
"2026-06-16 20:47:41",BTCUSDT,0.4890125258953,0.442751600149067,0.0202327092605535,0.422518890888514,-0.63664115421076,0.99,0.01,0.99,,,0.01
"2026-06-16 20:47:40",BTCUSDT,0.431764000210702,0.407799068716598,0.0199420876799664,0.387856981036631,-0.941230965030912,0.99,0.01,0.99,,,0.01
"2026-06-16 20:47:40",BTCUSDT,0.431764000210702,0.410794685153361,0.0182927254020237,0.392501959751337,-0.895412090976821,0.99,0.01,0.99,,,0.01
"2026-06-16 20:47:40",BTCUSDT,0.368752385352429,0.405539397678244,0.0181200218504928,0.387419375827752,-0.898710057550546,0.99,0.01,0.99,,,0.01
"2026-06-16 20:47:40",BTCUSDT,0.488096304077679,0.415859010978174,0.0202181569614643,0.395640854016709,-0.835413223700024,0.99,0.01,0.99,,,0.01
"2026-06-16 20:47:39",BTCUSDT,0.387265998700813,0.409623266004801,0.0218957603315939,0.387727505673207,-1.01415747129545,0.99,0.01,0.99,,,0.01
"2026-06-16 20:47:39",BTCUSDT,0.387232827902536,0.406824461242018,0.0183851289470291,0.388439332294989,-0.986049029672038,0.99,0.01,0.99,,,0.01
"2026-06-16 20:47:39",BTCUSDT,0.387232827902536,0.404375507074583,0.0185001689740966,0.385875338100486,-0.974511197455087,0.99,0.01,0.99,,,0.01
"2026-06-16 20:47:38",BTCUSDT,0.417531380262238,0.42828516177241,0.0218809557825893,0.406404205989821,-0.997228311951184,0.99,0.01,0.99,,,0.01
"2026-06-16 20:47:38",BTCUSDT,0.417505996409697,0.426937766102071,0.0200620979057636,0.406875668196307,-0.970368163859872,0.99,0.01,0.99,,,0.01
"2026-06-16 20:47:38",BTCUSDT,0.313972927957043,0.412817161333942,0.022007806068625,0.390809355265317,-1.02430322729859,0.99,0.01,0.99,,,0.01
"2026-06-16 20:47:37",BTCUSDT,0.416807105595556,0.433583672195789,0.0178988993153178,0.415684772880472,-1.02786125713641,0.99,0.01,0.99,,,0.01
"2026-06-16 20:47:37",BTCUSDT,0.417531380262238,0.431577135704095,0.0181286237133268,0.413448511990769,-1.01330202111023,0.99,0.01,0.99,,,0.01
"2026-06-16 20:47:37",BTCUSDT,0.417531380262238,0.429821416273863,0.0220800831158736,0.40774133315799,-1.01585120644132,0.99,0.01,0.99,,,0.01
"2026-06-16 20:47:36",BTCUSDT,0.416876907664834,0.44184716517063,0.0182935195519286,0.423553645618702,-1.0672692513236,0.99,0.01,0.99,,,0.01
"2026-06-16 20:47:36",BTCUSDT,0.416824690596962,0.438719355848922,0.0165572802657731,0.422162075583149,-1.04800839390832,0.99,0.01,0.99,,,0.01
"2026-06-16 20:47:36",BTCUSDT,0.416807105595556,0.435980324567251,0.018088396956939,0.417891927610312,-1.04291699095705,0.99,0.01,0.99,,,0.01
"2026-06-16 20:47:35",BTCUSDT,0.416855545671865,0.454150294962116,0.0199319330331053,0.434218361929011,-1.09032411127606,0.99,0.01,0.99,,,0.01
"2026-06-16 20:47:35",BTCUSDT,0.416876907664834,0.449491121549956,0.0162570070492478,0.433234114500708,-1.07075813157153,0.99,0.01,0.99,,,0.01
"2026-06-16 20:47:35",BTCUSDT,0.416876907664834,0.445414344814316,0.018097053735199,0.427317291079117,-1.07486047565928,0.99,0.01,0.99,,,0.01
"2026-06-16 20:47:34",BTCUSDT,0.494767223122073,0.448709582180472,0.0160252921027571,0.432684290077715,-1.16161976371973,0.99,0.01,0.99,,,0.01
"2026-06-16 20:47:34",BTCUSDT,0.494767223122073,0.454466787298172,0.0165572802657731,0.437909507032399,-1.11575320330757,0.99,0.01,0.99,,,0.01
"2026-06-16 20:47:34",BTCUSDT,0.494557419227154,0.459478116289295,0.0182935195519286,0.441184596737366,-1.07801624295571,0.99,0.01,0.99,,,0.01
"2026-06-16 20:47:33",BTCUSDT,0.474268626753937,0.426154882038566,0.0148103511579608,0.411344530880606,-1.34511158082082,0.99,0.01,0.99,,,0.01
"2026-06-16 20:47:33",BTCUSDT,0.494315040546293,0.434674901852032,0.0162014065147264,0.418473495337306,-1.28085292772743,0.99,0.01,0.99,,,0.01
"2026-06-16 20:47:33",BTCUSDT,0.494315040546293,0.442129919188815,0.0180455354633187,0.424084383725496,-1.2272268146346,0.99,0.01,0.99,,,0.01
"2026-06-16 20:47:32",BTCUSDT,0.493597657765706,0.37859582158575,0.0236653495981911,0.354930471987559,-1.80465417679463,0.99,0.01,0.99,,,0.01
"2026-06-16 20:47:32",BTCUSDT,0.493849540105517,0.393002536400721,0.0126438486649071,0.380358687735813,-1.61666195770755,0.99,0.01,0.99,,,0.01
"2026-06-16 20:47:32",BTCUSDT,0.493377109369484,0.405549358021816,0.0219511951686818,0.383598162853134,-1.55851696156864,0.99,0.01,0.99,,,0.01
"2026-06-16 20:47:32",BTCUSDT,0.515406413338253,0.419281489936371,0.0147524644672814,0.404529025469089,-1.41116435754699,0.99,0.01,0.99,,,0.01
"2026-06-16 20:47:31",BTCUSDT,0.480426477183053,0.30944000934799,0.0160309815419964,0.293409027805994,-2.37417251205707,0.99,0.01,0.99,,,0.01
"2026-06-16 20:47:31",BTCUSDT,0.581030984482698,0.343388881239829,0.0127170606524483,0.33067182058738,-2.06782888923621,0.99,0.01,0.99,,,0.01
"2026-06-16 20:47:31",BTCUSDT,0.493613734087245,0.362166987845756,0.0146689599235664,0.347498027922189,-1.90494839314653,0.99,0.01,0.99,,,0.01
"2026-06-16 20:47:30",BTCUSDT,0.0380494994959082,0.348586904714944,0.0165031089521555,0.332083795762789,-2.51380664273667,0.99,0.01,0.99,,,0.01
"2026-06-16 20:47:30",BTCUSDT,0.0773398278974269,0.314681020112754,0.0146417489249986,0.300039271187756,-2.59195167008438,0.99,0.01,0.99,,,0.01
"2026-06-16 20:47:30",BTCUSDT,0.0773398278974269,0.285013371085839,0.0162879938109249,0.268725377274914,-2.64389151108798,0.99,0.01,0.99,,,0.01
"2026-06-16 20:47:29",BTCUSDT,0.474640677468643,0.50160367306841,0.0257077328841179,0.475895940184292,-1.7470446547787,0.99,0.01,0.99,,,0.01
"2026-06-16 20:47:29",BTCUSDT,0.0379995913760895,0.44365316285687,0.0146609404626896,0.428992222394181,-2.03843927259323,0.99,0.01,0.99,,,0.01
"2026-06-16 20:47:29",BTCUSDT,0.0380229894003589,0.392949391174806,0.0257074918971093,0.367241899277697,-2.38947282951658,0.99,0.01,0.99,,,0.01
"2026-06-16 20:47:28",BTCUSDT,0.388709040149718,0.511422917487858,0.027595897799292,0.483827019688566,-1.78442847925137,0.99,0.01,0.99,,,0.01
"2026-06-16 20:47:28",BTCUSDT,0.49788231085046,0.509730341658183,0.0149039207335475,0.494826420924635,-1.669807766055,0.99,0.01,0.99,,,0.01
"2026-06-16 20:47:28",BTCUSDT,0.475531845054022,0.505455529582663,0.016565054478334,0.488890475104329,-1.68627479386044,0.99,0.01,0.99,,,0.01
"2026-06-16 20:47:27",BTCUSDT,0.535732152751255,0.559164061850532,0.0293361647450196,0.529827897105512,-1.45742755976307,0.99,0.01,0.99,,,0.01
"2026-06-16 20:47:27",BTCUSDT,0.497861295498987,0.551501216056589,0.0237886036719164,0.527712612384672,-1.4718662446442,0.99,0.01,0.99,,,0.01
"2026-06-16 20:47:27",BTCUSDT,0.371119258750329,0.528953471393306,0.0167527328314189,0.512200738561887,-1.58525272455664,0.99,0.01,0.99,,,0.01
"2026-06-16 20:47:26",BTCUSDT,0.556552730630056,0.5707092298907,0.0257846216506231,0.544924608240077,-1.27007556209771,0.99,0.01,0.99,,,0.01
"2026-06-16 20:47:26",BTCUSDT,0.535732152751255,0.566337095248269,0.0257988735395619,0.540538221708707,-1.34620192251298,0.99,0.01,0.99,,,0.01
"2026-06-16 20:47:26",BTCUSDT,0.535732152751255,0.562511477436142,0.0185687842948504,0.543942693141292,-1.33847252443689,0.99,0.01,0.99,,,0.01
"2026-06-16 20:47:25",BTCUSDT,0.558504511248142,0.575623828994447,0.0166180749783715,0.559005754016075,-0.996436599444162,0.99,0.01,0.99,,,0.01
"2026-06-16 20:47:25",BTCUSDT,0.600334841865697,0.578712705603353,0.0259854662906201,0.552727239312733,-1.09250823492249,0.99,0.01,0.99,,,0.01
"2026-06-16 20:47:25",BTCUSDT,0.530863756200009,0.572731586927935,0.0276132766775341,0.545118310250401,-1.20464926574975,0.99,0.01,0.99,,,0.01
"2026-06-16 20:47:24",BTCUSDT,0.558134886746445,0.583261729551402,0.0276153641243261,0.555646365427076,-0.851326548360089,0.99,0.01,0.99,,,0.01
"2026-06-16 20:47:24",BTCUSDT,0.561265304264712,0.580512176390566,0.0258897544948333,0.554622421895732,-0.894637089665443,0.99,0.01,0.99,,,0.01
"2026-06-16 20:47:24",BTCUSDT,0.583330257008483,0.580864436467805,0.0187534564490243,0.562110980018781,-0.885935967220951,0.99,0.01,0.99,,,0.01
"2026-06-16 20:47:24",BTCUSDT,0.558504511248142,0.578069445815347,0.0184765144271675,0.55959293138818,-0.945394556825393,0.99,0.01,0.99,,,0.01
"2026-06-16 20:47:23",BTCUSDT,0.0580027046344882,0.667109858965508,0.0276155446312452,0.639494314334263,-0.254097964284427,0.99,0.01,0.99,,,0.01
"2026-06-16 20:47:23",BTCUSDT,0.0579078564331409,0.590959608648962,0.0166535802767936,0.574306028372168,-0.670632780059836,0.99,0.01,0.99,,,0.01
"2026-06-16 20:47:23",BTCUSDT,0.558092967645573,0.586851278523538,0.0276153641243261,0.559235914399212,-0.795273042583977,0.99,0.01,0.99,,,0.01
"2026-06-16 20:47:22",BTCUSDT,0.820806543238567,0.853138023710359,0.0278653639847454,0.825272659725614,0.869793030573601,0.99,0.01,0.99,,,0.01
"2026-06-16 20:47:22",BTCUSDT,0.820806543238567,0.849096588651385,0.0257163396395215,0.823380249011863,0.840335014961758,0.99,0.01,0.99,,,0.01
"2026-06-16 20:47:22",BTCUSDT,0.0893252132569605,0.754125166727082,0.018321521974001,0.735803644753081,0.327595772014434,0.99,0.01,0.99,,,0.01
"2026-06-16 20:47:21",BTCUSDT,0.849644506223138,0.864453349148364,0.0204173997213847,0.844035949426979,1.03229015426213,0.99,0.01,0.99,,,0.01
"2026-06-16 20:47:21",BTCUSDT,0.849625766204547,0.862599901280387,0.025968948893397,0.83663095238699,0.971974532398013,0.99,0.01,0.99,,,0.01
"2026-06-16 20:47:21",BTCUSDT,0.823855144116499,0.857756806634901,0.0184950650425612,0.83926174159234,0.965439416238387,0.99,0.01,0.99,,,0.01
"2026-06-16 20:47:20",BTCUSDT,0.877512163477133,0.875425777258722,0.0203144772145504,0.855111300044172,1.15556989423715,0.99,0.01,0.99,,,0.01
"2026-06-16 20:47:20",BTCUSDT,0.823912906478447,0.868986668411188,0.0257877536835865,0.843198914727601,1.07217917729507,0.99,0.01,0.99,,,0.01
"2026-06-16 20:47:20",BTCUSDT,0.849644506223138,0.866568898137682,0.0273191644876648,0.839249733650017,1.0297128481294,0.99,0.01,0.99,,,0.01
"2026-06-16 20:47:19",BTCUSDT,0.877523286889287,0.874392873421425,0.0257877536835865,0.848605119737838,1.19575138427913,0.99,0.01,0.99,,,0.01
"2026-06-16 20:47:19",BTCUSDT,0.877523286889287,0.874784175104908,0.01665045634327,0.858133718761638,1.21821250996074,0.99,0.01,0.99,,,0.01
"2026-06-16 20:47:19",BTCUSDT,0.877532550942955,0.875127722084664,0.0185836622380448,0.856544059846619,1.18651377107228,0.99,0.01,0.99,,,0.01
"2026-06-16 20:47:18",BTCUSDT,0.876286387190996,0.873035651226618,0.0168350660900689,0.856200585136549,1.30631078216932,0.99,0.01,0.99,,,0.01
"2026-06-16 20:47:18",BTCUSDT,0.876697048991093,0.873493325947177,0.0165489039489338,0.856944421998243,1.28429913241071,0.99,0.01,0.99,,,0.01
"2026-06-16 20:47:18",BTCUSDT,0.877112090349316,0.873945671497445,0.0275046772402752,0.846440994257169,1.20924508978809,0.99,0.01,0.99,,,0.01
"2026-06-16 20:47:17",BTCUSDT,0.87659024027423,0.871433976655248,0.01665045634327,0.854783520311978,1.36742968674338,0.99,0.01,0.99,,,0.01
"2026-06-16 20:47:17",BTCUSDT,0.876286387190996,0.872040527972217,0.0274995757182881,0.844540952253929,1.29918821495239,0.99,0.01,0.99,,,0.01
"2026-06-16 20:47:17",BTCUSDT,0.876286387190996,0.872571260374564,0.0275046772402752,0.845066583134289,1.27861365495562,0.99,0.01,0.99,,,0.01
"2026-06-16 20:47:16",BTCUSDT,0.875756743216381,0.867599243740999,0.0270973133423249,0.840501930398674,1.38530367537598,0.99,0.01,0.99,,,0.01
"2026-06-16 20:47:16",BTCUSDT,0.87698527568669,0.86877249773421,0.0251909506384153,0.843581547095795,1.38196513597294,0.99,0.01,0.99,,,0.01
"2026-06-16 20:47:16",BTCUSDT,0.87698527568669,0.86979909497827,0.0180198202347332,0.851779274743537,1.39854490627125,0.99,0.01,0.99,,,0.01
"2026-06-16 20:47:16",BTCUSDT,0.87698527568669,0.870697367566823,0.0164963232167672,0.854201044350055,1.38764286433835,0.99,0.01,0.99,,,0.01
"2026-06-16 20:47:15",BTCUSDT,0.875769073590388,0.86357617639228,0.0289825227254023,0.834593653666878,1.39172666593664,0.99,0.01,0.99,,,0.01
"2026-06-16 20:47:15",BTCUSDT,0.875769073590388,0.865100288542044,0.0252049501089702,0.839895338433074,1.40451715431172,0.99,0.01,0.99,,,0.01
"2026-06-16 20:47:15",BTCUSDT,0.875769073590388,0.866433886673087,0.0178363552712745,0.848597531401813,1.43164528491408,0.99,0.01,0.99,,,0.01
"2026-06-16 20:47:14",BTCUSDT,0.876073141177684,0.857568597306332,0.0284977197310466,0.829070877575286,1.39358726436667,0.99,0.01,0.99,,,0.01
"2026-06-16 20:47:14",BTCUSDT,0.875769073590388,0.859843656841839,0.0179313511651935,0.841912305676646,1.43403176168787,0.99,0.01,0.99,,,0.01
"2026-06-16 20:47:14",BTCUSDT,0.875769073590388,0.861834333935408,0.0197574076540558,0.842076926281352,1.42800258539339,0.99,0.01,0.99,,,0.01
"2026-06-16 20:47:13",BTCUSDT,0.876069946115967,0.848451198139398,0.0215408042296949,0.826910393909703,1.37246482464635,0.99,0.01,0.99,,,0.01
"2026-06-16 20:47:13",BTCUSDT,0.876073141177684,0.851903941019184,0.0251440456055734,0.82675989541361,1.38504038830572,0.99,0.01,0.99,,,0.01
"2026-06-16 20:47:13",BTCUSDT,0.876073141177684,0.854925091038996,0.0177288129618859,0.83719627807711,1.42415818915416,0.99,0.01,0.99,,,0.01
"2026-06-16 20:47:12",BTCUSDT,0.948295667836883,0.834907588725078,0.0174448460583826,0.817462742666695,1.30933694624229,0.99,0.01,0.99,,,0.01
"2026-06-16 20:47:12",BTCUSDT,0.875746537371576,0.84001245730589,0.026756601011164,0.813255856294726,1.30138267572967,0.99,0.01,0.99,,,0.01
"2026-06-16 20:47:12",BTCUSDT,0.875958100572161,0.844505662714174,0.0196276114893968,0.824878051224777,1.34560387435005,0.99,0.01,0.99,,,0.01
"2026-06-16 20:47:11",BTCUSDT,0.879780240420736,0.808133601713389,0.0159279620747826,0.792205639638607,1.26318770469152,0.99,0.01,0.99,,,0.01
"2026-06-16 20:47:11",BTCUSDT,0.852792254075219,0.813715933258618,0.0139601479096174,0.799755785349,1.27169934008222,0.99,0.01,0.99,,,0.01
"2026-06-16 20:47:11",BTCUSDT,0.853662800862521,0.818709291709106,0.0156423396099052,0.803066952099201,1.27377651088707,0.99,0.01,0.99,,,0.01
"2026-06-16 20:47:10",BTCUSDT,0.948370266179312,0.751835541520409,0.023069708135479,0.72876583338493,1.16005014226029,0.99,0.01,0.99,,,0.01
"2026-06-16 20:47:10",BTCUSDT,0.948370266179312,0.776402382102772,0.0176551171166677,0.758747264986104,1.21174830471926,0.99,0.01,0.99,,,0.01
"2026-06-16 20:47:10",BTCUSDT,0.948370266179312,0.79789836761234,0.0267354777774829,0.771162889834857,1.22580518620576,0.99,0.01,0.99,,,0.01
"2026-06-16 20:47:09",BTCUSDT,0.947428760457088,0.65510839404282,0.0177360228866202,0.637372371156199,1.01536760348253,0.99,0.01,0.99,,,0.01
"2026-06-16 20:47:09",BTCUSDT,0.947558242492451,0.691664625099024,0.021361557001177,0.670303068097847,1.06741934485367,0.99,0.01,0.99,,,0.01
"2026-06-16 20:47:09",BTCUSDT,0.94842084257422,0.723759152283423,0.021361557001177,0.702397595282246,1.1190101362793,0.99,0.01,0.99,,,0.01
"2026-06-16 20:47:08",BTCUSDT,0.610324894554354,0.634730071013607,0.023164063608153,0.611566007405454,1.04118485803311,0.99,0.01,0.99,,,0.01
"2026-06-16 20:47:08",BTCUSDT,0.610324894554354,0.631679423956201,0.021361557001177,0.610317866955024,1.01695708363184,0.99,0.01,0.99,,,0.01
"2026-06-16 20:47:08",BTCUSDT,0.553483945959435,0.621904989206605,0.0233261970316853,0.59857879217492,0.972179539569545,0.99,0.01,0.99,,,0.01
"2026-06-16 20:47:08",BTCUSDT,0.553451809137161,0.613348341697924,0.017680529110949,0.595667812586975,0.946344852058735,0.99,0.01,0.99,,,0.01
"2026-06-16 20:47:07",BTCUSDT,0.628461026560571,0.641201129076914,0.0255631026123062,0.615638026464608,1.12011512610768,0.99,0.01,0.99,,,0.01
"2026-06-16 20:47:07",BTCUSDT,0.628479766224226,0.639610958720328,0.0211934679011474,0.618417490819181,1.10103864038172,0.99,0.01,0.99,,,0.01
"2026-06-16 20:47:07",BTCUSDT,0.628455487305709,0.638216524793501,0.0228916225004645,0.615324902293036,1.07135343650297,0.99,0.01,0.99,,,0.01
"2026-06-16 20:47:06",BTCUSDT,0.628652989080341,0.647477387276572,0.0371200077820101,0.610357379494562,1.18969282670258,0.99,0.01,0.99,,,0.01
"2026-06-16 20:47:06",BTCUSDT,0.628467572739742,0.645101160459468,0.0210085324495775,0.624092628009891,1.18855767124801,0.99,0.01,0.99,,,0.01
"2026-06-16 20:47:06",BTCUSDT,0.628461026560571,0.643021143722106,0.022785039826594,0.620236103895512,1.15451613273192,0.99,0.01,0.99,,,0.01
"2026-06-16 20:47:05",BTCUSDT,0.700816089175221,0.664603607949763,0.0282699697333977,0.636333638216365,1.32912259326992,0.99,0.01,0.99,,,0.01
"2026-06-16 20:47:05",BTCUSDT,0.593743036322542,0.65574603649636,0.0336385919606832,0.622107444535677,1.27053866575875,0.99,0.01,0.99,,,0.01
"2026-06-16 20:47:05",BTCUSDT,0.611110440676602,0.650166587018891,0.0264960368708891,0.623670550148002,1.24354494576903,0.99,0.01,0.99,,,0.01
"2026-06-16 20:47:04",BTCUSDT,0.699758323318498,0.642036649051132,0.0284647929147222,0.61357185613641,1.39053504402056,0.99,0.01,0.99,,,0.01
"2026-06-16 20:47:04",BTCUSDT,0.716393278855567,0.651331227776687,0.0336714722104447,0.617659755566242,1.36179005292806,0.99,0.01,0.99,,,0.01
"2026-06-16 20:47:04",BTCUSDT,0.716124576332203,0.659430396346126,0.0352953066950142,0.624135089651112,1.33948196126673,0.99,0.01,0.99,,,0.01
"2026-06-16 20:47:03",BTCUSDT,0.697862020920635,0.613868330497925,0.0315658250801814,0.582302505417743,1.44896253583896,0.99,0.01,0.99,,,0.01
"2026-06-16 20:47:03",BTCUSDT,0.697862020920635,0.624367541800763,0.0227005391942269,0.601667002606536,1.44568474337238,0.99,0.01,0.99,,,0.01
"2026-06-16 20:47:03",BTCUSDT,0.699752772069583,0.633790695584366,0.026785814997946,0.60700488058642,1.41628867456108,0.99,0.01,0.99,,,0.01
"2026-06-16 20:47:02",BTCUSDT,0.674920143460655,0.572537891363507,0.025726025740646,0.546811865622861,1.50731099557392,0.99,0.01,0.99,,,0.01
"2026-06-16 20:47:02",BTCUSDT,0.695677904952304,0.587930393062106,0.0277826797400348,0.560147713322072,1.49009692594553,0.99,0.01,0.99,,,0.01
"2026-06-16 20:47:02",BTCUSDT,0.699441103494125,0.601869231866109,0.0227005391942269,0.579168692671882,1.4844914110949,0.99,0.01,0.99,,,0.01
"2026-06-16 20:47:01",BTCUSDT,0.980016704948841,0.50902138578752,0.0271457326183593,0.481875653169161,1.5116099756652,0.99,0.01,0.99,,,0.01
"2026-06-16 20:47:01",BTCUSDT,0.734525026612844,0.537209340890686,0.0238203902868312,0.513388950603855,1.53053728308489,0.99,0.01,0.99,,,0.01
"2026-06-16 20:47:01",BTCUSDT,0.702829456562228,0.557911855349629,0.0219175195412835,0.535994335808345,1.53050886017134,0.99,0.01,0.99,,,0.01
"2026-06-16 20:47:00",BTCUSDT,0.373833680999239,0.378212877062263,0.0234323956383779,0.354780481423885,1.36646153341694,0.99,0.01,0.99,,,0.01
"2026-06-16 20:47:00",BTCUSDT,0.374014809042728,0.377688118559822,0.0253400929681794,0.352348025591642,1.32454401494729,0.99,0.01,0.99,,,0.01
"2026-06-16 20:47:00",BTCUSDT,0.890073891625616,0.441736340193046,0.0252449490708221,0.416491391122224,1.41974473014876,0.99,0.01,0.99,,,0.01
"2026-06-16 20:46:59",BTCUSDT,0.373774621329324,0.380370108673178,0.0237230167854252,0.356647091887753,1.49202809949266,0.99,0.01,0.99,,,0.01
"2026-06-16 20:46:59",BTCUSDT,0.373795136866628,0.37954823719736,0.0250217664834172,0.354526470713942,1.44488998694619,0.99,0.01,0.99,,,0.01
"2026-06-16 20:46:59",BTCUSDT,0.373870151617189,0.378838476499838,0.0251307996990146,0.353707676800824,1.40275719574725,0.99,0.01,0.99,,,0.01
"2026-06-16 20:46:58",BTCUSDT,0.426770980647211,0.377422041391224,0.0271296494302513,0.350292391960973,1.67305304397278,0.99,0.01,0.99,,,0.01
"2026-06-16 20:46:58",BTCUSDT,0.426894283121597,0.38360607160752,0.0236088589209498,0.359997212686571,1.64214704133273,0.99,0.01,0.99,,,0.01
"2026-06-16 20:46:58",BTCUSDT,0.373828900736653,0.382383925248662,0.0252347498343673,0.357149175414295,1.5854063796329,0.99,0.01,0.99,,,0.01
"2026-06-16 20:46:58",BTCUSDT,0.373811092466339,0.381312321150872,0.0254391782527111,0.355873142898161,1.53522830920885,0.99,0.01,0.99,,,0.01
"2026-06-16 20:46:57",BTCUSDT,0.373509851813294,0.36072450218432,0.0271484767724885,0.333576025411832,1.806324298591,0.99,0.01,0.99,,,0.01
"2026-06-16 20:46:57",BTCUSDT,0.373455116000539,0.362315828911348,0.0237230167854252,0.338592812125923,1.75825607945717,0.99,0.01,0.99,,,0.01
"2026-06-16 20:46:57",BTCUSDT,0.426766741029228,0.370372192926083,0.0254250282517825,0.3449471646743,1.71569917619648,0.99,0.01,0.99,,,0.01
"2026-06-16 20:46:56",BTCUSDT,0.377352449007281,0.354466948180217,0.0288854807143854,0.325581467465831,1.98655758423503,0.99,0.01,0.99,,,0.01
"2026-06-16 20:46:56",BTCUSDT,0.37322744597432,0.35681201040448,0.0236088589209498,0.33320315148353,1.93578267574843,0.99,0.01,0.99,,,0.01
"2026-06-16 20:46:56",BTCUSDT,0.373500116495806,0.358898023665896,0.0254391782527111,0.333458845413185,1.86928506707752,0.99,0.01,0.99,,,0.01
"2026-06-16 20:46:55",BTCUSDT,0.435933680498621,0.334841677746639,0.0286762673843944,0.306165410362244,2.16232183486412,0.99,0.01,0.99,,,0.01
"2026-06-16 20:46:55",BTCUSDT,0.43579771674082,0.347461182620912,0.0248913040656341,0.322569878555277,2.12715406873334,0.99,0.01,0.99,,,0.01
"2026-06-16 20:46:55",BTCUSDT,0.377352449007281,0.351197590919208,0.0269725040816497,0.324225086837558,2.05572567866256,0.99,0.01,0.99,,,0.01
"2026-06-16 20:46:54",BTCUSDT,0.364978657318757,0.287175674846556,0.0286497871982847,0.258525887648271,2.28148390177222,0.99,0.01,0.99,,,0.01
"2026-06-16 20:46:54",BTCUSDT,0.422301692327506,0.304066427031675,0.0267823297991821,0.277284097232493,2.24869678349561,0.99,0.01,0.99,,,0.01
"2026-06-16 20:46:54",BTCUSDT,0.43473471532055,0.320399963067784,0.0269725040816497,0.293427458986135,2.20929555360788,0.99,0.01,0.99,,,0.01
"2026-06-16 20:46:53",BTCUSDT,0.359227872779519,0.250248839999021,0.025048636013543,0.225200203985478,2.47176787467558,0.99,0.01,0.99,,,0.01
"2026-06-16 20:46:53",BTCUSDT,0.359230711613159,0.263871573950788,0.0270766114286191,0.236794962522169,2.4041499490576,0.99,0.01,0.99,,,0.01
"2026-06-16 20:46:53",BTCUSDT,0.361386686862985,0.276060963064813,0.0269813403502198,0.249079622714593,2.34474824102261,0.99,0.01,0.99,,,0.01
"2026-06-16 20:46:52",BTCUSDT,0.416035172872588,0.179163641603463,0.0249724470469871,0.154191194556476,2.56532149977634,0.99,0.01,0.99,,,0.01
"2026-06-16 20:46:52",BTCUSDT,0.416035172872588,0.208772583012104,0.0270766114286191,0.181695971583485,2.54831673769732,0.99,0.01,0.99,,,0.01
"2026-06-16 20:46:52",BTCUSDT,0.416035172872588,0.234680406744664,0.0269625164200686,0.207717890324596,2.52434839538784,0.99,0.01,0.99,,,0.01
"2026-06-16 20:46:51",BTCUSDT,0.359229500156062,0.0962498839257352,0.0251626556224295,0.0710872283033057,2.59133668459451,0.99,0.01,0.99,,,0.01
"2026-06-16 20:46:51",BTCUSDT,0.359229500156062,0.129122335954526,0.0267724143931183,0.102349921561408,2.59815998575988,0.99,0.01,0.99,,,0.01
"2026-06-16 20:46:51",BTCUSDT,0.258742459695597,0.14532485142216,0.0287797319012062,0.116545119520954,2.53797139708813,0.99,0.01,0.99,,,0.01
"2026-06-16 20:46:50",BTCUSDT,0.120038076546786,-0.102809024157036,0.0287797319012062,-0.131588756058242,2.04595031255438,0.99,0.01,0.99,,,0.01
"2026-06-16 20:46:50",BTCUSDT,0.388271341807755,-0.0414239784114368,0.0251626556224295,-0.0665866340338663,2.28839304634323,0.99,0.01,0.99,,,0.01
"2026-06-16 20:46:50",BTCUSDT,0.415985076235317,0.0157521534194074,0.0268862770537285,-0.0111341236343212,2.45388203401909,0.99,0.01,0.99,,,0.01
"2026-06-16 20:46:50",BTCUSDT,0.359185864635371,0.0586813673214028,0.028953836689565,0.0297275306318378,2.53027810864528,0.99,0.01,0.99,,,0.01
"2026-06-16 20:46:49",BTCUSDT,0.11623448633854,-0.211305278834971,0.0288344708306054,-0.240139749665577,1.63486718040647,0.99,0.01,0.99,,,0.01
"2026-06-16 20:46:49",BTCUSDT,0.116246488272119,-0.170361307946585,0.0251766580443753,-0.19553796599096,1.82707706989967,0.99,0.01,0.99,,,0.01
"2026-06-16 20:46:49",BTCUSDT,0.115374561565442,-0.134644324257582,0.0269625164200686,-0.16160684067765,1.95134424608649,0.99,0.01,0.99,,,0.01
"2026-06-16 20:46:48",BTCUSDT,0.464216570959803,-0.418526749915435,0.0286844880021791,-0.447211237917614,0.574880431098572,0.99,0.01,0.99,,,0.01
"2026-06-16 20:46:48",BTCUSDT,0.3528394257527,-0.322105977956918,0.0250722852139541,-0.347178263170872,1.11191443954245,0.99,0.01,0.99,,,0.01
"2026-06-16 20:46:48",BTCUSDT,0.189968454820358,-0.258096673859759,0.0269625164200686,-0.285059190279827,1.42656890860146,0.99,0.01,0.99,,,0.01
"2026-06-16 20:46:47",BTCUSDT,-0.672920647946681,-0.682095331798604,0.0286656694381489,-0.710761001236753,-0.897941240180696,0.99,0.01,0.99,,,0.01
"2026-06-16 20:46:47",BTCUSDT,-0.645742782408879,-0.677551263124889,0.0270766114286191,-0.704627874553508,-0.845043018118729,0.99,0.01,0.99,,,0.01
"2026-06-16 20:46:47",BTCUSDT,0.385795332979039,-0.544632938611898,0.0268674566082865,-0.571500395220184,-0.107423418805387,0.99,0.01,0.99,,,0.01
"2026-06-16 20:46:46",BTCUSDT,-0.676443390791717,-0.687734481965516,0.0288748032784007,-0.716609285243917,-0.996253665578183,0.99,0.01,0.99,,,0.01
"2026-06-16 20:46:46",BTCUSDT,-0.669266296172627,-0.685425958741405,0.0268674566082865,-0.712293415349691,-0.949735254753377,0.99,0.01,0.99,,,0.01
"2026-06-16 20:46:46",BTCUSDT,-0.669266296172627,-0.683406000920308,0.0270665878152322,-0.71047258873554,-0.917841146349129,0.99,0.01,0.99,,,0.01
"2026-06-16 20:46:45",BTCUSDT,-0.68122070103322,-0.692759788108561,0.0287607197341053,-0.721520507842666,-1.09502082572063,0.99,0.01,0.99,,,0.01
"2026-06-16 20:46:45",BTCUSDT,-0.676105718264083,-0.690678029378001,0.0268724314505714,-0.717550460828573,-1.04824185910002,0.99,0.01,0.99,,,0.01
"2026-06-16 20:46:45",BTCUSDT,-0.680033754276746,-0.689347494990344,0.0267672694120448,-0.716114764402389,-1.01668645312257,0.99,0.01,0.99,,,0.01
"2026-06-16 20:46:44",BTCUSDT,-0.681026161221184,-0.698507496460607,0.0249673322371752,-0.723474828697782,-1.18134366715399,0.99,0.01,0.99,,,0.01
"2026-06-16 20:46:44",BTCUSDT,-0.681017289137801,-0.696321220545256,0.0268674566082865,-0.723188677153542,-1.15446480295525,0.99,0.01,0.99,,,0.01
"2026-06-16 20:46:44",BTCUSDT,-0.681017289137801,-0.694408229119324,0.0288746131181101,-0.723282842237434,-1.12979266712705,0.99,0.01,0.99,,,0.01
"2026-06-16 20:46:43",BTCUSDT,-0.709104394215547,-0.707123029409527,0.0359065613783729,-0.7430295907879,-1.3783331360524,0.99,0.01,0.99,,,0.01
"2026-06-16 20:46:43",BTCUSDT,-0.681016485494205,-0.703859711420112,0.0378222147784297,-0.741681926198541,-1.34180545601142,0.99,0.01,0.99,,,0.01
"2026-06-16 20:46:43",BTCUSDT,-0.681020660589124,-0.701004830066238,0.0395258990616143,-0.740530729127853,-1.3062861390929,0.99,0.01,0.99,,,0.01
"2026-06-16 20:46:42",BTCUSDT,-0.696316992298445,-0.711575393046266,0.0392219532853999,-0.750797346331666,-1.58217231619335,0.99,0.01,0.99,,,0.01
"2026-06-16 20:46:42",BTCUSDT,-0.696249768830414,-0.709659690019285,0.0357925514498782,-0.745452241469163,-1.50330589323251,0.99,0.01,0.99,,,0.01
"2026-06-16 20:46:42",BTCUSDT,-0.697628915726364,-0.70815584323267,0.0375767682748868,-0.745732611507556,-1.4638769082603,0.99,0.01,0.99,,,0.01
"2026-06-16 20:46:42",BTCUSDT,-0.697628915726364,-0.706839977294381,0.0376458716194272,-0.744485848913809,-1.41960164678291,0.99,0.01,0.99,,,0.01
"2026-06-16 20:46:41",BTCUSDT,-0.696311390139268,-0.719095095533425,0.0393357221680229,-0.758430817701448,-1.78518110211123,0.99,0.01,0.99,,,0.01
"2026-06-16 20:46:41",BTCUSDT,-0.696311390139268,-0.716247132359155,0.0377462334574587,-0.753993365816614,-1.70505674490557,0.99,0.01,0.99,,,0.01
"2026-06-16 20:46:41",BTCUSDT,-0.696311390139268,-0.713755164581669,0.0377669710002537,-0.751522135581923,-1.63700167849348,0.99,0.01,0.99,,,0.01
"2026-06-16 20:46:40",BTCUSDT,-0.718740171180395,-0.727468661255566,0.039316917245482,-0.766785578501048,-1.92622817918081,0.99,0.01,0.99,,,0.01
"2026-06-16 20:46:40",BTCUSDT,-0.716308123071474,-0.726073593982555,0.0376529550013596,-0.763726548983914,-1.89767289009619,0.99,0.01,0.99,,,0.01
"2026-06-16 20:46:40",BTCUSDT,-0.696284126839981,-0.722349910589733,0.0376529550013596,-0.760002865591092,-1.84136599262243,0.99,0.01,0.99,,,0.01
"2026-06-16 20:46:39",BTCUSDT,-0.94976822932667,-0.705711197386723,0.0357925514498782,-0.741503748836601,-1.60356901374123,0.99,0.01,0.99,,,0.01
"2026-06-16 20:46:39",BTCUSDT,-0.798746579067842,-0.717340620096863,0.0375632027806021,-0.754903822877465,-1.77391204197768,0.99,0.01,0.99,,,0.01
"2026-06-16 20:46:39",BTCUSDT,-0.808340366595252,-0.728715588409162,0.0377669710002537,-0.766482559409415,-1.90354950668458,0.99,0.01,0.99,,,0.01
"2026-06-16 20:46:38",BTCUSDT,-0.647933328893436,-0.637437090782305,0.0286497871982847,-0.66608687798059,-1.12353204465045,0.99,0.01,0.99,,,0.01
"2026-06-16 20:46:38",BTCUSDT,-0.648360287681029,-0.638802490394646,0.0269813403502198,-0.665783830744865,-1.15008792579705,0.99,0.01,0.99,,,0.01
"2026-06-16 20:46:38",BTCUSDT,-0.895149824114184,-0.670845907109588,0.0270766114286191,-0.697922518538207,-1.33178897341293,0.99,0.01,0.99,,,0.01
"2026-06-16 20:46:37",BTCUSDT,-0.654383693220504,-0.630342809618598,0.0286740807582434,-0.659016890376842,-1.05148176248856,0.99,0.01,0.99,,,0.01
"2026-06-16 20:46:37",BTCUSDT,-0.654281594393821,-0.633335157715501,0.0269815304944488,-0.66031668820995,-1.06668128890898,0.99,0.01,0.99,,,0.01
"2026-06-16 20:46:37",BTCUSDT,-0.654154921551495,-0.635937628195,0.0269625164200686,-0.662900144615069,-1.09028411505365,0.99,0.01,0.99,,,0.01
"2026-06-16 20:46:36",BTCUSDT,-0.624692267605887,-0.615745520429311,0.0286656694381489,-0.64441118986746,-0.999783539315016,0.99,0.01,0.99,,,0.01
"2026-06-16 20:46:36",BTCUSDT,-0.624804975848449,-0.616877952356703,0.0272567302254069,-0.64413468258211,-0.997097429420558,0.99,0.01,0.99,,,0.01
"2026-06-16 20:46:36",BTCUSDT,-0.69712151490683,-0.626908397675469,0.0268862770537285,-0.653794674729197,-1.0291143993186,0.99,0.01,0.99,,,0.01
"2026-06-16 20:46:35",BTCUSDT,-0.650395200399156,-0.603469111635916,0.025081585773333,-0.628550697409249,-0.989131177134746,0.99,0.01,0.99,,,0.01
"2026-06-16 20:46:35",BTCUSDT,-0.650395200399156,-0.609334872731321,0.0269475487887583,-0.636282421520079,-0.995489016582281,0.99,0.01,0.99,,,0.01
"2026-06-16 20:46:35",BTCUSDT,-0.650395200399156,-0.6144674136898,0.0287797319012062,-0.643247145591006,-1.00316568225098,0.99,0.01,0.99,,,0.01
"2026-06-16 20:46:34",BTCUSDT,-0.657385030403605,-0.580327997724114,0.0251626556224295,-0.605490653346544,-0.984853499340369,0.99,0.01,0.99,,,0.01
"2026-06-16 20:46:34",BTCUSDT,-0.650465385083343,-0.589095171144018,0.0268864671627575,-0.615981638306775,-0.991043499894202,0.99,0.01,0.99,,,0.01
"2026-06-16 20:46:34",BTCUSDT,-0.650456879349784,-0.596765384669739,0.0287607197341053,-0.625526104403844,-0.997036398508142,0.99,0.01,0.99,,,0.01
"2026-06-16 20:46:33",BTCUSDT,-0.657126186959596,-0.542450870790976,0.0250625734351077,-0.567513444226084,-0.961542422222173,0.99,0.01,0.99,,,0.01
"2026-06-16 20:46:33",BTCUSDT,-0.657007236172923,-0.55677041646372,0.027261777239974,-0.584032193703694,-0.976592786381568,0.99,0.01,0.99,,,0.01
"2026-06-16 20:46:33",BTCUSDT,-0.657165886341744,-0.569319850198473,0.0287607197341053,-0.598080569932578,-0.9873629698222,0.99,0.01,0.99,,,0.01
"2026-06-16 20:46:32",BTCUSDT,-0.633840825239063,-0.464801924356831,0.0281998617148019,-0.493001786071633,-0.890114939543996,0.99,0.01,0.99,,,0.01
"2026-06-16 20:46:32",BTCUSDT,-0.633978838512281,-0.485949038626263,0.0270766114286191,-0.513025650054882,-0.910584641146902,0.99,0.01,0.99,,,0.01
"2026-06-16 20:46:32",BTCUSDT,-0.657126186959596,-0.507346182167929,0.0269475487887583,-0.534293730956688,-0.933804570934342,0.99,0.01,0.99,,,0.01
"2026-06-16 20:46:32",BTCUSDT,-0.657126186959596,-0.526068682766888,0.0285706367045351,-0.554639319471423,-0.955397963237161,0.99,0.01,0.99,,,0.01
"2026-06-16 20:46:31",BTCUSDT,-0.650885685893754,-0.375214779916851,0.0287937417713931,-0.404008521688244,-0.766818774665144,0.99,0.01,0.99,,,0.01
"2026-06-16 20:46:31",BTCUSDT,-0.650461984051891,-0.409620680433731,0.0265206017302339,-0.436141282163965,-0.813227872201414,0.99,0.01,0.99,,,0.01
"2026-06-16 20:46:31",BTCUSDT,-0.657883316524556,-0.440653509945084,0.0266327782295629,-0.467286288174647,-0.857472543089775,0.99,0.01,0.99,,,0.01
"2026-06-16 20:46:30",BTCUSDT,-0.263380078068527,-0.243821262726156,0.0303757285006954,-0.274196991226851,-0.558159161330237,0.99,0.01,0.99,,,0.01
"2026-06-16 20:46:30",BTCUSDT,-0.619788172181566,-0.290817126408082,0.0271877868651257,-0.318004913273208,-0.628996630566244,0.99,0.01,0.99,,,0.01
"2026-06-16 20:46:30",BTCUSDT,-0.650945890504627,-0.33583322192015,0.0272633593148081,-0.363096581234959,-0.702191596949928,0.99,0.01,0.99,,,0.01
"2026-06-16 20:46:29",BTCUSDT,-0.24401580545789,-0.234374396393663,0.0305390486640068,-0.26491344505767,-0.591328689783595,0.99,0.01,0.99,,,0.01
"2026-06-16 20:46:29",BTCUSDT,-0.26077279105926,-0.237674195726862,0.028775634463984,-0.266449830190846,-0.577725117690589,0.99,0.01,0.99,,,0.01
"2026-06-16 20:46:29",BTCUSDT,-0.26449779990136,-0.241027146248675,0.0305549877217415,-0.271582133970416,-0.570687492399573,0.99,0.01,0.99,,,0.01
"2026-06-16 20:46:28",BTCUSDT,-0.15927810028656,-0.233803645110162,0.0305549877217415,-0.264358632831903,-0.641180533981929,0.99,0.01,0.99,,,0.01
"2026-06-16 20:46:28",BTCUSDT,-0.214417942372971,-0.231380432268013,0.0289730564466441,-0.260353488714657,-0.615953738796783,0.99,0.01,0.99,,,0.01
"2026-06-16 20:46:28",BTCUSDT,-0.244313392056951,-0.23299705224163,0.0304830972836455,-0.263480149525276,-0.605250053770014,0.99,0.01,0.99,,,0.01
"2026-06-16 20:46:27",BTCUSDT,-0.21454385524001,-0.253671941705469,0.0266125053758017,-0.280284447081271,-0.726959164247962,0.99,0.01,0.99,,,0.01
"2026-06-16 20:46:27",BTCUSDT,-0.21437044185427,-0.248759254224069,0.0288654601413567,-0.277624714365426,-0.703373453208327,0.99,0.01,0.99,,,0.01
"2026-06-16 20:46:27",BTCUSDT,-0.214286432539782,-0.244450151513533,0.0305729170744268,-0.27502306858796,-0.680114823555737,0.99,0.01,0.99,,,0.01
"2026-06-16 20:46:26",BTCUSDT,-0.159694381539247,-0.272936105635074,0.0283649567902341,-0.301301062425308,-0.825650923693135,0.99,0.01,0.99,,,0.01
"2026-06-16 20:46:26",BTCUSDT,-0.214765184973044,-0.26566474055232,0.028098648822787,-0.293763389375107,-0.791325279640049,0.99,0.01,0.99,,,0.01
"2026-06-16 20:46:26",BTCUSDT,-0.214440162880896,-0.259261668343392,0.0299301376201119,-0.289191805963504,-0.763224007537664,0.99,0.01,0.99,,,0.01
"2026-06-16 20:46:25",BTCUSDT,-0.249399308132243,-0.30129220945789,0.0281767743685868,-0.329468983826477,-0.943340821155755,0.99,0.01,0.99,,,0.01
"2026-06-16 20:46:25",BTCUSDT,-0.249384330607937,-0.294803724601646,0.0299425868545281,-0.324746311456174,-0.912893698932652,0.99,0.01,0.99,,,0.01
"2026-06-16 20:46:25",BTCUSDT,-0.249281886121439,-0.28911349479162,0.0314050177199558,-0.320518512511576,-0.883773028112503,0.99,0.01,0.99,,,0.01
"2026-06-16 20:46:24",BTCUSDT,-0.219905185100959,-0.346875881979003,0.0299323864541256,-0.376808268433128,-1.12800552475568,0.99,0.01,0.99,,,0.01
"2026-06-16 20:46:24",BTCUSDT,-0.219930405614068,-0.331007697433386,0.0266209562101006,-0.357628653643486,-1.06579841447446,0.99,0.01,0.99,,,0.01
"2026-06-16 20:46:24",BTCUSDT,-0.219853775401291,-0.317113457179374,0.0300252241937586,-0.347138681373133,-1.02217860823341,0.99,0.01,0.99,,,0.01
"2026-06-16 20:46:24",BTCUSDT,-0.249849648351102,-0.30870548107584,0.0299374857854482,-0.338642966861288,-0.983175397133219,0.99,0.01,0.99,,,0.01
"2026-06-16 20:46:23",BTCUSDT,-0.268987878171507,-0.402324444796062,0.0297620538029745,-0.432086498599037,-1.31633104678769,0.99,0.01,0.99,,,0.01
"2026-06-16 20:46:23",BTCUSDT,-0.268977057532946,-0.385656021388173,0.0283697977511215,-0.414025819139294,-1.25326291343996,0.99,0.01,0.99,,,0.01
"2026-06-16 20:46:23",BTCUSDT,-0.220524273975432,-0.36501455296158,0.029919939897427,-0.394934492859007,-1.18903040628871,0.99,0.01,0.99,,,0.01
"2026-06-16 20:46:22",BTCUSDT,-0.214958050299335,-0.444070372052859,0.0271078896708942,-0.471178261723753,-1.45212143089837,0.99,0.01,0.99,,,0.01
"2026-06-16 20:46:22",BTCUSDT,-0.262487601569409,-0.421372525742427,0.0253547211569486,-0.446727246899376,-1.37224780778886,0.99,0.01,0.99,,,0.01
"2026-06-16 20:46:21",BTCUSDT,-0.380583156428975,-0.415098491725509,0.024185358473804,-0.439283850199313,-1.47673446755446,0.99,0.01,0.99,,,0.01
"2026-06-16 20:46:21",BTCUSDT,-0.684748489716324,-0.448804741474361,0.0225103922310831,-0.471315133705444,-1.51671851572253,0.99,0.01,0.99,,,0.01
"2026-06-16 20:46:21",BTCUSDT,-0.672772439534942,-0.476800703731934,0.0241679826369045,-0.500968686368838,-1.54803657882755,0.99,0.01,0.99,,,0.01
"2026-06-16 20:46:20",BTCUSDT,-0.378237619158335,-0.437212962119038,0.0241679826369045,-0.461380944755943,-1.62267090704831,0.99,0.01,0.99,,,0.01
"2026-06-16 20:46:20",BTCUSDT,-0.344893017880016,-0.425672969089161,0.022572858646974,-0.448245827736135,-1.55844317376928,0.99,0.01,0.99,,,0.01
"2026-06-16 20:46:20",BTCUSDT,-0.3805232476617,-0.420029253910728,0.0241555641005658,-0.444184818011294,-1.5176930189297,0.99,0.01,0.99,,,0.01
"2026-06-16 20:46:19",BTCUSDT,-0.378237619158335,-0.460987902835184,0.0308115325601048,-0.491799435395289,-1.81545057286998,0.99,0.01,0.99,,,0.01
"2026-06-16 20:46:19",BTCUSDT,-0.378278097718211,-0.450649177195563,0.0208294892838074,-0.47147866647937,-1.72316676527546,0.99,0.01,0.99,,,0.01
"2026-06-16 20:46:19",BTCUSDT,-0.410559848538459,-0.445638011113425,0.0225865318865809,-0.468224543000005,-1.67578761991061,0.99,0.01,0.99,,,0.01
"2026-06-16 20:46:18",BTCUSDT,-0.385794786174646,-0.500689190581873,0.0309010312593307,-0.531590221841204,-2.07978194863968,0.99,0.01,0.99,,,0.01
"2026-06-16 20:46:18",BTCUSDT,-0.385732644551665,-0.486319622328097,0.0275186520166039,-0.513838274344701,-1.9732411693121,0.99,0.01,0.99,,,0.01
"2026-06-16 20:46:18",BTCUSDT,-0.378237619158335,-0.472809371931877,0.0291591401387638,-0.501968512070641,-1.88939134187117,0.99,0.01,0.99,,,0.01
"2026-06-16 20:46:17",BTCUSDT,-0.706609594556508,-0.510644420844125,0.0275011036886684,-0.538145524532793,-2.33548857439768,0.99,0.01,0.99,,,0.01
"2026-06-16 20:46:17",BTCUSDT,-0.706719111953323,-0.535153757232774,0.0275045597971413,-0.562658317029916,-2.31302679356395,0.99,0.01,0.99,,,0.01
"2026-06-16 20:46:17",BTCUSDT,-0.390745114776679,-0.517102676925763,0.0289835308605021,-0.546086207786265,-2.18790002300794,0.99,0.01,0.99,,,0.01
"2026-06-16 20:46:16",BTCUSDT,-0.725831242397561,-0.410740870844905,0.0273254779499779,-0.438066348794883,-2.31027661457457,0.99,0.01,0.99,,,0.01
"2026-06-16 20:46:16",BTCUSDT,-0.72742602746336,-0.450326515422212,0.0273431957057954,-0.477669711128007,-2.34204776248264,0.99,0.01,0.99,,,0.01
"2026-06-16 20:46:16",BTCUSDT,-0.708909560269077,-0.48264939602807,0.0292494672162229,-0.511898863244293,-2.35177004126483,0.99,0.01,0.99,,,0.01
"2026-06-16 20:46:15",BTCUSDT,-0.752612114837433,-0.251580535768637,0.0273993341713796,-0.278979869940017,-2.01693141793418,0.99,0.01,0.99,,,0.01
"2026-06-16 20:46:15",BTCUSDT,-0.75241798989651,-0.314185217534621,0.0275011036886684,-0.34168632122329,-2.16166890104491,0.99,0.01,0.99,,,0.01
"2026-06-16 20:46:15",BTCUSDT,-0.726527162242427,-0.365727960623097,0.0290714157247056,-0.394799376347802,-2.25783406129848,0.99,0.01,0.99,,,0.01
"2026-06-16 20:46:14",BTCUSDT,-0.852611371426328,0.104591429222179,0.0291766868163672,0.0754147424058115,-0.891515952433878,0.99,0.01,0.99,,,0.01
"2026-06-16 20:46:14",BTCUSDT,-0.764386336433109,-0.00403079148473226,0.0274133710391206,-0.0314441625238529,-1.26296840048235,0.99,0.01,0.99,,,0.01
"2026-06-16 20:46:14",BTCUSDT,-0.763540133545075,-0.0989694592422751,0.0289835308605021,-0.127952990102777,-1.58244793254181,0.99,0.01,0.99,,,0.01
"2026-06-16 20:46:14",BTCUSDT,-0.747250552517403,-0.180004595901666,0.0290714157247056,-0.209076011626372,-1.82890594822156,0.99,0.01,0.99,,,0.01
"2026-06-16 20:46:13",BTCUSDT,0.156613151394906,0.450552207092225,0.0208185737812606,0.429733633310965,0.384363627055858,0.99,0.01,0.99,,,0.01
"2026-06-16 20:46:13",BTCUSDT,0.163940903258499,0.41472579411301,0.0174502805307436,0.397275513582266,0.256983329965503,0.99,0.01,0.99,,,0.01
"2026-06-16 20:46:13",BTCUSDT,-0.97240306712963,0.24133468645768,0.0189399357761132,0.222394750681566,-0.368632261334513,0.99,0.01,0.99,,,0.01
"2026-06-16 20:46:12",BTCUSDT,0.339197615055879,0.593011011839087,0.0292644291800268,0.56374658265906,0.899591737243743,0.99,0.01,0.99,,,0.01
"2026-06-16 20:46:12",BTCUSDT,0.164377963258726,0.539431880766542,0.0260126721343852,0.513419208632157,0.706362642732255,0.99,0.01,0.99,,,0.01
"2026-06-16 20:46:12",BTCUSDT,0.164324840740374,0.492543500763271,0.0192305803938661,0.473312920369405,0.550780870296277,0.99,0.01,0.99,,,0.01
"2026-06-16 20:46:11",BTCUSDT,0.403482082848822,0.718008558911788,0.0310755008969565,0.686933058014832,1.41348544784427,0.99,0.01,0.99,,,0.01
"2026-06-16 20:46:11",BTCUSDT,0.339385242343617,0.670680644340767,0.0177998899018795,0.652880754438887,1.25984825106455,0.99,0.01,0.99,,,0.01
"2026-06-16 20:46:11",BTCUSDT,0.339396037793854,0.629270068522403,0.0282345455527705,0.601035522969632,1.05189001673233,0.99,0.01,0.99,,,0.01
"2026-06-16 20:46:10",BTCUSDT,0.808954714712732,0.752507933210511,0.0243987482697405,0.728109184940771,1.70476388942899,0.99,0.01,0.99,,,0.01
"2026-06-16 20:46:10",BTCUSDT,0.809126679053418,0.759585276440874,0.0194153861337965,0.740169890307078,1.69453057060242,0.99,0.01,0.99,,,0.01
"2026-06-16 20:46:10",BTCUSDT,0.786430365994432,0.762940912635069,0.0211067070035679,0.741834205631501,1.64826786333487,0.99,0.01,0.99,,,0.01
"2026-06-16 20:46:09",BTCUSDT,0.789457497679811,0.72767041868177,0.0394435858329384,0.688226832848832,1.70742682929762,0.99,0.01,0.99,,,0.01
"2026-06-16 20:46:09",BTCUSDT,0.788133518987893,0.735228306220035,0.0311583820408485,0.704069924179187,1.71972477227942,0.99,0.01,0.99,,,0.01
"2026-06-16 20:46:09",BTCUSDT,0.808954714712732,0.744444107281622,0.0312359056674931,0.713208201614129,1.70315715138018,0.99,0.01,0.99,,,0.01
"2026-06-16 20:46:08",BTCUSDT,0.80923960001541,0.691220486496162,0.0278274284078345,0.663393058088327,1.72017445143538,0.99,0.01,0.99,,,0.01
"2026-06-16 20:46:08",BTCUSDT,0.809231726009152,0.705971891435286,0.0294148950300484,0.676556996405237,1.73787874244366,0.99,0.01,0.99,,,0.01
"2026-06-16 20:46:08",BTCUSDT,0.808946304837971,0.718843693110621,0.0294148950300484,0.689428798080573,1.7493365071157,0.99,0.01,0.99,,,0.01
"2026-06-16 20:46:07",BTCUSDT,0.775960311429104,0.628385172302297,0.0278320385424526,0.600553133759844,1.56643854676358,0.99,0.01,0.99,,,0.01
"2026-06-16 20:46:07",BTCUSDT,0.775960311429104,0.646832064693148,0.0294148950300484,0.6174171696631,1.59781937780314,0.99,0.01,0.99,,,0.01
"2026-06-16 20:46:07",BTCUSDT,0.867060452238117,0.674360613136269,0.0376422972044571,0.636718315931812,1.64807492384842,0.99,0.01,0.99,,,0.01
"2026-06-16 20:46:06",BTCUSDT,0.44140540313726,0.592066744379643,0.0317323344608518,0.560334409918791,1.51852420327764,0.99,0.01,0.99,,,0.01
"2026-06-16 20:46:06",BTCUSDT,0.52135737957838,0.583228073779485,0.0251844851322391,0.558043588647246,1.48108614349293,0.99,0.01,0.99,,,0.01
"2026-06-16 20:46:06",BTCUSDT,0.775827560102771,0.607303009569896,0.0333355686306651,0.573967440939231,1.50539691762185,0.99,0.01,0.99,,,0.01
"2026-06-16 20:46:05",BTCUSDT,0.843505238823651,0.683622453327613,0.0251844851322391,0.658437968195374,2.00894486443326,0.99,0.01,0.99,,,0.01
"2026-06-16 20:46:05",BTCUSDT,0.441359028426158,0.653339525214931,0.0236238741054064,0.629715651109525,1.86098996501903,0.99,0.01,0.99,,,0.01
"2026-06-16 20:46:05",BTCUSDT,0.441322522136066,0.626837399830073,0.0251844851322391,0.601652914697834,1.72472433905262,0.99,0.01,0.99,,,0.01
"2026-06-16 20:46:05",BTCUSDT,0.520856546217929,0.613589793128555,0.0349335023840951,0.57865629074446,1.61154261685812,0.99,0.01,0.99,,,0.01
"2026-06-16 20:46:04",BTCUSDT,0.905903556804864,0.587707577504928,0.023382741641006,0.564324835863922,1.87650915122428,0.99,0.01,0.99,,,0.01
"2026-06-16 20:46:04",BTCUSDT,0.89949010518809,0.626680393465323,0.0317323344608518,0.594948059004471,1.92160241757001,0.99,0.01,0.99,,,0.01
"2026-06-16 20:46:04",BTCUSDT,0.899493688939599,0.660782055399608,0.0332555330259407,0.627526522373667,1.96966347057982,0.99,0.01,0.99,,,0.01
"2026-06-16 20:46:03",BTCUSDT,0.438709430830385,0.483617469834844,0.0248998650963222,0.458717604738522,1.66353184446269,0.99,0.01,0.99,,,0.01
"2026-06-16 20:46:03",BTCUSDT,0.438728840242351,0.478006391135782,0.0216385515135634,0.456367839622219,1.61361633717942,0.99,0.01,0.99,,,0.01
"2026-06-16 20:46:03",BTCUSDT,0.99196333431759,0.542251009033508,0.0234372610482913,0.518813747985217,1.77732197771935,0.99,0.01,0.99,,,0.01
"2026-06-16 20:46:02",BTCUSDT,0.559852668532813,0.513579089179419,0.0248998650963222,0.488679224083096,1.91162311601027,0.99,0.01,0.99,,,0.01
"2026-06-16 20:46:02",BTCUSDT,0.413029604775091,0.501010403628878,0.0215663474715104,0.479444056157367,1.82778666950958,0.99,0.01,0.99,,,0.01
"2026-06-16 20:46:02",BTCUSDT,0.41319040642456,0.490032903978338,0.0233478398540269,0.466685064124311,1.73582530558243,0.99,0.01,0.99,,,0.01
"2026-06-16 20:46:01",BTCUSDT,0.580736396637237,0.486329162876324,0.025075457897454,0.46125370497887,1.97654094681968,0.99,0.01,0.99,,,0.01
"2026-06-16 20:46:01",BTCUSDT,0.580736396637237,0.498130067096438,0.0232701254269271,0.474859941669511,1.97301506057873,0.99,0.01,0.99,,,0.01
"2026-06-16 20:46:01",BTCUSDT,0.568838153070691,0.50696857784322,0.0233556450177304,0.483612932825489,1.9491483613677,0.99,0.01,0.99,,,0.01
"2026-06-16 20:46:00",BTCUSDT,0.598929371613048,0.431943286044103,0.0324604106302972,0.399482875413806,1.92743384407687,0.99,0.01,0.99,,,0.01
"2026-06-16 20:46:00",BTCUSDT,0.598975655563227,0.452822332233993,0.0232701254269271,0.429552206807066,1.97590296733817,0.99,0.01,0.99,,,0.01
"2026-06-16 20:46:00",BTCUSDT,0.612982995931592,0.472842415196193,0.0232699544020674,0.449572460794126,1.98944390968439,0.99,0.01,0.99,,,0.01
"2026-06-16 20:45:59",BTCUSDT,0.588422170788831,0.349674415661972,0.0282509332367184,0.321423482425254,1.81822504597087,0.99,0.01,0.99,,,0.01
"2026-06-16 20:45:59",BTCUSDT,0.598750284504408,0.380808899267277,0.0301568458357815,0.350652053431495,1.8671343957709,0.99,0.01,0.99,,,0.01
"2026-06-16 20:45:59",BTCUSDT,0.599042752831665,0.408088130962825,0.0303582815607913,0.377729849402034,1.9067082433738,0.99,0.01,0.99,,,0.01
"2026-06-16 20:45:58",BTCUSDT,0.57734394830968,0.225246197341209,0.0176234871595731,0.207622710181636,1.55807722360128,0.99,0.01,0.99,,,0.01
"2026-06-16 20:45:58",BTCUSDT,0.622450376454483,0.274896719730369,0.0259071545674698,0.248989565162899,1.6614859756845,0.99,0.01,0.99,,,0.01
"2026-06-16 20:45:58",BTCUSDT,0.600263709895357,0.315567593500992,0.0301415948553472,0.285425998645645,1.74264165838617,0.99,0.01,0.99,,,0.01
"2026-06-16 20:45:57",BTCUSDT,0.0275073489418135,0.00736915337724989,0.021781239728174,-0.0144120863509241,0.877360890647288,0.99,0.01,0.99,,,0.01
"2026-06-16 20:45:57",BTCUSDT,0.515118052386094,0.0708377657533554,0.0174002783465469,0.0534374874068086,1.10222949559911,0.99,0.01,0.99,,,0.01
"2026-06-16 20:45:57",BTCUSDT,0.515118052386094,0.126372801582448,0.0195506039965279,0.10682219758592,1.26741754472916,0.99,0.01,0.99,,,0.01
"2026-06-16 20:45:57",BTCUSDT,0.514962537974289,0.174946518631428,0.0221239218220701,0.152822596809358,1.40000313023343,0.99,0.01,0.99,,,0.01
"2026-06-16 20:45:56",BTCUSDT,0.0294245507580341,-0.0035876084139367,0.0218033331833591,-0.0253909415972958,0.90246444697001,0.99,0.01,0.99,,,0.01
"2026-06-16 20:45:56",BTCUSDT,0.0308865322176778,0.000721659165015111,0.0173964625504241,-0.016674803385409,0.913166144842818,0.99,0.01,0.99,,,0.01
"2026-06-16 20:45:56",BTCUSDT,0.0308865322176778,0.00449226829659794,0.0196624104067688,-0.0151701421101709,0.896635551440177,0.99,0.01,0.99,,,0.01
"2026-06-16 20:45:55",BTCUSDT,-0.0174671533166284,-0.0108751784990467,0.021781239728174,-0.0326564182272207,0.940293444998781,0.99,0.01,0.99,,,0.01
"2026-06-16 20:45:55",BTCUSDT,-0.0145178916243828,-0.0113305176397137,0.0173779628506535,-0.0287084804903672,0.932380714630824,0.99,0.01,0.99,,,0.01
"2026-06-16 20:45:55",BTCUSDT,0.0128845742556785,-0.00830363115278967,0.0197740181017564,-0.028077649254546,0.91319869983606,0.99,0.01,0.99,,,0.01
"2026-06-16 20:45:54",BTCUSDT,-0.013431403901503,-0.00927839672971024,0.0219008025426401,-0.0311791992723504,1.01934757568937,0.99,0.01,0.99,,,0.01
"2026-06-16 20:45:54",BTCUSDT,-0.010506573674286,-0.00943191884778221,0.0194433001515136,-0.0288752189992958,1.00294777008924,0.99,0.01,0.99,,,0.01
"2026-06-16 20:45:54",BTCUSDT,-0.0134443105520903,-0.00993346781082072,0.0197740181017564,-0.0297074859125771,0.975105117344867,0.99,0.01,0.99,,,0.01
"2026-06-16 20:45:53",BTCUSDT,-0.0243587087636401,-0.00388706955024268,0.0217892794274445,-0.0256763489776872,1.11095241210357,0.99,0.01,0.99,,,0.01
"2026-06-16 20:45:53",BTCUSDT,-0.0243587087636401,-0.00644602445191735,0.0195285134154708,-0.0259745378673882,1.08755003756965,0.99,0.01,0.99,,,0.01
"2026-06-16 20:45:53",BTCUSDT,-0.0243587087636401,-0.00868510999088269,0.0196400917992454,-0.0283252017901281,1.05486163971683,0.99,0.01,0.99,,,0.01
"2026-06-16 20:45:52",BTCUSDT,-0.00705980313438595,0.00413869737552481,0.0174895501204848,-0.01335085274496,1.23635087992736,0.99,0.01,0.99,,,0.01
"2026-06-16 20:45:52",BTCUSDT,-0.00994755575835375,0.00237791573378999,0.0195508271385939,-0.0171729114048039,1.1932010466202,0.99,0.01,0.99,,,0.01
"2026-06-16 20:45:52",BTCUSDT,-0.0243458074374458,-0.000962549662614478,0.019528290283172,-0.0204908399457865,1.15426453557968,0.99,0.01,0.99,,,0.01
"2026-06-16 20:45:51",BTCUSDT,-0.00859108836867807,0.00963734293617476,0.0176234871595731,-0.00798614422339838,1.35760971901225,0.99,0.01,0.99,,,0.01
"2026-06-16 20:45:51",BTCUSDT,-0.00859142171091212,0.0073587473552889,0.0195602984712262,-0.0122015511159373,1.30624025836951,0.99,0.01,0.99,,,0.01
"2026-06-16 20:45:51",BTCUSDT,-0.00560336618578289,0.00573848316265492,0.0196400917992454,-0.0139016086365905,1.26620260951294,0.99,0.01,0.99,,,0.01
"2026-06-16 20:45:50",BTCUSDT,-0.00845307528370929,0.0186057367414845,0.00916886246135602,0.00943687428012847,1.54342332841792,0.99,0.01,0.99,,,0.01
"2026-06-16 20:45:50",BTCUSDT,-0.00847715645129508,0.015220375092387,0.0101303919170355,0.00508998317535157,1.48393040386084,0.99,0.01,0.99,,,0.01
"2026-06-16 20:45:50",BTCUSDT,-0.00861138923747942,0.0122414045511537,0.0114410344538854,0.000800370097268337,1.42795012136857,0.99,0.01,0.99,,,0.01
"2026-06-16 20:45:49",BTCUSDT,-0.00544629889764522,0.0395098288868792,0.0114295120849527,0.0280803168019265,1.83131228760294,0.99,0.01,0.99,,,0.01
"2026-06-16 20:45:49",BTCUSDT,-0.00546392795709796,0.0338881092813821,0.00940974079234336,0.0244783684890387,1.75530387926589,0.99,0.01,0.99,,,0.01
"2026-06-16 20:45:49",BTCUSDT,-0.00547589712455873,0.0289676084806395,0.0102432674824806,0.0187243409981588,1.67661351667816,0.99,0.01,0.99,,,0.01
"2026-06-16 20:45:49",BTCUSDT,-0.0230030088323789,0.0224712813165122,0.0114986502367141,0.010972631079798,1.596085049531,0.99,0.01,0.99,,,0.01
"2026-06-16 20:45:48",BTCUSDT,-0.00670150135103685,0.0620310039121082,0.0180924956326547,0.0439385082794535,2.12301337809465,0.99,0.01,0.99,,,0.01
"2026-06-16 20:45:48",BTCUSDT,-0.00666391425594734,0.0534441391411012,0.00905678859558641,0.0443873505455148,2.04055383124608,0.99,0.01,0.99,,,0.01
"2026-06-16 20:45:48",BTCUSDT,-0.00665191113893294,0.045932132856097,0.0101868329177626,0.0357452999383343,1.92966735124452,0.99,0.01,0.99,,,0.01
"2026-06-16 20:45:47",BTCUSDT,-0.00383308106565002,0.09593477331183,0.0180370665570007,0.0778977067548293,2.59086695739975,0.99,0.01,0.99,,,0.01
"2026-06-16 20:45:47",BTCUSDT,-0.00682721101420908,0.0830895252710751,0.0170842033784653,0.0660053218926099,2.41636316933306,0.99,0.01,0.99,,,0.01
"2026-06-16 20:45:47",BTCUSDT,-0.00682721101420908,0.0718499332354146,0.01702082129151,0.0548291119439046,2.26192097346674,0.99,0.01,0.99,,,0.01
"2026-06-16 20:45:46",BTCUSDT,0.252148618751549,0.0829083339014279,0.0182016215638472,0.0647067123375807,2.94856107951326,0.99,0.01,0.99,,,0.01
"2026-06-16 20:45:46",BTCUSDT,0.249433094225277,0.103723928941909,0.0170264895516694,0.0866974393902396,2.92501414215628,0.99,0.01,0.99,,,0.01
"2026-06-16 20:45:46",BTCUSDT,0.155431088904111,0.110187323937184,0.0169709346875738,0.0932163892496105,2.80157501320013,0.99,0.01,0.99,,,0.01
"2026-06-16 20:45:45",BTCUSDT,0.252058020718584,-0.000465336174534717,0.0181522556380343,-0.018617591812569,2.68630461413575,0.99,0.01,0.99,,,0.01
"2026-06-16 20:45:45",BTCUSDT,0.252058020718584,0.0311000834371052,0.0169709346875738,0.0141291487495313,2.82694523353754,0.99,0.01,0.99,,,0.01
"2026-06-16 20:45:45",BTCUSDT,0.252148618751549,0.0587311503514106,0.0170266047424048,0.0417045456090058,2.91153221937713,0.99,0.01,0.99,,,0.01
"2026-06-16 20:45:44",BTCUSDT,0.385224511473655,-0.125174805756765,0.0182016215638472,-0.143376427320612,1.96715950993017,0.99,0.01,0.99,,,0.01
"2026-06-16 20:45:44",BTCUSDT,0.253659561214808,-0.0778205098853183,0.0170842033784653,-0.0949047132637836,2.26367701828644,0.99,0.01,0.99,,,0.01
"2026-06-16 20:45:44",BTCUSDT,0.252422757637386,-0.0365401014449803,0.0180809781837705,-0.0546210796287508,2.49869105959618,0.99,0.01,0.99,,,0.01
"2026-06-16 20:45:43",BTCUSDT,0.0690062384458912,-0.34327774168034,0.014364669486581,-0.357642411166921,0.663822861069311,0.99,0.01,0.99,,,0.01
"2026-06-16 20:45:43",BTCUSDT,0.0766119931073023,-0.290791524831884,0.016657555912181,-0.307449080744065,0.97576157578387,0.99,0.01,0.99,,,0.01
"2026-06-16 20:45:43",BTCUSDT,0.450828722362876,-0.198088993932539,0.018094657839342,-0.216183651771881,1.52255148544299,0.99,0.01,0.99,,,0.01
"2026-06-16 20:45:42",BTCUSDT,-0.995904730618111,-0.52882952226531,0.0111281390467408,-0.539957661312051,-0.35356313521832,0.99,0.01,0.99,,,0.01
"2026-06-16 20:45:42",BTCUSDT,-0.112938294529728,-0.476843118798362,0.0109449009695494,-0.487788019767911,-0.0723743433173807,0.99,0.01,0.99,,,0.01
"2026-06-16 20:45:42",BTCUSDT,0.120498206572983,-0.402175453126944,0.0144403479186966,-0.41661580104564,0.319241701304685,0.99,0.01,0.99,,,0.01
"2026-06-16 20:45:41",BTCUSDT,-0.444786694409313,-0.443498853565242,0.0110589923482108,-0.454557845913453,-0.0143944349933645,0.99,0.01,0.99,,,0.01
"2026-06-16 20:45:41",BTCUSDT,-0.475917248305979,-0.447551152907835,0.0121401567658128,-0.459691309673647,-0.0145614841774436,0.99,0.01,0.99,,,0.01
"2026-06-16 20:45:41",BTCUSDT,-0.563977869650149,-0.462104492500624,0.0132059840805853,-0.475310476581209,-0.064224860918877,0.99,0.01,0.99,,,0.01
"2026-06-16 20:45:40",BTCUSDT,-0.442549578381797,-0.444401603816922,0.0126008485225528,-0.457002452339475,-0.110131383726971,0.99,0.01,0.99,,,0.01
"2026-06-16 20:45:40",BTCUSDT,-0.442549578381797,-0.444170100637531,0.00988676912392933,-0.454056869761461,-0.0780489114239989,0.99,0.01,0.99,,,0.01
"2026-06-16 20:45:40",BTCUSDT,-0.442549578381797,-0.443967535355565,0.00984309972789498,-0.45381063508346,-0.0556716264789958,0.99,0.01,0.99,,,0.01
"2026-06-16 20:45:40",BTCUSDT,-0.438746262925478,-0.443314876301804,0.0106470455180489,-0.453961921819853,-0.0344298389344867,0.99,0.01,0.99,,,0.01
"2026-06-16 20:45:39",BTCUSDT,-0.417410571041601,-0.452516585497434,0.0117121287968017,-0.464228714294236,-0.189793354716987,0.99,0.01,0.99,,,0.01
"2026-06-16 20:45:39",BTCUSDT,-0.420846636443355,-0.448557841865674,0.0117017708782086,-0.460259612743883,-0.158029494199153,0.99,0.01,0.99,,,0.01
"2026-06-16 20:45:39",BTCUSDT,-0.417424537972941,-0.444666178879083,0.0116036248201965,-0.456269803699279,-0.124903874864656,0.99,0.01,0.99,,,0.01
"2026-06-16 20:45:38",BTCUSDT,-0.442468229594928,-0.469348286884698,0.0107486706408524,-0.48009695752555,-0.298787311012967,0.99,0.01,0.99,,,0.01
"2026-06-16 20:45:38",BTCUSDT,-0.420751038600253,-0.463273630849142,0.0106650346332599,-0.473938665482402,-0.259049654307037,0.99,0.01,0.99,,,0.01
"2026-06-16 20:45:38",BTCUSDT,-0.417338427413573,-0.457531730419696,0.0107579540700417,-0.468289684489738,-0.221303188481154,0.99,0.01,0.99,,,0.01
"2026-06-16 20:45:37",BTCUSDT,-0.298776519702857,-0.498680121283507,0.010801397407661,-0.509481518691168,-0.460611664054812,0.99,0.01,0.99,,,0.01
"2026-06-16 20:45:37",BTCUSDT,-0.329849019046745,-0.477576233503912,0.00984852907310531,-0.487424762577017,-0.358309362474454,0.99,0.01,0.99,,,0.01
"2026-06-16 20:45:37",BTCUSDT,-0.442472726024222,-0.47318829506895,0.010702256052732,-0.483890551121682,-0.329059074829931,0.99,0.01,0.99,,,0.01
"2026-06-16 20:45:36",BTCUSDT,-0.252874084602164,-0.602428662383913,0.00712107218846975,-0.609549734572383,-0.904691592742967,0.99,0.01,0.99,,,0.01
"2026-06-16 20:45:36",BTCUSDT,-0.261916853373164,-0.559864686257569,0.00980211276442305,-0.569666799021992,-0.729785567026959,0.99,0.01,0.99,,,0.01
"2026-06-16 20:45:36",BTCUSDT,-0.298849425414384,-0.527237778652171,0.0107114458027183,-0.53794922445489,-0.588399053375556,0.99,0.01,0.99,,,0.01
"2026-06-16 20:45:35",BTCUSDT,-0.687039776070741,-0.641544737428577,0.00884206707601207,-0.650386804504589,-1.14486901742184,0.99,0.01,0.99,,,0.01
"2026-06-16 20:45:35",BTCUSDT,-0.687743531020882,-0.647319586627615,0.0080414493127341,-0.655361035940349,-1.13503877726485,0.99,0.01,0.99,,,0.01
"2026-06-16 20:45:35",BTCUSDT,-0.687683138714282,-0.652365030638449,0.0088929603011338,-0.661257990939582,-1.12899349211839,0.99,0.01,0.99,,,0.01
"2026-06-16 20:45:34",BTCUSDT,-0.685448665646273,-0.619821191058892,0.00796895268258788,-0.62779014374148,-1.14547173494268,0.99,0.01,0.99,,,0.01
"2026-06-16 20:45:34",BTCUSDT,-0.68474590403135,-0.627936780180449,0.00983924547000235,-0.637776025650452,-1.15498210420426,0.99,0.01,0.99,,,0.01
"2026-06-16 20:45:34",BTCUSDT,-0.684806108288714,-0.635045446193982,0.0107579540700417,-0.645803400264024,-1.1565285264642,0.99,0.01,0.99,,,0.01
"2026-06-16 20:45:33",BTCUSDT,-0.684777389309766,-0.573854217353768,0.00898385181415761,-0.582838069167925,-1.08153180882562,0.99,0.01,0.99,,,0.01
"2026-06-16 20:45:33",BTCUSDT,-0.684749650749301,-0.58771614652821,0.00802465355120093,-0.595740800079411,-1.10543266362066,0.99,0.01,0.99,,,0.01
"2026-06-16 20:45:33",BTCUSDT,-0.684696161539194,-0.599838648404583,0.00797814290184916,-0.607816791306432,-1.12500865007741,0.99,0.01,0.99,,,0.01
"2026-06-16 20:45:33",BTCUSDT,-0.684696161539194,-0.610445837546409,0.00898137240787054,-0.61942720995428,-1.14189610088483,0.99,0.01,0.99,,,0.01
"2026-06-16 20:45:32",BTCUSDT,-0.684713893970721,-0.519213184661367,0.00621580646984674,-0.525428991131214,-0.925255306544431,0.99,0.01,0.99,,,0.01
"2026-06-16 20:45:32",BTCUSDT,-0.684753988741639,-0.539905785171401,0.00796895268258788,-0.547874737853989,-0.992701122468481,0.99,0.01,0.99,,,0.01
"2026-06-16 20:45:32",BTCUSDT,-0.684723903252049,-0.558008049931482,0.00807107564451679,-0.566079125575999,-1.04092970567473,0.99,0.01,0.99,,,0.01
"2026-06-16 20:45:31",BTCUSDT,-0.647803472901878,-0.495570226188603,0.00617126929354784,-0.501741495482151,-0.850429317417312,0.99,0.01,0.99,,,0.01
"2026-06-16 20:45:30",BTCUSDT,-0.235413842129396,-0.388100274843746,0.00625316011850112,-0.394353434962247,-0.474526519082685,0.99,0.01,0.99,,,0.01
"2026-06-16 20:45:30",BTCUSDT,-0.647803472901878,-0.420563174601012,0.0054126203807801,-0.425975794981792,-0.591479007139524,0.99,0.01,0.99,,,0.01
"2026-06-16 20:45:30",BTCUSDT,-0.647803472901878,-0.44896821188862,0.005472195520155,-0.454440407408775,-0.693268879810271,0.99,0.01,0.99,,,0.01
"2026-06-16 20:45:30",BTCUSDT,-0.647803472901878,-0.473822619515278,0.00631707091802961,-0.480139690433307,-0.781494132494145,0.99,0.01,0.99,,,0.01
"2026-06-16 20:45:29",BTCUSDT,-0.155409930331303,-0.501537995510253,0.00541879853390854,-0.506956794044162,-0.983377978005422,0.99,0.01,0.99,,,0.01
"2026-06-16 20:45:29",BTCUSDT,-0.111454880041984,-0.452777606076719,0.00593691855976577,-0.458714524636485,-0.766002047322354,0.99,0.01,0.99,,,0.01
"2026-06-16 20:45:29",BTCUSDT,-0.109857736457902,-0.409912622374367,0.00540443255819822,-0.415317054932565,-0.572988867348147,0.99,0.01,0.99,,,0.01
"2026-06-16 20:45:28",BTCUSDT,-0.206559951577415,-0.602935004679213,0.00621931340206939,-0.609154318081283,-1.46523671922918,0.99,0.01,0.99,,,0.01
"2026-06-16 20:45:28",BTCUSDT,-0.187333862960617,-0.550984861964389,0.00545978663268312,-0.556444648597072,-1.21262567679535,0.99,0.01,0.99,,,0.01
"2026-06-16 20:45:27",BTCUSDT,-0.964872395973592,-0.796918926094325,0.0061793462744764,-0.803098272368801,-2.50792306737385,0.99,0.01,0.99,,,0.01
"2026-06-16 20:45:27",BTCUSDT,-0.253689942823733,-0.729015303185501,0.0054593415086625,-0.734474644694163,-2.10846694295066,0.99,0.01,0.99,,,0.01
"2026-06-16 20:45:27",BTCUSDT,-0.173372975822969,-0.659560012265184,0.00541016022269024,-0.664970172487875,-1.74590617337787,0.99,0.01,0.99,,,0.01
"2026-06-16 20:45:26",BTCUSDT,-0.972900991657485,-0.712358400038929,0.00621931340206939,-0.718577713440999,-2.53575426650659,0.99,0.01,0.99,,,0.01
"2026-06-16 20:45:26",BTCUSDT,-0.972905960411674,-0.744926845085523,0.00541879853390854,-0.750345643619431,-2.54764712794701,0.99,0.01,0.99,,,0.01
"2026-06-16 20:45:26",BTCUSDT,-0.96891667043678,-0.77292557325443,0.00625978052531726,-0.779185353779747,-2.53977165531882,0.99,0.01,0.99,,,0.01
"2026-06-16 20:45:25",BTCUSDT,-0.307502430577931,-0.584064675261915,0.0053150900446504,-0.589379765306565,-2.23515049538286,0.99,0.01,0.99,,,0.01
"2026-06-16 20:45:25",BTCUSDT,-0.972350983799935,-0.632600463829167,0.004917327923257,-0.637517791752424,-2.38470097222611,0.99,0.01,0.99,,,0.01
"2026-06-16 20:45:25",BTCUSDT,-0.972900991657485,-0.675138029807707,0.00626131030277701,-0.681399340110484,-2.48645058372982,0.99,0.01,0.99,,,0.01
"2026-06-16 20:45:24",BTCUSDT,-0.766088855749625,-0.66692323305845,0.00631564014311965,-0.67323887320157,-3.24540475348193,0.99,0.01,0.99,,,0.01
"2026-06-16 20:45:24",BTCUSDT,-0.766088855749625,-0.679318935894847,0.00505498528792411,-0.684373921182771,-3.07110211660953,0.99,0.01,0.99,,,0.01
"2026-06-16 20:45:24",BTCUSDT,-0.233355987613084,-0.623573567359627,0.005957712492058,-0.629531279851685,-2.57895418735698,0.99,0.01,0.99,,,0.01
"2026-06-16 20:45:23",BTCUSDT,-0.764640323206591,-0.565893813246691,0.00496610715339683,-0.570859920400088,-3.4132321943238,0.99,0.01,0.99,,,0.01
"2026-06-16 20:45:23",BTCUSDT,-0.910143920204362,-0.6089250766164,0.00529062614135572,-0.614215702757756,-3.43292568031846,0.99,0.01,0.99,,,0.01
"2026-06-16 20:45:23",BTCUSDT,-0.959578187934316,-0.65275671553114,0.00632376276032467,-0.659080478291464,-3.43512870496012,0.99,0.01,0.99,,,0.01
"2026-06-16 20:45:22",BTCUSDT,-0.673857670604984,-0.495755891075915,0.00470794216890769,-0.500463833244823,-3.82351867397421,0.99,0.01,0.99,,,0.01
"2026-06-16 20:45:22",BTCUSDT,-0.673857670604984,-0.518018613517049,0.00573584257181254,-0.523754456088861,-3.66494603326591,0.99,0.01,0.99,,,0.01
"2026-06-16 20:45:22",BTCUSDT,-0.673881342828589,-0.537501454680991,0.00600039108314115,-0.543501845764132,-3.50080933859233,0.99,0.01,0.99,,,0.01
"2026-06-16 20:45:21",BTCUSDT,-0.677124556575114,-0.408020910793632,0.00303347258873484,-0.411054383382367,-4.17194047240913,0.99,0.01,0.99,,,0.01
"2026-06-16 20:45:21",BTCUSDT,-0.673733129715401,-0.441234938158853,0.00470832792209791,-0.445943266080951,-4.1212646046431,0.99,0.01,0.99,,,0.01
"2026-06-16 20:45:21",BTCUSDT,-0.673857670604984,-0.47031277971462,0.00547243464535741,-0.475785214359977,-3.99256847464467,0.99,0.01,0.99,,,0.01
"2026-06-16 20:45:20",BTCUSDT,-0.856518701756797,-0.176750379269939,0.0088981945256073,-0.185648573795546,-1.28893044745501,0.99,0.01,0.99,,,0.01
"2026-06-16 20:45:20",BTCUSDT,-0.960663108628423,-0.274739470439749,0.00814817615662059,-0.28288764659637,-3.24488238335038,0.99,0.01,0.99,,,0.01
"2026-06-16 20:45:20",BTCUSDT,-0.679673639301635,-0.325356241547485,0.00431584339495945,-0.329672084942445,-3.82583597378044,0.99,0.01,0.99,,,0.01
"2026-06-16 20:45:20",BTCUSDT,-0.679126571766398,-0.369577532824849,0.00358326390852311,-0.373160796733372,-4.11471135414811,0.99,0.01,0.99,,,0.01
"2026-06-16 20:45:19",BTCUSDT,-0.151962732780814,-0.05716843387021,0.00518373706980751,-0.0623521709400175,1.44250318389181,0.99,0.01,0.99,,,0.01
"2026-06-16 20:45:19",BTCUSDT,-0.151907598630623,-0.0690108294652616,0.00435442568343527,-0.0733652551486969,1.20193212959433,0.99,0.01,0.99,,,0.01
"2026-06-16 20:45:19",BTCUSDT,-0.154049145060557,-0.0796406189146735,0.00510833373275913,-0.0847489526474327,0.943200339606943,0.99,0.01,0.99,,,0.01
"2026-06-16 20:45:18",BTCUSDT,-0.0210681936978757,-0.0428952802420753,0.0088981945256073,-0.0517934747676826,1.61287755510304,0.99,0.01,0.99,,,0.01
"2026-06-16 20:45:18",BTCUSDT,-0.021061870952641,-0.040166104080896,0.00811258314391797,-0.0482786872248139,1.7186767520656,0.99,0.01,0.99,,,0.01
"2026-06-16 20:45:18",BTCUSDT,-0.0678484007832898,-0.0436263911686952,0.00886081268006792,-0.0524872038487631,1.64680440378659,0.99,0.01,0.99,,,0.01
"2026-06-16 20:45:17",BTCUSDT,-0.0680553515771609,-0.0536191506517556,0.00514483050250197,-0.0587639811542576,1.3482912258228,0.99,0.01,0.99,,,0.01
"2026-06-16 20:45:17",BTCUSDT,-0.021179729255257,-0.0495642229771932,0.0043541711814243,-0.0539183941586176,1.47605069585107,0.99,0.01,0.99,,,0.01
"2026-06-16 20:45:17",BTCUSDT,-0.0211579228610489,-0.0460134354626752,0.00510833373275913,-0.0511217691954343,1.57529967694724,0.99,0.01,0.99,,,0.01
"2026-06-16 20:45:16",BTCUSDT,-0.0592046710119512,-0.0477424539032541,0.00554503750686616,-0.0532874914101203,1.24725829110072,0.99,0.01,0.99,,,0.01
"2026-06-16 20:45:16",BTCUSDT,-0.0594339258937612,-0.0492038879020675,0.00435343600067249,-0.05355732390274,1.28580488329805,0.99,0.01,0.99,,,0.01
"2026-06-16 20:45:16",BTCUSDT,-0.0680274745562517,-0.0515568362338405,0.00886081268006792,-0.0604176489139085,1.26912803052936,0.99,0.01,0.99,,,0.01
"2026-06-16 20:45:15",BTCUSDT,-0.0591595780050114,-0.0420957214057291,0.00416478509394047,-0.0462605064996696,1.26896581695353,0.99,0.01,0.99,,,0.01
"2026-06-16 20:45:15",BTCUSDT,-0.0591595780050114,-0.0442287034806394,0.00416478509394047,-0.0483934885745799,1.25605477689162,0.99,0.01,0.99,,,0.01
"2026-06-16 20:45:15",BTCUSDT,-0.0592390301659034,-0.0461049943162974,0.00483834224629386,-0.0509433365625913,1.24601097805271,0.99,0.01,0.99,,,0.01
"2026-06-16 20:45:14",BTCUSDT,-0.059659494066082,-0.0368745473012783,0.00565232647475804,-0.0425268737760363,1.30529890034133,0.99,0.01,0.99,,,0.01
"2026-06-16 20:45:14",BTCUSDT,-0.0591423897377058,-0.0396580276058317,0.00412931319383354,-0.0437873407996652,1.29011350943831,0.99,0.01,0.99,,,0.01
"2026-06-16 20:45:13",BTCUSDT,0.0571113408871611,-0.083619555634846,0.00558198903436495,-0.0892015446692109,0.978558974292661,0.99,0.01,0.99,,,0.01
"2026-06-16 20:45:13",BTCUSDT,0.129735176356744,-0.0569502141358972,0.00416478509394047,-0.0611149992298377,1.18078881430591,0.99,0.01,0.99,,,0.01
"2026-06-16 20:45:13",BTCUSDT,0.12969505970083,-0.0336195549063063,0.00483730914536411,-0.0384568640516704,1.3471022989571,0.99,0.01,0.99,,,0.01
"2026-06-16 20:45:12",BTCUSDT,-0.132912972905481,-0.136408651194519,0.00531133153488087,-0.1417199827294,0.641450550703458,0.99,0.01,0.99,,,0.01
"2026-06-16 20:45:12",BTCUSDT,-0.0579237984208574,-0.126598044597811,0.00541781771132777,-0.132015862309139,0.69301448629216,0.99,0.01,0.99,,,0.01
"2026-06-16 20:45:12",BTCUSDT,0.0563945567950465,-0.103723969423704,0.00612797627937182,-0.109851945703076,0.838895641236179,0.99,0.01,0.99,,,0.01
"2026-06-16 20:45:11",BTCUSDT,-0.149280575539568,-0.133062619758002,0.00416742862092269,-0.137230048378924,0.730034589599418,0.99,0.01,0.99,,,0.01
"2026-06-16 20:45:11",BTCUSDT,-0.149482740803962,-0.135115134888747,0.00420388172910859,-0.139319016617855,0.696195367108744,0.99,0.01,0.99,,,0.01
"2026-06-16 20:45:11",BTCUSDT,-0.149458326236683,-0.136908033807239,0.00495652383013861,-0.141864557637377,0.659324591368614,0.99,0.01,0.99,,,0.01
"2026-06-16 20:45:10",BTCUSDT,-0.133400302335788,-0.126475584696671,0.00416267282923601,-0.130638257525907,0.85749990374225,0.99,0.01,0.99,,,0.01
"2026-06-16 20:45:10",BTCUSDT,-0.133386908639798,-0.127339500189562,0.00399622706693161,-0.131335727256494,0.831235100510425,0.99,0.01,0.99,,,0.01
"2026-06-16 20:45:10",BTCUSDT,-0.133386908639798,-0.128095426245842,0.004132391948042,-0.132227818193884,0.804164177675356,0.99,0.01,0.99,,,0.01
"2026-06-16 20:45:10",BTCUSDT,-0.149298167735615,-0.130745768932063,0.00417549342536378,-0.134921262357427,0.765622384700157,0.99,0.01,0.99,,,0.01
"2026-06-16 20:45:09",BTCUSDT,-0.121956779605352,-0.126565709011294,-0.0100026319382183,-0.116563077073075,1.00993074021508,0.99,0.01,0.99,,,0.01
"2026-06-16 20:45:09",BTCUSDT,-0.121956779605352,-0.125989592835551,0.00412863049666794,-0.130118223332219,0.902852480958687,0.99,0.01,0.99,,,0.01
"2026-06-16 20:45:09",BTCUSDT,-0.121963564708382,-0.125486339319655,0.00420564710638601,-0.129691986426041,0.885486687154917,0.99,0.01,0.99,,,0.01
"2026-06-16 20:45:08",BTCUSDT,-0.122079106349025,-0.128800795491462,0.0041158838995335,-0.132916679390995,0.960652784814357,0.99,0.01,0.99,,,0.01
"2026-06-16 20:45:08",BTCUSDT,-0.122079106349025,-0.127960584348657,-0.009902019940567,-0.11805856440809,1.03985328260751,0.99,0.01,0.99,,,0.01
"2026-06-16 20:45:08",BTCUSDT,-0.122068929542254,-0.127224127497857,-0.0100025622694459,-0.117221565228411,1.02498078018239,0.99,0.01,0.99,,,0.01
"2026-06-16 20:45:07",BTCUSDT,-0.122063305253922,-0.132171520556573,0.00811814216798197,-0.140289662724555,0.977160415137095,0.99,0.01,0.99,,,0.01
"2026-06-16 20:45:07",BTCUSDT,-0.122063305253922,-0.130907993643741,0.00467345471333774,-0.135581448357079,0.985605355905175,0.99,0.01,0.99,,,0.01
"2026-06-16 20:45:07",BTCUSDT,-0.121732338874003,-0.129761036797524,0.00815246541555528,-0.137913502213079,0.947478781027532,0.99,0.01,0.99,,,0.01
"2026-06-16 20:45:06",BTCUSDT,-0.122040206617879,-0.137152102195138,0.00439994755876461,-0.141552049753903,1.04404636309835,0.99,0.01,0.99,,,0.01
"2026-06-16 20:45:06",BTCUSDT,-0.122062262072697,-0.135265872179833,0.007776932726651,-0.143042804906484,1.00841873287431,0.99,0.01,0.99,,,0.01
"2026-06-16 20:45:06",BTCUSDT,-0.122063305253922,-0.133615551314094,0.00408585720514196,-0.137701408519236,1.01972600545001,0.99,0.01,0.99,,,0.01
"2026-06-16 20:45:05",BTCUSDT,-0.0468913895392257,-0.144597904972272,0.00405406927829699,-0.148651974250569,1.05931882614169,0.99,0.01,0.99,,,0.01
"2026-06-16 20:45:05",BTCUSDT,-0.122040206617879,-0.141778192677973,0.00746968739653445,-0.149247880074507,1.03942612856066,0.99,0.01,0.99,,,0.01
"2026-06-16 20:45:05",BTCUSDT,-0.122040206617879,-0.139310944420461,0.00770874657648014,-0.147019690996941,1.03224976395609,0.99,0.01,0.99,,,0.01
"2026-06-16 20:45:04",BTCUSDT,-0.185762251979722,-0.16862235311276,0.00398535789969083,-0.172607711012451,0.848161397519235,0.99,0.01,0.99,,,0.01
"2026-06-16 20:45:04",BTCUSDT,-0.191908026066625,-0.171533062231993,0.00390854576029621,-0.175441607992289,0.858550454310022,0.99,0.01,0.99,,,0.01
"2026-06-16 20:45:04",BTCUSDT,-0.0677163932205615,-0.158555978605564,0.0040539994535325,-0.162609978059097,0.962963451670647,0.99,0.01,0.99,,,0.01
"2026-06-16 20:45:03",BTCUSDT,-0.168969692453849,-0.160182469603541,0.00406197876115227,-0.164244448364693,0.731029335119611,0.99,0.01,0.99,,,0.01
"2026-06-16 20:45:03",BTCUSDT,-0.185745462790632,-0.163377843751927,0.00415997466559015,-0.167537818417517,0.771850923876131,0.99,0.01,0.99,,,0.01
"2026-06-16 20:45:03",BTCUSDT,-0.185745462790632,-0.166173796131765,0.00394961768763366,-0.170123413819399,0.818725665679823,0.99,0.01,0.99,,,0.01
"2026-06-16 20:45:02",BTCUSDT,-0.167623519606493,-0.15604521539893,0.00496718074067138,-0.161012396139601,0.584680423459943,0.99,0.01,0.99,,,0.01
"2026-06-16 20:45:02",BTCUSDT,-0.167623519606493,-0.157492503424875,0.00548774410795092,-0.162980247532826,0.626360014716388,0.99,0.01,0.99,,,0.01
"2026-06-16 20:45:02",BTCUSDT,-0.168969692453849,-0.158927152053497,0.00427220503238659,-0.163199357085883,0.679653571754262,0.99,0.01,0.99,,,0.01
"2026-06-16 20:45:01",BTCUSDT,-0.167843353147295,-0.150340453267506,0.0081053686018864,-0.158445821869392,0.44994694088405,0.99,0.01,0.99,,,0.01
"2026-06-16 20:45:01",BTCUSDT,-0.167623519606493,-0.152500836559879,0.00465439484266908,-0.157155231402548,0.504194846854653,0.99,0.01,0.99,,,0.01
"2026-06-16 20:45:01",BTCUSDT,-0.167623519606493,-0.154391171940706,0.00497350262121001,-0.159364674561916,0.542601833841809,0.99,0.01,0.99,,,0.01
"2026-06-16 20:45:00",BTCUSDT,-0.151347486525135,-0.14662833596109,0.00642699020270502,-0.153055326163795,0.337759062505711,0.99,0.01,0.99,,,0.01
"2026-06-16 20:45:00",BTCUSDT,-0.15133751401133,-0.14721698321737,0.00654672785417283,-0.153763711071543,0.379427339835912,0.99,0.01,0.99,,,0.01
"2026-06-16 20:45:00",BTCUSDT,-0.152201429470126,-0.147840038998965,0.0066956306865679,-0.154535669685533,0.421220973841656,0.99,0.01,0.99,,,0.01
"2026-06-16 20:44:59",BTCUSDT,-0.151366483882145,-0.144303156820205,0.00642699020270502,-0.15073014702291,0.243859466758336,0.99,0.01,0.99,,,0.01
"2026-06-16 20:44:59",BTCUSDT,-0.151347486525135,-0.145183698033321,0.00642699020270502,-0.151610688236026,0.269356479227398,0.99,0.01,0.99,,,0.01
"2026-06-16 20:44:59",BTCUSDT,-0.151347486525135,-0.145954171594798,0.00642699020270502,-0.152381161797503,0.30044828052526,0.99,0.01,0.99,,,0.01
"2026-06-16 20:44:58",BTCUSDT,-0.151332711236427,-0.140840722686296,0.00642699020270502,-0.147267712889001,0.19414034831154,0.99,0.01,0.99,,,0.01
"2026-06-16 20:44:58",BTCUSDT,-0.151290498215356,-0.142146944627428,0.00642699020270502,-0.148573934830133,0.208723336953659,0.99,0.01,0.99,,,0.01
"2026-06-16 20:44:58",BTCUSDT,-0.15132426838457,-0.143294110097071,0.00642699020270502,-0.149721100299776,0.22458621131594,0.99,0.01,0.99,,,0.01
"2026-06-16 20:44:57",BTCUSDT,-0.0623829320200794,-0.146160890379069,0.00649393093759443,-0.152654821316663,0.106497060838046,0.99,0.01,0.99,,,0.01
"2026-06-16 20:44:57",BTCUSDT,-0.0623829320200794,-0.135688645584195,0.00642699020270502,-0.1421156357869,0.158445953580222,0.99,0.01,0.99,,,0.01
"2026-06-16 20:44:57",BTCUSDT,-0.151275724389269,-0.137637030434829,0.00642699020270502,-0.144064020637534,0.16896567270552,0.99,0.01,0.99,,,0.01
"2026-06-16 20:44:57",BTCUSDT,-0.151275724389269,-0.139341867179134,0.00642699020270502,-0.145768857381839,0.180890862975748,0.99,0.01,0.99,,,0.01
"2026-06-16 20:44:56",BTCUSDT,-0.151259502871714,-0.162495197189223,0.00701759289491482,-0.169512790084138,0.00399595966760029,0.99,0.01,0.99,,,0.01
"2026-06-16 20:44:56",BTCUSDT,-0.135456619896101,-0.159115375027583,0.00701759289491482,-0.166132967922498,0.0301089870562221,0.99,0.01,0.99,,,0.01
"2026-06-16 20:44:56",BTCUSDT,-0.151225735964026,-0.158129170144638,0.00688358099856537,-0.165012751143204,0.0493778841291303,0.99,0.01,0.99,,,0.01
"2026-06-16 20:44:55",BTCUSDT,-0.126382690701493,-0.17292660149899,0.00701759289491482,-0.179944194393905,-0.0252367602240064,0.99,0.01,0.99,,,0.01
"2026-06-16 20:44:55",BTCUSDT,-0.135051790790964,-0.168192250160487,0.00701759289491482,-0.175209843055402,-0.0190295533342032,0.99,0.01,0.99,,,0.01
"2026-06-16 20:44:55",BTCUSDT,-0.135456619896101,-0.164100296377439,0.00701759289491482,-0.171117889272354,-0.0158318053927465,0.99,0.01,0.99,,,0.01
"2026-06-16 20:44:54",BTCUSDT,-0.114131421744325,-0.19761346590829,0.00701759289491482,-0.204631058803205,-0.0774690563833993,0.99,0.01,0.99,,,0.01
"2026-06-16 20:44:54",BTCUSDT,-0.114174018600472,-0.187183534994813,0.00701759289491482,-0.194201127889728,-0.0530434859374103,0.99,0.01,0.99,,,0.01
"2026-06-16 20:44:54",BTCUSDT,-0.126321107939656,-0.179575731612918,0.00701759289491482,-0.186593324507833,-0.037670111465115,0.99,0.01,0.99,,,0.01
"2026-06-16 20:44:53",BTCUSDT,-0.113822147759988,-0.238784120561068,0.00649467817969843,-0.245278798740766,-0.183058651427339,0.99,0.01,0.99,,,0.01
"2026-06-16 20:44:53",BTCUSDT,-0.113864705781211,-0.223169193713586,0.00689142250633299,-0.230060616219919,-0.142515270752514,0.99,0.01,0.99,,,0.01
"2026-06-16 20:44:53",BTCUSDT,-0.114131421744325,-0.209539472217428,0.00695150764229016,-0.216490979859718,-0.107435211603168,0.99,0.01,0.99,,,0.01
"2026-06-16 20:44:52",BTCUSDT,-0.147045345376847,-0.325420812137567,0.00643453774774048,-0.331855349885308,-0.439480434322528,0.99,0.01,0.99,,,0.01
"2026-06-16 20:44:52",BTCUSDT,0.00918296573727291,-0.283595339903212,0.00643453774774048,-0.290029877650953,-0.312056920148148,0.99,0.01,0.99,,,0.01
"2026-06-16 20:44:52",BTCUSDT,-0.0679192683672889,-0.256635830961222,0.00643453774774048,-0.263070368708962,-0.232569433350366,0.99,0.01,0.99,,,0.01
"2026-06-16 20:44:51",BTCUSDT,-0.147038309571964,-0.413308432786435,0.00643453774774048,-0.419742970534176,-0.721429669298562,0.99,0.01,0.99,,,0.01
"2026-06-16 20:44:51",BTCUSDT,-0.147045345376847,-0.380025546860237,0.00643453774774048,-0.386460084607977,-0.612683239140873,0.99,0.01,0.99,,,0.01
"2026-06-16 20:44:51",BTCUSDT,-0.147045345376847,-0.350903021674813,0.00643453774774048,-0.357337559422554,-0.519010873956017,0.99,0.01,0.99,,,0.01
"2026-06-16 20:44:50",BTCUSDT,-0.505400304031438,-0.504875299186528,0.00643453774774048,-0.511309836934268,-1.05250865664589,0.99,0.01,0.99,,,0.01
"2026-06-16 20:44:50",BTCUSDT,-0.505334818785329,-0.504932739136378,0.00643453774774048,-0.511367276884119,-1.03230483521516,0.99,0.01,0.99,,,0.01
"2026-06-16 20:44:50",BTCUSDT,-0.0762470005819468,-0.451347021817074,0.00643453774774048,-0.457781559564815,-0.849893168350585,0.99,0.01,0.99,,,0.01
"2026-06-16 20:44:49",BTCUSDT,-0.505665931187151,-0.504420875490153,0.00643453774774048,-0.510855413237894,-1.15287446150868,0.99,0.01,0.99,,,0.01
"2026-06-16 20:44:49",BTCUSDT,-0.505737792086004,-0.504585490064635,0.00643453774774048,-0.511020027812375,-1.12549936723055,0.99,0.01,0.99,,,0.01
"2026-06-16 20:44:49",BTCUSDT,-0.50554857419043,-0.504705875580359,0.00643453774774048,-0.5111404133281,-1.09930173407376,0.99,0.01,0.99,,,0.01
"2026-06-16 20:44:49",BTCUSDT,-0.505461258892669,-0.504800298494398,0.00643453774774048,-0.511234836242139,-1.07449430985296,0.99,0.01,0.99,,,0.01
"2026-06-16 20:44:48",BTCUSDT,-0.513972587114804,-0.502630498047647,0.00643453774774048,-0.509065035795388,-1.23744894530535,0.99,0.01,0.99,,,0.01
"2026-06-16 20:44:48",BTCUSDT,-0.51390440159505,-0.504039735991073,0.00643453774774048,-0.510474273738813,-1.21062908940869,0.99,0.01,0.99,,,0.01
"2026-06-16 20:44:48",BTCUSDT,-0.505665931187151,-0.504243010390582,0.00643453774774048,-0.510677548138323,-1.18092994290419,0.99,0.01,0.99,,,0.01
"2026-06-16 20:44:47",BTCUSDT,-0.525526656354792,-0.495391540481733,0.00643453774774048,-0.501826078229473,-1.31527852083093,0.99,0.01,0.99,,,0.01
"2026-06-16 20:44:47",BTCUSDT,-0.525526656354792,-0.499158429965865,0.00643453774774048,-0.505592967713605,-1.29274379796273,0.99,0.01,0.99,,,0.01
"2026-06-16 20:44:47",BTCUSDT,-0.513972587114804,-0.501010199609482,0.00643453774774048,-0.507444737357223,-1.26490196060065,0.99,0.01,0.99,,,0.01
"2026-06-16 20:44:46",BTCUSDT,-0.525490298886296,-0.480543626246902,0.00643453774774048,-0.486978163994642,-1.37600874411888,0.99,0.01,0.99,,,0.01
"2026-06-16 20:44:46",BTCUSDT,-0.525526656354792,-0.486166505010388,0.00643453774774048,-0.492601042758128,-1.35737886802328,0.99,0.01,0.99,,,0.01
"2026-06-16 20:44:46",BTCUSDT,-0.525526656354792,-0.491086523928438,0.00643453774774048,-0.497521061676179,-1.33697224051142,0.99,0.01,0.99,,,0.01
"2026-06-16 20:44:45",BTCUSDT,-0.55238381653174,-0.458410353989749,0.00643453774774048,-0.464844891737489,-1.41028642098343,0.99,0.01,0.99,,,0.01
"2026-06-16 20:44:45",BTCUSDT,-0.525403048032125,-0.466784440745046,0.00643453774774048,-0.473218978492786,-1.40385917806209,0.99,0.01,0.99,,,0.01
"2026-06-16 20:44:45",BTCUSDT,-0.525490298886296,-0.474122673012702,0.00643453774774048,-0.480557210760443,-1.39185895900224,0.99,0.01,0.99,,,0.01
"2026-06-16 20:44:44",BTCUSDT,-0.8069561151221,-0.385500957152097,0.00643453774774048,-0.391935494899838,-1.2223443369066,0.99,0.01,0.99,,,0.01
"2026-06-16 20:44:44",BTCUSDT,-0.737730231701337,-0.429529616470752,0.00643453774774048,-0.435964154218493,-1.36540017068536,0.99,0.01,0.99,,,0.01
"2026-06-16 20:44:44",BTCUSDT,-0.553177273717592,-0.444985573626607,0.00643453774774048,-0.451420111374348,-1.39439060076654,0.99,0.01,0.99,,,0.01
"2026-06-16 20:44:43",BTCUSDT,-0.201159717204606,-0.262237503922441,0.00643453774774048,-0.268672041670181,-0.789343116670472,0.99,0.01,0.99,,,0.01
"2026-06-16 20:44:43",BTCUSDT,-0.252332633209524,-0.260999395083326,0.00643453774774048,-0.267433932831067,-0.785162949691713,0.99,0.01,0.99,,,0.01
"2026-06-16 20:44:43",BTCUSDT,-0.775348853953494,-0.325293077442097,0.00643453774774048,-0.331727615189838,-1.02087914772515,0.99,0.01,0.99,,,0.01
"2026-06-16 20:44:42",BTCUSDT,-0.135695638319139,-0.337632770623675,0.00628415480851331,-0.343916925432188,-1.05625712096855,0.99,0.01,0.99,,,0.01
"2026-06-16 20:44:42",BTCUSDT,-0.135650683508127,-0.312385009734232,0.00659085879622521,-0.318975868530457,-0.969683938726749,0.99,0.01,0.99,,,0.01
"2026-06-16 20:44:42",BTCUSDT,-0.135650683508127,-0.290293218955969,0.00643453774774048,-0.296727756703709,-0.889266656012087,0.99,0.01,0.99,,,0.01
"2026-06-16 20:44:42",BTCUSDT,-0.135650683508127,-0.270962902024989,0.00643453774774048,-0.277397439772729,-0.819908464995644,0.99,0.01,0.99,,,0.01
"2026-06-16 20:44:41",BTCUSDT,-0.335014732689397,-0.436727505702969,0.00646578302922817,-0.443193288732197,-1.38059159206771,0.99,0.01,0.99,,,0.01
"2026-06-16 20:44:41",BTCUSDT,-0.137025651562327,-0.399264773935389,0.00628415480851331,-0.405548928743902,-1.26331789796362,0.99,0.01,0.99,,,0.01
"2026-06-16 20:44:41",BTCUSDT,-0.136994041504006,-0.366480932381466,0.00628415480851331,-0.372765087189979,-1.15471794473413,0.99,0.01,0.99,,,0.01
"2026-06-16 20:44:40",BTCUSDT,-0.859752793744453,-0.323232577509628,0.00643570647676176,-0.329668283986389,-0.899869401994203,0.99,0.01,0.99,,,0.01
"2026-06-16 20:44:40",BTCUSDT,-0.859687500453919,-0.390289442877664,0.00643570647676176,-0.396725149354426,-1.1653098016642,0.99,0.01,0.99,,,0.01
"2026-06-16 20:44:40",BTCUSDT,-0.878037114638473,-0.451257901847765,0.00643570647676176,-0.457693608324527,-1.40914320239133,0.99,0.01,0.99,,,0.01
"2026-06-16 20:44:39",BTCUSDT,-0.554295797455914,-0.0792497282798448,0.00643570647676176,-0.0856854347566066,0.00698034862894692,0.99,0.01,0.99,,,0.01
"2026-06-16 20:44:39",BTCUSDT,-0.669628268218888,-0.153047045772225,0.00643570647676176,-0.159482752248987,-0.26090025397345,0.99,0.01,0.99,,,0.01
"2026-06-16 20:44:39",BTCUSDT,-0.901365338260215,-0.246586832333224,0.00643570647676176,-0.253022538809986,-0.605613474213315,0.99,0.01,0.99,,,0.01
"2026-06-16 20:44:38",BTCUSDT,0.0137384536034135,0.154936890870643,0.00643570647676176,0.148501184393882,0.786743117543233,0.99,0.01,0.99,,,0.01
"2026-06-16 20:44:38",BTCUSDT,-0.554983497464844,0.0661968423287075,0.00643570647676176,0.0597611358519458,0.504337354583006,0.99,0.01,0.99,,,0.01
"2026-06-16 20:44:38",BTCUSDT,-0.554465929195632,-0.011386004111835,0.00643570647676176,-0.0178217105885967,0.245997871633294,0.99,0.01,0.99,,,0.01
"2026-06-16 20:44:37",BTCUSDT,0.065468953845781,0.20869883587709,0.00643570647676176,0.202263129400329,0.998246338893485,0.99,0.01,0.99,,,0.01
"2026-06-16 20:44:37",BTCUSDT,0.065468953845781,0.190795100623177,0.00643570647676176,0.184359394146415,0.927551579824947,0.99,0.01,0.99,,,0.01
"2026-06-16 20:44:37",BTCUSDT,0.0652990651940309,0.175108096194533,0.00643570647676176,0.168672389717772,0.863844158132521,0.99,0.01,0.99,,,0.01
"2026-06-16 20:44:36",BTCUSDT,0.0654332403283574,0.279273515924619,0.00643570647676176,0.272837809447857,1.26363717653811,0.99,0.01,0.99,,,0.01
"2026-06-16 20:44:36",BTCUSDT,0.0654431335802479,0.252544718131573,0.00643570647676176,0.246109011654811,1.16364942763485,0.99,0.01,0.99,,,0.01
"2026-06-16 20:44:36",BTCUSDT,0.065468953845781,0.229160247595849,0.00643570647676176,0.222724541119087,1.07629861520467,0.99,0.01,0.99,,,0.01
"2026-06-16 20:44:35",BTCUSDT,0.0846696222394288,0.365428962262873,0.00643570647676176,0.358993255786111,1.6005438748749,0.99,0.01,0.99,,,0.01
"2026-06-16 20:44:35",BTCUSDT,0.128027455001139,0.335753773855156,0.00643570647676176,0.329318067378395,1.48108040553747,0.99,0.01,0.99,,,0.01
"2026-06-16 20:44:35",BTCUSDT,0.128300596806586,0.309822126724085,0.00643570647676176,0.303386420247323,1.37705995457677,0.99,0.01,0.99,,,0.01
"2026-06-16 20:44:34",BTCUSDT,0.791318938047771,0.328506622259195,0.00643570647676176,0.322070915782433,1.70640701998804,0.99,0.01,0.99,,,0.01
"2026-06-16 20:44:34",BTCUSDT,0.658935168861431,0.369810190584474,0.00643570647676176,0.363374484107712,1.76700684437089,0.99,0.01,0.99,,,0.01
"2026-06-16 20:44:34",BTCUSDT,0.630084694703138,0.402344503599307,0.00643570647676176,0.395908797122545,1.80079489869988,0.99,0.01,0.99,,,0.01
"2026-06-16 20:44:34",BTCUSDT,0.427887990077485,0.405537439409079,0.00643570647676176,0.399101732932318,1.75549235376378,0.99,0.01,0.99,,,0.01
"2026-06-16 20:44:33",BTCUSDT,0.241302232172026,0.226317325328216,0.00643570647676176,0.219881618851454,1.55826567421289,0.99,0.01,0.99,,,0.01
"2026-06-16 20:44:33",BTCUSDT,0.241201926300605,0.228177900449765,0.00643570647676176,0.221742193973003,1.5192669995174,0.99,0.01,0.99,,,0.01
"2026-06-16 20:44:33",BTCUSDT,0.501879314023972,0.262390577146541,0.00643570647676176,0.255954870669779,1.57098008222486,0.99,0.01,0.99,,,0.01
"2026-06-16 20:44:32",BTCUSDT,0.241491910397382,0.218869375788475,0.00643570647676176,0.212433669311713,1.68670221094486,0.99,0.01,0.99,,,0.01
"2026-06-16 20:44:32",BTCUSDT,0.241568263462762,0.221706736747761,0.00643570647676176,0.215271030270999,1.64228661982667,0.99,0.01,0.99,,,0.01
"2026-06-16 20:44:32",BTCUSDT,0.241465837569908,0.224176624350529,0.00643570647676176,0.217740917873767,1.5990781601874,0.99,0.01,0.99,,,0.01
"2026-06-16 20:44:31",BTCUSDT,0.240545025165071,0.208036279002071,0.00643531685325072,0.20160096214882,1.83397313724849,0.99,0.01,0.99,,,0.01
"2026-06-16 20:44:31",BTCUSDT,0.240452996454511,0.212088368683626,0.00643570647676176,0.205652662206864,1.78305161248558,0.99,0.01,0.99,,,0.01
"2026-06-16 20:44:31",BTCUSDT,0.240482100255096,0.21563758513006,0.00643570647676176,0.209201878653298,1.73367541257615,0.99,0.01,0.99,,,0.01
"2026-06-16 20:44:30",BTCUSDT,0.189270362444418,0.192025928094296,0.609468195355657,-0.41744226726136,-0.0393025302120082,0.99,0.01,0.99,,,0.01
"2026-06-16 20:44:30",BTCUSDT,0.240495479447104,0.198084622013397,0.00643531685325072,0.191649305160147,1.93640282279762,0.99,0.01,0.99,,,0.01
"2026-06-16 20:44:30",BTCUSDT,0.240545025165071,0.203392172407357,0.00643531685325072,0.196956855554106,1.88605096081858,0.99,0.01,0.99,,,0.01
"2026-06-16 20:44:29",BTCUSDT,0.190598156247399,0.193303404684972,0.599617806883403,-0.406314402198431,-0.040123369271994,0.99,0.01,0.99,,,0.01
"2026-06-16 20:44:29",BTCUSDT,0.189532420770397,0.19283203169565,0.591764063124764,-0.398932031429114,-0.00335132041793065,0.99,0.01,0.99,,,0.01
"2026-06-16 20:44:29",BTCUSDT,0.189532420770397,0.192419580329993,0.590099131561662,-0.397679551231669,0.013932460344757,0.99,0.01,0.99,,,0.01
"2026-06-16 20:44:28",BTCUSDT,0.230691472788075,0.187502815467795,0.593053484424497,-0.405550668956702,-0.0714002158785044,0.99,0.01,0.99,,,0.01
"2026-06-16 20:44:28",BTCUSDT,0.242189937034256,0.194338705663602,0.585898981217838,-0.391560275554236,-0.0159858803714667,0.99,0.01,0.99,,,0.01
"2026-06-16 20:44:28",BTCUSDT,0.18914801033464,0.193689868747482,0.602908694825312,-0.40921882607783,-0.0621889948412318,0.99,0.01,0.99,,,0.01
"2026-06-16 20:44:27",BTCUSDT,0.0885721560779035,0.209619986026037,0.590357696098239,-0.380737710072202,-0.0202953842185274,0.99,0.01,0.99,,,0.01
"2026-06-16 20:44:27",BTCUSDT,0.0893610421454429,0.194587618040962,0.590997230179599,-0.396409612138636,-0.0621991526160094,0.99,0.01,0.99,,,0.01
"2026-06-16 20:44:27",BTCUSDT,0.0885507319467285,0.181333007279183,0.588551419712062,-0.407218412432879,-0.0868463337301233,0.99,0.01,0.99,,,0.01
"2026-06-16 20:44:26",BTCUSDT,0.0787370659487245,0.270623262166761,0.5783851638469,-0.307761901680139,0.183607750581339,0.99,0.01,0.99,,,0.01
"2026-06-16 20:44:26",BTCUSDT,0.0789565446392211,0.246664922475818,0.584240825167663,-0.337575902691845,0.0992508564402678,0.99,0.01,0.99,,,0.01
"2026-06-16 20:44:26",BTCUSDT,0.0886458079611463,0.226912533161484,0.59706647299627,-0.370153939834786,0.00509022515258834,0.99,0.01,0.99,,,0.01
"2026-06-16 20:44:25",BTCUSDT,0.0902228303458033,0.363284687389614,0.592153014865991,-0.228868327476377,0.402073751864996,0.99,0.01,0.99,,,0.01
"2026-06-16 20:44:25",BTCUSDT,0.0901691900642907,0.329145250223949,0.584438614669262,-0.255293364445314,0.329296688472508,0.99,0.01,0.99,,,0.01
"2026-06-16 20:44:25",BTCUSDT,0.0802678557299141,0.298035575912194,0.600983777264566,-0.302948201352371,0.189733310008685,0.99,0.01,0.99,,,0.01
"2026-06-16 20:44:24",BTCUSDT,0.0884545801385795,0.495627538276715,0.565832647953237,-0.0702051096765213,0.852601049215204,0.99,0.01,0.99,,,0.01
"2026-06-16 20:44:24",BTCUSDT,0.0901591318073221,0.444943987468041,0.588437705837867,-0.143493718369826,0.643440885701017,0.99,0.01,0.99,,,0.01
"2026-06-16 20:44:24",BTCUSDT,0.103740280604981,0.402293524110159,0.580516496531847,-0.178222972421689,0.548507656953808,0.99,0.01,0.99,,,0.01
"2026-06-16 20:44:23",BTCUSDT,0.617959037653162,0.564376905768814,0.379244388418077,0.185132517350737,1.50752702120811,0.99,0.01,0.99,,,0.01
"2026-06-16 20:44:23",BTCUSDT,0.617959037653162,0.571074672254357,0.596806718598162,-0.0257320463438043,0.929127604359325,0.99,0.01,0.99,,,0.01
"2026-06-16 20:44:23",BTCUSDT,0.617943715974638,0.576933302719392,0.593192702224148,-0.0162593995047556,0.981728704186058,0.99,0.01,0.99,,,0.01
"2026-06-16 20:44:23",BTCUSDT,0.391827710764415,0.55379510372502,0.593927398916053,-0.0401322951910322,0.928098626448413,0.99,0.01,0.99,,,0.01
"2026-06-16 20:44:22",BTCUSDT,0.702896881644224,0.524311331635428,0.376432259478945,0.147879072156483,1.3307452790716,0.99,0.01,0.99,,,0.01
"2026-06-16 20:44:22",BTCUSDT,0.622073423372108,0.536531593102513,0.378535434373853,0.157996158728661,1.38466196468356,0.99,0.01,0.99,,,0.01
"2026-06-16 20:44:22",BTCUSDT,0.698057372279377,0.556722315499621,0.372184131326425,0.184538184173196,1.48278848912728,0.99,0.01,0.99,,,0.01
"2026-06-16 20:44:21",BTCUSDT,0.620560986397035,0.436388577980008,0.342966711167283,0.0934218668127258,1.10397774837902,0.99,0.01,0.99,,,0.01
"2026-06-16 20:44:21",BTCUSDT,0.70241823985489,0.469642285714369,0.338943363403265,0.130698922311103,1.22923465331662,0.99,0.01,0.99,,,0.01
"2026-06-16 20:44:21",BTCUSDT,0.702896881644224,0.498799110205601,0.351076674829712,0.147722435375888,1.3031248590472,0.99,0.01,0.99,,,0.01
"2026-06-16 20:44:20",BTCUSDT,0.714361990141653,0.332836645013663,0.342168824642602,-0.00933217962893845,0.758397211159996,0.99,0.01,0.99,,,0.01
"2026-06-16 20:44:20",BTCUSDT,0.705519700520978,0.379422026952078,0.346679961041998,0.0327420659100798,0.89415605631755,0.99,0.01,0.99,,,0.01
"2026-06-16 20:44:20",BTCUSDT,0.624671682698922,0.410078233920433,0.332400868789943,0.0776773651304901,1.03617340606491,0.99,0.01,0.99,,,0.01
"2026-06-16 20:44:19",BTCUSDT,0.725641345158826,0.135450527961583,0.326734833149407,-0.191284305187824,0.234384206232909,0.99,0.01,0.99,,,0.01
"2026-06-16 20:44:19",BTCUSDT,0.741576363622445,0.21121625741919,0.345678018656542,-0.134461761237351,0.395537351347725,0.99,0.01,0.99,,,0.01
"2026-06-16 20:44:19",BTCUSDT,0.748150392314414,0.278333024281093,0.342011508930391,-0.0636784846492972,0.595543211901959,0.99,0.01,0.99,,,0.01
"2026-06-16 20:44:18",BTCUSDT,-0.109234616862826,-0.193274173633333,0.0894379995664739,-0.282712173199807,-0.0423132075784499,0.99,0.01,0.99,,,0.01
"2026-06-16 20:44:18",BTCUSDT,0.981487458554433,-0.0464289696098625,0.0917147343582827,-0.138143703968145,0.311373463114347,0.99,0.01,0.99,,,0.01
"2026-06-16 20:44:18",BTCUSDT,0.734103219879135,0.0511375540762622,0.314783565281687,-0.263646011205425,0.04011564325702,0.99,0.01,0.99,,,0.01
"2026-06-16 20:44:17",BTCUSDT,-0.109320550213784,-0.219005275861714,0.0752874023870465,-0.294292678248761,-0.107130269987672,0.99,0.01,0.99,,,0.01
"2026-06-16 20:44:17",BTCUSDT,-0.109201665772388,-0.205279824600549,0.0679854892263561,-0.273265313826905,-0.040807142119067,0.99,0.01,0.99,,,0.01
"2026-06-16 20:44:16",BTCUSDT,0.0110781049841307,-0.307837365275515,0.0734260462713904,-0.381263411546905,-0.349407243829555,0.99,0.01,0.99,,,0.01
"2026-06-16 20:44:16",BTCUSDT,0.01109174486584,-0.267971226507846,0.056535418252459,-0.324506644760305,-0.210503572524482,0.99,0.01,0.99,,,0.01
"2026-06-16 20:44:16",BTCUSDT,-0.0015975935078588,-0.234674522382847,0.0758902456271173,-0.310564768009965,-0.161868067674631,0.99,0.01,0.99,,,0.01
"2026-06-16 20:44:15",BTCUSDT,0.0415021710522502,-0.46537772158729,0.0860821580360173,-0.551459879623308,-0.756859548805416,0.99,0.01,0.99,,,0.01
"2026-06-16 20:44:15",BTCUSDT,0.0123754381237323,-0.405658576623413,0.0672076019043608,-0.472866178527773,-0.577075609166948,0.99,0.01,0.99,,,0.01
"2026-06-16 20:44:15",BTCUSDT,0.0124362910058869,-0.35339671816975,0.0675805449375789,-0.420977263107329,-0.451169476717412,0.99,0.01,0.99,,,0.01
"2026-06-16 20:44:14",BTCUSDT,-0.392857016487528,-0.582191108409801,0.0725404694889925,-0.654731577898793,-1.03000546638512,0.99,0.01,0.99,,,0.01
"2026-06-16 20:44:14",BTCUSDT,-0.392784736825345,-0.558515311961744,0.0823786801881264,-0.64089399214987,-0.97910096189628,0.99,0.01,0.99,,,0.01
"2026-06-16 20:44:14",BTCUSDT,-0.392705894839877,-0.53778913482151,0.0635339286587429,-0.601323063480253,-0.878032288511873,0.99,0.01,0.99,,,0.01
"2026-06-16 20:44:13",BTCUSDT,-0.695333023021898,-0.711409781882393,0.0670030358048798,-0.778412817687273,-1.37209963985117,0.99,0.01,0.99,,,0.01
"2026-06-16 20:44:13",BTCUSDT,-0.403931390652984,-0.672974982978717,0.0575016338266817,-0.730476616805399,-1.25257548426963,0.99,0.01,0.99,,,0.01
"2026-06-16 20:44:13",BTCUSDT,-0.403749255778288,-0.639321767078664,0.0732332952699066,-0.71255506234857,-1.1916073294444,0.99,0.01,0.99,,,0.01
"2026-06-16 20:44:13",BTCUSDT,-0.398658317067501,-0.609238835827268,0.0585685403130484,-0.667807376140317,-1.07969584251893,0.99,0.01,0.99,,,0.01
"2026-06-16 20:44:12",BTCUSDT,-0.696761410585612,-0.715210376929774,0.0671588646148732,-0.782369241544648,-1.46461337793844,0.99,0.01,0.99,,,0.01
"2026-06-16 20:44:12",BTCUSDT,-0.708805904307342,-0.71440981785197,0.076433906966016,-0.790843724817986,-1.45146326967254,0.99,0.01,0.99,,,0.01
"2026-06-16 20:44:12",BTCUSDT,-0.708782968793062,-0.713706461719607,0.0765234471659186,-0.790229908885525,-1.42342707823077,0.99,0.01,0.99,,,0.01
"2026-06-16 20:44:11",BTCUSDT,-0.71167177670807,-0.720911605086216,0.0707458435198513,-0.791657448606067,-1.58128413991982,0.99,0.01,0.99,,,0.01
"2026-06-16 20:44:11",BTCUSDT,-0.707831449199936,-0.719276585600431,0.0580924548484078,-0.777369040448839,-1.5199022967222,0.99,0.01,0.99,,,0.01
"2026-06-16 20:44:11",BTCUSDT,-0.707831449199936,-0.717845943550369,0.0767131416445418,-0.794559085194911,-1.51791915774025,0.99,0.01,0.99,,,0.01
"2026-06-16 20:44:10",BTCUSDT,-0.711691493909625,-0.725458137709374,0.0052793050928575,-0.730737442802232,-1.58679935691278,0.99,0.01,0.99,,,0.01
"2026-06-16 20:44:10",BTCUSDT,-0.711691493909625,-0.723737307234406,0.00933329400147809,-0.733070601235884,-1.55216433547395,0.99,0.01,0.99,,,0.01
"2026-06-16 20:44:10",BTCUSDT,-0.711691493909625,-0.722231580568808,0.0639608973251957,-0.786192477894004,-1.60964212918317,0.99,0.01,0.99,,,0.01
"2026-06-16 20:44:09",BTCUSDT,-0.698977356058754,-0.732277175628683,0.00455966891232397,-0.736836844541007,-1.73533906253788,0.99,0.01,0.99,,,0.01
"2026-06-16 20:44:09",BTCUSDT,-0.711461635932518,-0.729675233166663,0.0158490365040219,-0.745524269670685,-1.70249877209647,0.99,0.01,0.99,,,0.01
"2026-06-16 20:44:09",BTCUSDT,-0.71167177670807,-0.727424801109339,0.0309313004733076,-0.758356101582646,-1.67972116182408,0.99,0.01,0.99,,,0.01
"2026-06-16 20:44:08",BTCUSDT,-0.819039170650543,-0.748421812525547,0.00895123161590681,-0.757373044141454,-1.9472071645036,0.99,0.01,0.99,,,0.01
"2026-06-16 20:44:08",BTCUSDT,-0.699818936599352,-0.742346453034773,0.0208271179496707,-0.763173570984443,-1.89408361849984,0.99,0.01,0.99,,,0.01
"2026-06-16 20:44:08",BTCUSDT,-0.699849170437406,-0.737034292710102,0.0110025707750079,-0.74803686348511,-1.80802832023927,0.99,0.01,0.99,,,0.01
"2026-06-16 20:44:07",BTCUSDT,-0.874000927828219,-0.697172275642829,0.0069273761843085,-0.704099651827138,-2.06320635809596,0.99,0.01,0.99,,,0.01
"2026-06-16 20:44:07",BTCUSDT,-0.872794005199572,-0.719124991837422,0.0167884967170728,-0.735913488554495,-2.04895492794589,0.99,0.01,0.99,,,0.01
"2026-06-16 20:44:07",BTCUSDT,-0.872794005199572,-0.738333618507691,0.0278558307383336,-0.766189449246024,-2.03297477026284,0.99,0.01,0.99,,,0.01
"2026-06-16 20:44:06",BTCUSDT,-0.980633665539419,-0.556234155407062,0.0482921796635453,-0.604526335070608,-2.20135199255903,0.99,0.01,0.99,,,0.01
"2026-06-16 20:44:06",BTCUSDT,-0.986563693088997,-0.610025347617304,0.0522588730823109,-0.662284220699615,-2.22846648016815,0.99,0.01,0.99,,,0.01
"2026-06-16 20:44:06",BTCUSDT,-0.874149511720784,-0.643040868130239,-0.000192001504144624,-0.642848866626094,-2.1015147360387,0.99,0.01,0.99,,,0.01
"2026-06-16 20:44:06",BTCUSDT,-0.874002240019087,-0.671911039616345,0.0166875405720608,-0.688598580188406,-2.11184185502195,0.99,0.01,0.99,,,0.01
"2026-06-16 20:44:05",BTCUSDT,-0.986264493666898,-0.394679996541664,0.0731261548770713,-0.467806151418735,-2.1759463086672,0.99,0.01,0.99,,,0.01
"2026-06-16 20:44:05",BTCUSDT,-0.829405616618962,-0.449020699051326,0.0541809528279391,-0.503201651879266,-2.16432665271043,0.99,0.01,0.99,,,0.01
"2026-06-16 20:44:05",BTCUSDT,-0.821700338317378,-0.495605653959583,0.0536174164959752,-0.549223070455558,-2.17443220981484,0.99,0.01,0.99,,,0.01
"2026-06-16 20:44:04",BTCUSDT,-0.378151120687324,-0.102951101551111,0.00801238925384979,-0.11096349080496,-1.5395758706719,0.99,0.01,0.99,,,0.01
"2026-06-16 20:44:04",BTCUSDT,-0.988024156293392,-0.213585233393896,0.0301942521213228,-0.243779485515219,-1.80851456192756,0.99,0.01,0.99,,,0.01
"2026-06-16 20:44:04",BTCUSDT,-0.98624677043292,-0.310167925523774,0.0623709032411409,-0.372538828764915,-2.04276662075374,0.99,0.01,0.99,,,0.01
"2026-06-16 20:44:03",BTCUSDT,0.025471277782816,-0.0847018453131246,0.00690492635058238,-0.0916067716637069,-1.63464969567338,0.99,0.01,0.99,,,0.01
"2026-06-16 20:44:03",BTCUSDT,-0.0197800837579683,-0.07658662511873,0.0162249434928609,-0.092811568611591,-1.58727682850951,0.99,0.01,0.99,,,0.01
"2026-06-16 20:44:03",BTCUSDT,0.0270118710064686,-0.0636368131030802,0.0180232607675218,-0.081660073870602,-1.51260045969717,0.99,0.01,0.99,,,0.01
"2026-06-16 20:44:02",BTCUSDT,0.00535967525000297,-0.13284104720022,0.0165219537109835,-0.149363000911203,-1.9779473487079,0.99,0.01,0.99,,,0.01
"2026-06-16 20:44:02",BTCUSDT,0.00539973915481285,-0.115560948905841,0.0231426399694395,-0.13870358887528,-1.8773198441174,0.99,0.01,0.99,,,0.01
"2026-06-16 20:44:02",BTCUSDT,0.00539973915481285,-0.100440862898259,0.0272605622739801,-0.127701425172239,-1.78368707332379,0.99,0.01,0.99,,,0.01
"2026-06-16 20:44:01",BTCUSDT,-0.291700536254606,-0.165636309334382,0.00242886085044375,-0.168065170184825,-2.30323383700439,0.99,0.01,0.99,,,0.01
"2026-06-16 20:44:01",BTCUSDT,-0.291745801604467,-0.181399995868142,0.00364035276728177,-0.185040348635424,-2.24772168415923,0.99,0.01,0.99,,,0.01
"2026-06-16 20:44:01",BTCUSDT,0.0491279106749839,-0.152584007550251,-0.00360769446418184,-0.14897631308607,-2.05640961318426,0.99,0.01,0.99,,,0.01
"2026-06-16 20:44:00",BTCUSDT,-0.292254814294383,-0.103437604923482,-0.00554549933977269,-0.0978921055837093,-2.39995086570673,0.99,0.01,0.99,,,0.01
"2026-06-16 20:44:00",BTCUSDT,-0.29222386331883,-0.1270358872229,-0.0333944603279702,-0.0936414268949303,-2.28603047487573,0.99,0.01,0.99,,,0.01
"2026-06-16 20:44:00",BTCUSDT,-0.291765861920207,-0.147627134060064,-0.0175963749517141,-0.13003075910835,-2.29642373263332,0.99,0.01,0.99,,,0.01
"2026-06-16 20:43:59",BTCUSDT,-0.28155575862076,-0.0113576461152962,0.00349086769321773,-0.0148485138085139,-2.44755663201819,0.99,0.01,0.99,,,0.01
"2026-06-16 20:43:59",BTCUSDT,-0.28155575862076,-0.0451324101784791,0.00460919751140239,-0.0497416076898815,-2.45825624692604,0.99,0.01,0.99,,,0.01
"2026-06-16 20:43:59",BTCUSDT,-0.295782871714616,-0.0764637178704962,-0.00533952491809017,-0.071124192952406,-2.41976111750691,0.99,0.01,0.99,,,0.01
"2026-06-16 20:43:58",BTCUSDT,-0.314884400342517,0.189121844317516,0.00975903317362085,0.179362811143895,-2.05650950965947,0.99,0.01,0.99,,,0.01
"2026-06-16 20:43:58",BTCUSDT,-0.314863206758366,0.12612371293303,-0.00885340324820861,0.134977116181239,-2.16438526861086,0.99,0.01,0.99,,,0.01
"2026-06-16 20:43:58",BTCUSDT,-0.295771236146023,0.0733868442981487,-0.0163938833892853,0.089780727687434,-2.2597488756413,0.99,0.01,0.99,,,0.01
"2026-06-16 20:43:58",BTCUSDT,-0.295771236146023,0.0272420842426272,-0.00621485634527476,0.033456940587902,-2.37665124442866,0.99,0.01,0.99,,,0.01
"2026-06-16 20:43:57",BTCUSDT,0.3555647226031,0.365853785768638,0.00515808917936105,0.360695696589277,-1.38981146874821,0.99,0.01,0.99,,,0.01
"2026-06-16 20:43:57",BTCUSDT,0.131929957999407,0.336613307297484,-0.0075764281479378,0.344189735445422,-1.44341936027316,0.99,0.01,0.99,,,0.01
"2026-06-16 20:43:57",BTCUSDT,-0.267311259787943,0.261122736411806,-0.00345490624375088,0.264577642655557,-1.75340664720175,0.99,0.01,0.99,,,0.01
"2026-06-16 20:43:56",BTCUSDT,0.35544927139312,0.370923324179647,-0.0214705660092194,0.392393890188866,-1.29797527811795,0.99,0.01,0.99,,,0.01
"2026-06-16 20:43:56",BTCUSDT,0.3555647226031,0.369003498982578,-0.00818121161034991,0.377184710592928,-1.35102565569755,0.99,0.01,0.99,,,0.01
"2026-06-16 20:43:56",BTCUSDT,0.3555647226031,0.367323651935144,0.00159857042361715,0.365725081511526,-1.38753048567571,0.99,0.01,0.99,,,0.01
"2026-06-16 20:43:55",BTCUSDT,0.355485866196431,0.378536363440799,-0.0145997075125357,0.393136070953335,-1.32403868181968,0.99,0.01,0.99,,,0.01
"2026-06-16 20:43:55",BTCUSDT,0.355485866196431,0.375655051285253,-0.0139076479329147,0.389562699218168,-1.32907368475169,0.99,0.01,0.99,,,0.01
"2026-06-16 20:43:55",BTCUSDT,0.355485866196431,0.37313390314915,-0.0326686572898196,0.40580256043897,-1.24750406857119,0.99,0.01,0.99,,,0.01
"2026-06-16 20:43:54",BTCUSDT,0.355485866196431,0.389893605523302,-0.0285273440882677,0.41842094961157,-1.23446007988307,0.99,0.01,0.99,,,0.01
"2026-06-16 20:43:54",BTCUSDT,0.355485866196431,0.385592638107443,-0.042152822860604,0.427745460968047,-1.18328296386221,0.99,0.01,0.99,,,0.01
"2026-06-16 20:43:54",BTCUSDT,0.355485866196431,0.381829291618566,-0.00763152644150831,0.389460818060075,-1.35122453370443,0.99,0.01,0.99,,,0.01
"2026-06-16 20:43:53",BTCUSDT,0.356245523444657,0.406536956295024,-0.0191296753698332,0.425666631664858,-1.22861820097012,0.99,0.01,0.99,,,0.01
"2026-06-16 20:43:53",BTCUSDT,0.356497662687293,0.400282044594058,-0.0187293602754345,0.419011404869492,-1.25524064060982,0.99,0.01,0.99,,,0.01
"2026-06-16 20:43:53",BTCUSDT,0.356497662687293,0.394808996855712,-0.0298919120093892,0.424700908865102,-1.21906642497052,0.99,0.01,0.99,,,0.01
"2026-06-16 20:43:52",BTCUSDT,0.379812010778904,0.424106758805898,-0.0195545736746119,0.44366133248051,-1.13298305862734,0.99,0.01,0.99,,,0.01
"2026-06-16 20:43:52",BTCUSDT,0.379796093830202,0.418567925683936,-0.04019115555514,0.458759081239076,-1.06809255063575,0.99,0.01,0.99,,,0.01
"2026-06-16 20:43:52",BTCUSDT,0.379796093830202,0.41372144670222,-0.0296429637999601,0.44336441050218,-1.14559831217849,0.99,0.01,0.99,,,0.01
"2026-06-16 20:43:51",BTCUSDT,0.37961283535319,0.445926494281289,-0.0196385560029868,0.465565050284276,-0.995699523708677,0.99,0.01,0.99,,,0.01
"2026-06-16 20:43:51",BTCUSDT,0.37986373522034,0.43766864939867,-0.0298519198627921,0.467520569261463,-1.00416201640996,0.99,0.01,0.99,,,0.01
"2026-06-16 20:43:51",BTCUSDT,0.379796093830202,0.430434579952612,-0.0284542456385346,0.458888825591147,-1.05498811980909,0.99,0.01,0.99,,,0.01
"2026-06-16 20:43:50",BTCUSDT,0.380343844221307,0.49360914665816,-0.0188769135575637,0.512486060215724,-0.731321824692317,0.99,0.01,0.99,,,0.01
"2026-06-16 20:43:50",BTCUSDT,0.380343844221307,0.479450983853554,-0.0285163417230588,0.507967325576613,-0.768040532600514,0.99,0.01,0.99,,,0.01
"2026-06-16 20:43:50",BTCUSDT,0.287042106050408,0.45539987412816,-0.0156853002600059,0.471085174388166,-0.952323507993413,0.99,0.01,0.99,,,0.01
"2026-06-16 20:43:49",BTCUSDT,0.315420215432677,0.584131354930121,-0.00735540713035169,0.591486762060473,-0.32516528992199,0.99,0.01,0.99,,,0.01
"2026-06-16 20:43:49",BTCUSDT,0.402188621884983,0.561388513299479,-0.0181976080205859,0.579586121320065,-0.390624217512208,0.99,0.01,0.99,,,0.01
"2026-06-16 20:43:49",BTCUSDT,0.402188621884983,0.541488526872667,-0.0291093582375554,0.570597885110223,-0.44399235057371,0.99,0.01,0.99,,,0.01
"2026-06-16 20:43:49",BTCUSDT,0.287899545084447,0.50978990414914,-0.0144976933987578,0.524287597547897,-0.663643788811464,0.99,0.01,0.99,,,0.01
"2026-06-16 20:43:48",BTCUSDT,0.2990567941304,0.716530939432503,-0.0281494850376602,0.744680424470163,0.369601371486222,0.99,0.01,0.99,,,0.01
"2026-06-16 20:43:48",BTCUSDT,0.315402360141887,0.666389867021176,-0.0303886012862464,0.696778468307423,0.152380846581137,0.99,0.01,0.99,,,0.01
"2026-06-16 20:43:48",BTCUSDT,0.315420215432677,0.622518660572614,-0.0203462444416402,0.642864905014254,-0.0911676128456739,0.99,0.01,0.99,,,0.01
"2026-06-16 20:43:47",BTCUSDT,0.884902901707019,0.943921156250804,-0.0375582085680218,0.981479364818825,1.42320250240568,0.99,0.01,0.99,,,0.01
"2026-06-16 20:43:47",BTCUSDT,0.236769149386959,0.855527155392823,-0.0126116782801274,0.868138833672951,0.921363847376672,0.99,0.01,0.99,,,0.01
"2026-06-16 20:43:47",BTCUSDT,0.220670736626953,0.776170103047089,-0.0143464148287953,0.790516517875885,0.577661142661486,0.99,0.01,0.99,,,0.01
"2026-06-16 20:43:46",BTCUSDT,0.966365211018953,0.969847341278835,-0.0112310533594039,0.981078394638239,1.55136255761757,0.99,0.01,0.99,,,0.01
"2026-06-16 20:43:46",BTCUSDT,0.906972361978136,0.961987968866248,-0.0239228438796108,0.985910812745859,1.52674455208495,0.99,0.01,0.99,,,0.01
"2026-06-16 20:43:46",BTCUSDT,0.884902901707019,0.952352335471344,-0.0299914816627227,0.982343817134067,1.46800645047195,0.99,0.01,0.99,,,0.01
"2026-06-16 20:43:45",BTCUSDT,0.966365211018953,0.971563026450614,-0.0165098127902302,0.988072839240844,1.71969372807034,0.99,0.01,0.99,,,0.01
"2026-06-16 20:43:45",BTCUSDT,0.966365211018953,0.970913299521656,-0.0126999261058758,0.983613225627532,1.65425989379798,0.99,0.01,0.99,,,0.01
"2026-06-16 20:43:45",BTCUSDT,0.966365211018953,0.970344788458818,-0.0108448598993954,0.981189648358214,1.59715485516644,0.99,0.01,0.99,,,0.01
"2026-06-16 20:43:44",BTCUSDT,0.989191784745506,0.970962820931146,-0.0150256392799462,0.985988460211092,1.79839563411491,0.99,0.01,0.99,,,0.01
"2026-06-16 20:43:44",BTCUSDT,0.988493809001159,0.973154194439898,0.00954937426992135,0.963604820169977,1.68081603910841,0.99,0.01,0.99,,,0.01
"2026-06-16 20:43:44",BTCUSDT,0.966365211018953,0.97230557151228,-0.00965013605607729,0.981955707568357,1.73455150850769,0.99,0.01,0.99,,,0.01
"2026-06-16 20:43:43",BTCUSDT,0.988567834080547,0.962070339000989,0.0063887185824512,0.955681620418538,1.66304876699283,0.99,0.01,0.99,,,0.01
"2026-06-16 20:43:43",BTCUSDT,0.988567834080547,0.965382525885934,-0.00433327540905159,0.969715801294986,1.72667783081844,0.99,0.01,0.99,,,0.01
"2026-06-16 20:43:43",BTCUSDT,0.989191784745506,0.96835868324338,-0.00413521475843137,0.972493898001812,1.7370260377772,0.99,0.01,0.99,,,0.01
"2026-06-16 20:43:42",BTCUSDT,0.988320377026426,0.949090474051244,-0.0146617070978332,0.963752181149077,1.7169426429832,0.99,0.01,0.99,,,0.01
"2026-06-16 20:43:42",BTCUSDT,0.988320377026426,0.953994211923142,0.000489739244701172,0.953504472678441,1.66291326955661,0.99,0.01,0.99,,,0.01
"2026-06-16 20:43:42",BTCUSDT,0.988320377026426,0.958284982561052,0.00916228141827107,0.949122701142781,1.63759091410012,0.99,0.01,0.99,,,0.01
"2026-06-16 20:43:41",BTCUSDT,0.987896272203381,0.921509902160922,0.00107331515211099,0.920436587008811,1.53007159005537,0.99,0.01,0.99,,,0.01
"2026-06-16 20:43:41",BTCUSDT,0.988320081964337,0.929861174636349,-0.0125335228016196,0.942394697437969,1.63652384295472,0.99,0.01,0.99,,,0.01
"2026-06-16 20:43:41",BTCUSDT,0.987622675393368,0.937081362230977,-0.00334168233657164,0.940423044567548,1.62161025634868,0.99,0.01,0.99,,,0.01
"2026-06-16 20:43:41",BTCUSDT,0.988320081964337,0.943486202197647,-0.00803678082000866,0.951522983017655,1.66699870647833,0.99,0.01,0.99,,,0.01
"2026-06-16 20:43:40",BTCUSDT,0.923605732943341,0.887683197527258,0.0141561304458777,0.87352706708138,1.28161982487342,0.99,0.01,0.99,,,0.01
"2026-06-16 20:43:40",BTCUSDT,0.991413384984403,0.900649470959401,-0.00256026800052039,0.903209738959921,1.43035700187972,0.99,0.01,0.99,,,0.01
"2026-06-16 20:43:40",BTCUSDT,0.991662783380191,0.912026135012,-0.00140041883345267,0.913426553845452,1.4869908449412,0.99,0.01,0.99,,,0.01
"2026-06-16 20:43:39",BTCUSDT,0.986504591147311,0.869821830203369,0.0141559283791684,0.8556659018242,1.17012948673395,0.99,0.01,0.99,,,0.01
"2026-06-16 20:43:39",BTCUSDT,0.924157601263668,0.876613801585906,0.0239587451124274,0.852655056473479,1.16300897021371,0.99,0.01,0.99,,,0.01
"2026-06-16 20:43:39",BTCUSDT,0.924114642926911,0.882551406753532,0.0141201442524961,0.868431262501036,1.24579292473664,0.99,0.01,0.99,,,0.01
"2026-06-16 20:43:38",BTCUSDT,0.986481697566878,0.81222866568883,-0.00090409613679261,0.813132761825623,0.954978247949005,0.99,0.01,0.99,,,0.01
"2026-06-16 20:43:38",BTCUSDT,0.987220281534258,0.834102617669509,0.0243853932784924,0.809717224391016,0.94316300454259,0.99,0.01,0.99,,,0.01
"2026-06-16 20:43:38",BTCUSDT,0.986504591147311,0.853152864354234,0.0142511099493087,0.838901754404925,1.08589935103088,0.99,0.01,0.99,,,0.01
"2026-06-16 20:43:37",BTCUSDT,0.991798247890782,0.735850903442028,-0.00378980793594116,0.739640711377969,0.588975373531827,0.99,0.01,0.99,,,0.01
"2026-06-16 20:43:37",BTCUSDT,0.991283565709005,0.7677799862254,0.0111003304759655,0.756679655749434,0.681118205696598,0.99,0.01,0.99,,,0.01
"2026-06-16 20:43:37",BTCUSDT,0.924223099786501,0.787335375420537,0.0171997273963578,0.77013564802418,0.751275705126905,0.99,0.01,0.99,,,0.01
"2026-06-16 20:43:36",BTCUSDT,0.975676729973459,0.630074569021621,-0.00553893608924534,0.635613505110866,0.0666441687317238,0.99,0.01,0.99,,,0.01
"2026-06-16 20:43:36",BTCUSDT,0.868394339572599,0.659864540340493,-0.00511790813422256,0.664982448474715,0.216014051784625,0.99,0.01,0.99,,,0.01
"2026-06-16 20:43:36",BTCUSDT,0.975244194354195,0.699286997092206,-0.00471630854082031,0.704003305633026,0.413196971837671,0.99,0.01,0.99,,,0.01
"2026-06-16 20:43:35",BTCUSDT,0.990617852104477,0.47542732482982,-0.0506236464132126,0.526050971243033,-0.465760344065542,0.99,0.01,0.99,,,0.01
"2026-06-16 20:43:35",BTCUSDT,0.989809213587715,0.539725060924557,-0.0432853643652941,0.583010425289851,-0.19809481757989,0.99,0.01,0.99,,,0.01
"2026-06-16 20:43:35",BTCUSDT,0.867547227470393,0.580702831742786,-0.0348052788541751,0.615508110596962,-0.038749371040295,0.99,0.01,0.99,,,0.01
"2026-06-16 20:43:34",BTCUSDT,0.384517974525843,0.417779426996196,-0.0554008980997504,0.473180325095947,-0.752430529118809,0.99,0.01,0.99,,,0.01
"2026-06-16 20:43:34",BTCUSDT,0.384530585983763,0.413623321869642,-0.0450563149526783,0.458679636822321,-0.798104556108212,0.99,0.01,0.99,,,0.01
"2026-06-16 20:43:34",BTCUSDT,0.319266171522885,0.401828678076298,-0.0630625843810394,0.464891262457337,-0.75231002595461,0.99,0.01,0.99,,,0.01
"2026-06-16 20:43:33",BTCUSDT,0.51394982562718,0.437074726808455,-0.0534661111933197,0.490540838001775,-0.735238367199379,0.99,0.01,0.99,,,0.01
"2026-06-16 20:43:33",BTCUSDT,0.412070437650303,0.433949190663686,-0.0678849034695608,0.501834094133247,-0.671059581246694,0.99,0.01,0.99,,,0.01
"2026-06-16 20:43:33",BTCUSDT,0.386036169095444,0.427960062967656,-0.044751402505101,0.472711465472757,-0.788220144878402,0.99,0.01,0.99,,,0.01
"2026-06-16 20:43:33",BTCUSDT,0.384528063733526,0.42253106306339,-0.0530669275048374,0.475597990568227,-0.759027938042745,0.99,0.01,0.99,,,0.01
"2026-06-16 20:43:32",BTCUSDT,0.51394982562718,0.435131194500038,-0.0635641114724807,0.498695305972519,-0.720302021983616,0.99,0.01,0.99,,,0.01
"2026-06-16 20:43:32",BTCUSDT,0.396566395926444,0.430310594678339,-0.0634347842510726,0.493745378929411,-0.739450034487539,0.99,0.01,0.99,,,0.01
"2026-06-16 20:43:32",BTCUSDT,0.396566395926444,0.426092569834352,-0.0739996591224414,0.500092228956793,-0.703076827763017,0.99,0.01,0.99,,,0.01
"2026-06-16 20:43:31",BTCUSDT,0.396378012126327,0.414719615264984,-0.0542790121153153,0.468998627380299,-0.824302384355356,0.99,0.01,0.99,,,0.01
"2026-06-16 20:43:31",BTCUSDT,0.519139521145098,0.427772103499998,-0.0766345059650361,0.504406609465034,-0.684183839124449,0.99,0.01,0.99,,,0.01
"2026-06-16 20:43:31",BTCUSDT,0.396566395926444,0.423871390053303,-0.0535013748888271,0.477372764942131,-0.815557122827576,0.99,0.01,0.99,,,0.01
"2026-06-16 20:43:30",BTCUSDT,0.40085405868747,0.403961614212027,-0.05087203293453,0.454833647146557,-0.751309075228314,0.99,0.01,0.99,,,0.01
"2026-06-16 20:43:30",BTCUSDT,0.40085405868747,0.403573169771457,-0.0662200079826448,0.469793177754102,-0.748048300636786,0.99,0.01,0.99,,,0.01
"2026-06-16 20:43:30",BTCUSDT,0.513706565878131,0.417339844284792,-0.0742058686401698,0.491545712924961,-0.697324626361034,0.99,0.01,0.99,,,0.01
"2026-06-16 20:43:29",BTCUSDT,0.247264276597783,0.407682752706853,-0.051979980419221,0.459662733126074,-0.545452174947441,0.99,0.01,0.99,,,0.01
"2026-06-16 20:43:29",BTCUSDT,0.391226265018295,0.405625691745783,-0.0552344823786301,0.460860174124414,-0.593663161168108,0.99,0.01,0.99,,,0.01
"2026-06-16 20:43:29",BTCUSDT,0.395864563503796,0.404405550715535,-0.0629445953773482,0.467350146092883,-0.629539342356939,0.99,0.01,0.99,,,0.01
"2026-06-16 20:43:28",BTCUSDT,0.587760794071805,0.430971221936315,-0.0611573972612755,0.49212861919759,-0.325787581179037,0.99,0.01,0.99,,,0.01
"2026-06-16 20:43:28",BTCUSDT,0.581535801690352,0.449791794405569,-0.0765433827387444,0.526335177144314,-0.246185749810666,0.99,0.01,0.99,,,0.01
"2026-06-16 20:43:28",BTCUSDT,0.296254862083348,0.430599677865292,-0.0536623288269168,0.484262006692209,-0.419391516369185,0.99,0.01,0.99,,,0.01
"2026-06-16 20:43:27",BTCUSDT,0.452703354668554,0.373880058201449,-0.0374893182488976,0.411369376450347,-0.51061842801029,0.99,0.01,0.99,,,0.01
"2026-06-16 20:43:27",BTCUSDT,0.454194847870691,0.383919406910104,-0.0485881942346753,0.43250760114478,-0.464063567003577,0.99,0.01,0.99,,,0.01
"2026-06-16 20:43:27",BTCUSDT,0.581145844679229,0.408572711631245,-0.0439400006114168,0.452512712242662,-0.423874331782018,0.99,0.01,0.99,,,0.01
"2026-06-16 20:43:26",BTCUSDT,0.252206323166509,0.288220457847016,-0.0489302028497652,0.337150660696782,-0.701316114585819,0.99,0.01,0.99,,,0.01
"2026-06-16 20:43:26",BTCUSDT,0.662775067160825,0.335039784011242,-0.046797081412567,0.381836865423809,-0.570559612915697,0.99,0.01,0.99,,,0.01
"2026-06-16 20:43:26",BTCUSDT,0.452743216105541,0.34975271302303,-0.0493609722061804,0.39911368522921,-0.525512799957231,0.99,0.01,0.99,,,0.01
"2026-06-16 20:43:26",BTCUSDT,0.452687707059408,0.362619587277577,-0.0484889729315635,0.411108560209141,-0.498966353062864,0.99,0.01,0.99,,,0.01
"2026-06-16 20:43:25",BTCUSDT,0.252450258892356,0.305965031494263,-0.0455978819694738,0.351562913463737,-0.679075974924,0.99,0.01,0.99,,,0.01
"2026-06-16 20:43:25",BTCUSDT,0.252206323166509,0.299245192953294,-0.0377218993412273,0.336967092294521,-0.712617173799433,0.99,0.01,0.99,,,0.01
"2026-06-16 20:43:25",BTCUSDT,0.252206323166509,0.293365334229946,-0.0358687123543943,0.32923404658434,-0.728419642783217,0.99,0.01,0.99,,,0.01
"2026-06-16 20:43:24",BTCUSDT,0.262284516988186,0.329319857988284,-0.0552621352262408,0.384581993214525,-0.614057056933561,0.99,0.01,0.99,,,0.01
"2026-06-16 20:43:24",BTCUSDT,0.262284516988186,0.320940440363271,-0.0393500649912448,0.360290505354516,-0.676481639039682,0.99,0.01,0.99,,,0.01
"2026-06-16 20:43:24",BTCUSDT,0.262296909527671,0.313609999008821,-0.0472072708020823,0.360817269810904,-0.663803675920409,0.99,0.01,0.99,,,0.01
"2026-06-16 20:43:23",BTCUSDT,0.259965583622804,0.363065440266885,-0.045296072476738,0.408361512743623,-0.558442117863908,0.99,0.01,0.99,,,0.01
"2026-06-16 20:43:23",BTCUSDT,0.259965583622804,0.350177958186375,-0.0491601638665809,0.399338122052956,-0.583881270384181,0.99,0.01,0.99,,,0.01
"2026-06-16 20:43:23",BTCUSDT,0.25992497488747,0.338896335274012,-0.0471751131267954,0.386071448400807,-0.617952836567748,0.99,0.01,0.99,,,0.01
"2026-06-16 20:43:22",BTCUSDT,0.259992653637288,0.413855625168719,-0.045296072476738,0.459151697645457,-0.402616956774993,0.99,0.01,0.99,,,0.01
"2026-06-16 20:43:22",BTCUSDT,0.259992653637288,0.39462275372729,-0.0492598228610626,0.443882576588353,-0.451423915041969,0.99,0.01,0.99,,,0.01
"2026-06-16 20:43:22",BTCUSDT,0.259992653637288,0.37779399121604,-0.0374366858911976,0.415230677107238,-0.538411370137032,0.99,0.01,0.99,,,0.01
"2026-06-16 20:43:21",BTCUSDT,0.257195136130813,0.490524641201268,-0.0386798021782806,0.529204443379549,-0.174165947849249,0.99,0.01,0.99,,,0.01
"2026-06-16 20:43:21",BTCUSDT,0.257195136130813,0.461358453067461,-0.0589979138034565,0.520356366870918,-0.208707690584087,0.99,0.01,0.99,,,0.01
"2026-06-16 20:43:21",BTCUSDT,0.257179225913448,0.435836049673209,-0.0372630934577179,0.473099143130927,-0.356743322995212,0.99,0.01,0.99,,,0.01
"2026-06-16 20:43:20",BTCUSDT,0.256021965563448,0.605804949058476,-0.0329875950477183,0.638792544106195,0.177786488377394,0.99,0.01,0.99,,,0.01
"2026-06-16 20:43:20",BTCUSDT,0.256202818761377,0.562104682771339,-0.0452613465757311,0.60736602934707,0.0753840611192454,0.99,0.01,0.99,,,0.01
"2026-06-16 20:43:20",BTCUSDT,0.256126641719862,0.523857427639904,-0.0357083797849799,0.559565807424884,-0.0755769446166501,0.99,0.01,0.99,,,0.01
"2026-06-16 20:43:19",BTCUSDT,0.228696631265025,0.782054602361352,-0.0330644491988193,0.815119051560171,0.734391629801628,0.99,0.01,0.99,,,0.01
"2026-06-16 20:43:19",BTCUSDT,0.228668069547594,0.712881285759632,-0.031205391643481,0.744086677403113,0.510168768129979,0.99,0.01,0.99,,,0.01
"2026-06-16 20:43:19",BTCUSDT,0.256022573287563,0.655773946700623,-0.0407456696756209,0.696519616376244,0.358632747622488,0.99,0.01,0.99,,,0.01
"2026-06-16 20:43:18",BTCUSDT,0.987481509367953,0.902891981046156,-0.0510948077071916,0.953986788753348,1.25998760590246,0.99,0.01,0.99,,,0.01
"2026-06-16 20:43:18",BTCUSDT,0.987388556667841,0.913454052998867,-0.0466844628786779,0.960138515877545,1.24573832336347,0.99,0.01,0.99,,,0.01
"2026-06-16 20:43:18",BTCUSDT,0.880512384463444,0.909336344431939,-0.0639218934210049,0.973258237852944,1.25178359447979,0.99,0.01,0.99,,,0.01
"2026-06-16 20:43:18",BTCUSDT,0.523491517691614,0.861105741089398,-0.0542227745644925,0.915328515653891,1.05151035118143,0.99,0.01,0.99,,,0.01
"2026-06-16 20:43:17",BTCUSDT,0.892566303895066,0.874750512234536,-0.0586489360329796,0.933399448267516,1.28107687566211,0.99,0.01,0.99,,,0.01
"2026-06-16 20:43:17",BTCUSDT,0.892714457854904,0.876996005437082,-0.0530215168890798,0.930017522326162,1.24741394404086,0.99,0.01,0.99,,,0.01
"2026-06-16 20:43:17",BTCUSDT,0.987490063656193,0.890807762714471,-0.0373902637900994,0.928198026504571,1.21450557824641,0.99,0.01,0.99,,,0.01
"2026-06-16 20:43:16",BTCUSDT,0.699708846809692,0.867919907746933,-0.0482102634507847,0.916130171197717,1.29071295574956,0.99,0.01,0.99,,,0.01
"2026-06-16 20:43:16",BTCUSDT,0.88602176598984,0.870182640027296,-0.0424936769311288,0.912676316958425,1.26132901305416,0.99,0.01,0.99,,,0.01
"2026-06-16 20:43:16",BTCUSDT,0.886364712930326,0.872205399140175,-0.0510948077071916,0.923300206847366,1.27134380680767,0.99,0.01,0.99,,,0.01
"2026-06-16 20:43:15",BTCUSDT,0.971272593600663,0.895814928410084,-0.0526356599069281,0.948450588317012,1.44084049579105,0.99,0.01,0.99,,,0.01
"2026-06-16 20:43:15",BTCUSDT,0.971210924363176,0.905239427904221,-0.0572447175549956,0.962484145459216,1.45780958633117,0.99,0.01,0.99,,,0.01
"2026-06-16 20:43:15",BTCUSDT,0.798924479145618,0.891950059309395,-0.0471179196480198,0.939067978957415,1.37394062897284,0.99,0.01,0.99,,,0.01
"2026-06-16 20:43:14",BTCUSDT,0.95735250588107,0.860618445938627,-0.0526662022852149,0.913284648223841,1.37996059797493,0.99,0.01,0.99,,,0.01
"2026-06-16 20:43:14",BTCUSDT,0.95735250588107,0.872710203431432,-0.0667821083972813,0.939492311828713,1.4334092092762,0.99,0.01,0.99,,,0.01
"2026-06-16 20:43:14",BTCUSDT,0.971310671614275,0.885035261954287,-0.0457964416901331,0.93083170364442,1.40201015223311,0.99,0.01,0.99,,,0.01
"2026-06-16 20:43:13",BTCUSDT,0.957261029411765,0.812767940909176,-0.0568939402375666,0.869661881146743,1.31501664089814,0.99,0.01,0.99,,,0.01
"2026-06-16 20:43:13",BTCUSDT,0.958672242510221,0.831005978609307,-0.0549680390408596,0.885974017650167,1.33971692080159,0.99,0.01,0.99,,,0.01
"2026-06-16 20:43:13",BTCUSDT,0.95735250588107,0.846799294518277,-0.0543914445826556,0.901190739100933,1.36334165157118,0.99,0.01,0.99,,,0.01
"2026-06-16 20:43:12",BTCUSDT,0.54815365551425,0.799935271285317,-0.0367851741586492,0.836720445443966,1.28945857347299,0.99,0.01,0.99,,,0.01
"2026-06-16 20:43:12",BTCUSDT,0.548736003371897,0.768535362796139,-0.0445214432617038,0.813056806057843,1.22211749290895,0.99,0.01,0.99,,,0.01
"2026-06-16 20:43:12",BTCUSDT,0.957261029411765,0.792126071123093,-0.0547758348881693,0.846901906011262,1.2797200214457,0.99,0.01,0.99,,,0.01
"2026-06-16 20:43:11",BTCUSDT,0.953526005324744,0.856942139254761,-0.0661961005571738,0.923138239811935,1.53272414897274,0.99,0.01,0.99,,,0.01
"2026-06-16 20:43:11",BTCUSDT,0.549446442466165,0.818505177156187,-0.0317095965218614,0.850214773678048,1.36147131368151,0.99,0.01,0.99,,,0.01
"2026-06-16 20:43:11",BTCUSDT,0.957696348213306,0.835904073538326,-0.0464323280554345,0.882336401593761,1.40424418342903,0.99,0.01,0.99,,,0.01
"2026-06-16 20:43:10",BTCUSDT,0.972633544722406,0.787923620911821,-0.0545580221683892,0.84248164308021,1.49037313110107,0.99,0.01,0.99,,,0.01
"2026-06-16 20:43:10",BTCUSDT,0.956413194886576,0.808984817658665,-0.0513535830636219,0.860338400722287,1.49556475433894,0.99,0.01,0.99,,,0.01
"2026-06-16 20:43:10",BTCUSDT,0.957916443016516,0.827601270828397,-0.0543527842315468,0.881954055059943,1.50854994538812,0.99,0.01,0.99,,,0.01
"2026-06-16 20:43:10",BTCUSDT,0.951946657016473,0.843144444101906,-0.0547371021174136,0.89788154621932,1.51112836188489,0.99,0.01,0.99,,,0.01
"2026-06-16 20:43:09",BTCUSDT,0.799803492442972,0.723880875798921,-0.0519088646846099,0.775789740483531,1.45608993766213,0.99,0.01,0.99,,,0.01
"2026-06-16 20:43:09",BTCUSDT,0.79926234959792,0.733303560023795,-0.0369871588376049,0.7702907188614,1.41298736163592,0.99,0.01,0.99,,,0.01
"2026-06-16 20:43:09",BTCUSDT,0.959166991344472,0.76153648893888,-0.0320384830054491,0.793574971944329,1.42668855360711,0.99,0.01,0.99,,,0.01
"2026-06-16 20:43:08",BTCUSDT,0.552096547887251,0.638827317203974,-0.0301044272230373,0.668931744427011,1.35953948703322,0.99,0.01,0.99,,,0.01
"2026-06-16 20:43:08",BTCUSDT,0.955510164755757,0.678412673147947,-0.0461920950297838,0.724604768177731,1.42977619278279,0.99,0.01,0.99,,,0.01
"2026-06-16 20:43:08",BTCUSDT,0.955389589619679,0.713034787706913,-0.0442058777475662,0.75724066545448,1.45555958126911,0.99,0.01,0.99,,,0.01
"2026-06-16 20:43:07",BTCUSDT,0.955868577177948,0.557926771409671,-0.0401956828909542,0.598122454300625,1.33231666729749,0.99,0.01,0.99,,,0.01
"2026-06-16 20:43:07",BTCUSDT,0.955868577177948,0.607669497130706,-0.0350379777621911,0.642707474892897,1.38245037358618,0.99,0.01,0.99,,,0.01
"2026-06-16 20:43:07",BTCUSDT,0.956052936935965,0.651217427106363,-0.0521676319076294,0.703385059013993,1.46125060727467,0.99,0.01,0.99,,,0.01
"2026-06-16 20:43:06",BTCUSDT,0.955602830319567,0.361707079403089,-0.0297005992254044,0.391407678628493,1.02763556175747,0.99,0.01,0.99,,,0.01
"2026-06-16 20:43:06",BTCUSDT,0.955747469879518,0.435962128212643,-0.0422699231914087,0.478232051404051,1.16705705334094,0.99,0.01,0.99,,,0.01
"2026-06-16 20:43:06",BTCUSDT,0.956888638625127,0.501077942014203,-0.0329076174341709,0.533985559448374,1.24296376549178,0.99,0.01,0.99,,,0.01
"2026-06-16 20:43:05",BTCUSDT,0.95990890083632,0.0683114539397344,-0.0410242181332579,0.109335672072992,0.539094499245806,0.99,0.01,0.99,,,0.01
"2026-06-16 20:43:05",BTCUSDT,0.958205414196879,0.179548198971877,-0.0505190062295147,0.230067205201392,0.758648815990514,0.99,0.01,0.99,,,0.01
"2026-06-16 20:43:05",BTCUSDT,0.958081241374165,0.276864829272163,-0.0405428220105616,0.317407651282725,0.908409513255,0.99,0.01,0.99,,,0.01
"2026-06-16 20:43:04",BTCUSDT,-0.309186344830522,-0.191240384398535,-0.0414122879443712,-0.149828096454164,0.0479289771595002,0.99,0.01,0.99,,,0.01
"2026-06-16 20:43:04",BTCUSDT,-0.309186344830522,-0.205983629452533,-0.0396761816418602,-0.166307447810673,0.0149050321229324,0.99,0.01,0.99,,,0.01
"2026-06-16 20:43:04",BTCUSDT,0.969408526946652,-0.059059609902635,-0.0397619598864679,-0.0192976500161672,0.297899755479951,0.99,0.01,0.99,,,0.01
"2026-06-16 20:43:03",BTCUSDT,-0.389698318717726,-0.116825585002071,-0.0323285649158567,-0.0844970200862144,0.159767484418489,0.99,0.01,0.99,,,0.01
"2026-06-16 20:43:03",BTCUSDT,-0.356679433520917,-0.146807316066927,-0.0396998295571713,-0.107107486509756,0.124006005575998,0.99,0.01,0.99,,,0.01
"2026-06-16 20:43:03",BTCUSDT,-0.367476479368949,-0.17439096147968,-0.0304715519274966,-0.143919409552183,0.0573750877271767,0.99,0.01,0.99,,,0.01
"2026-06-16 20:43:02",BTCUSDT,-0.388140059461809,0.0757853596781924,-0.0378365899956231,0.113621949673816,0.51049154440501,0.99,0.01,0.99,,,0.01
"2026-06-16 20:43:02",BTCUSDT,-0.389674414124317,0.0176028879528787,-0.0508926091662243,0.068495497119103,0.431109834921277,0.99,0.01,0.99,,,0.01
"2026-06-16 20:43:02",BTCUSDT,-0.389636168485366,-0.0333019941019018,-0.0489100244692051,0.0156080303673033,0.33650404876321,0.99,0.01,0.99,,,0.01
"2026-06-16 20:43:02",BTCUSDT,-0.389636168485366,-0.0778437658998348,-0.0379086603288535,-0.0399351055709812,0.237249290415546,0.99,0.01,0.99,,,0.01
"2026-06-16 20:43:01",BTCUSDT,-0.132747268554541,0.246349210649288,-0.0281449976038113,0.274494208253099,0.802441743507376,0.99,0.01,0.99,,,0.01
"2026-06-16 20:43:01",BTCUSDT,-0.198693592921141,0.190718860202984,-0.0409839735739417,0.231702833776926,0.724612482688007,0.99,0.01,0.99,,,0.01
"2026-06-16 20:43:01",BTCUSDT,-0.198548664978206,0.142060419555335,-0.0392227923633423,0.181283211918678,0.633839716976367,0.99,0.01,0.99,,,0.01
"2026-06-16 20:43:00",BTCUSDT,-0.0951372015624533,0.433057690284367,-0.0372564692842222,0.470314159568589,1.17313427015873,0.99,0.01,0.99,,,0.01
"2026-06-16 20:43:00",BTCUSDT,-0.132202669803768,0.36240014527335,-0.0409839735739417,0.403384118847292,1.04286086174812,0.99,0.01,0.99,,,0.01
"2026-06-16 20:43:00",BTCUSDT,-0.13275421262906,0.300505850535549,-0.0392227923633423,0.339728642898891,0.923411315998767,0.99,0.01,0.99,,,0.01
"2026-06-16 20:42:59",BTCUSDT,0.706083520597087,0.578065723480303,-0.0276783835538045,0.605744107034107,1.46786193980853,0.99,0.01,0.99,,,0.01
"2026-06-16 20:42:59",BTCUSDT,0.706408819348949,0.594108610463884,-0.0404323456624975,0.634540956126381,1.50701405799904,0.99,0.01,0.99,,,0.01
"2026-06-16 20:42:59",BTCUSDT,-0.0906474460044547,0.508514103405341,-0.0393658280278973,0.547879931433239,1.32861657658612,0.99,0.01,0.99,,,0.01
"2026-06-16 20:42:58",BTCUSDT,0.959646222571106,0.478619295540848,-0.0365277764447899,0.515147071985637,1.315236170941,0.99,0.01,0.99,,,0.01
"2026-06-16 20:42:58",BTCUSDT,0.960272172220466,0.5388259051258,-0.0289382827222285,0.567764187848029,1.41506541098701,0.99,0.01,0.99,,,0.01
"2026-06-16 20:42:58",BTCUSDT,0.706438398114069,0.559777466749334,-0.0386723942219947,0.598449860971328,1.465573400473,0.99,0.01,0.99,,,0.01
"2026-06-16 20:42:57",BTCUSDT,0.505248579453527,0.38070029016778,-0.0364356727027285,0.417135962870509,1.09976676730787,0.99,0.01,0.99,,,0.01
"2026-06-16 20:42:57",BTCUSDT,0.505279753136916,0.396272723038922,-0.0291953834034929,0.425468106442415,1.12718189340194,0.99,0.01,0.99,,,0.01
"2026-06-16 20:42:57",BTCUSDT,0.505300243591171,0.409901163107953,-0.0291251717714815,0.439026334879435,1.16322039140814,0.99,0.01,0.99,,,0.01
"2026-06-16 20:42:56",BTCUSDT,0.505297882918341,0.319377174050021,-0.0401109883334262,0.359488162383448,0.945251867349707,0.99,0.01,0.99,,,0.01
"2026-06-16 20:42:56",BTCUSDT,0.505099121537478,0.342592417485953,-0.0382808630579043,0.380873280543858,1.00051453640934,0.99,0.01,0.99,,,0.01
"2026-06-16 20:42:56",BTCUSDT,0.505114496899717,0.362907677412674,-0.0290137006545677,0.391921378067242,1.03812084014905,0.99,0.01,0.99,,,0.01
"2026-06-16 20:42:55",BTCUSDT,0.180367460673428,0.327259379842957,-0.0308315986389089,0.358090978481866,0.905191785455457,0.99,0.01,0.99,,,0.01
"2026-06-16 20:42:55",BTCUSDT,0.180389021034088,0.308900584991848,-0.0382808630579043,0.347181448049752,0.895462906447691,0.99,0.01,0.99,,,0.01
"2026-06-16 20:42:55",BTCUSDT,0.180232487322011,0.292817072783118,-0.0380960484218643,0.330913121204983,0.877462578822861,0.99,0.01,0.99,,,0.01
"2026-06-16 20:42:54",BTCUSDT,0.5967215815486,0.405134678312354,-0.0310194049332874,0.436154083245641,1.02930936346021,0.99,0.01,0.99,,,0.01
"2026-06-16 20:42:54",BTCUSDT,0.141547207223307,0.372186244426223,-0.0292964938155532,0.401482738241776,0.970658436373738,0.99,0.01,0.99,,,0.01
"2026-06-16 20:42:54",BTCUSDT,0.180647806810985,0.348243939724318,-0.0275690282517281,0.375812967976046,0.929449197649379,0.99,0.01,0.99,,,0.01
"2026-06-16 20:42:53",BTCUSDT,0.600105640897185,0.214673280114298,-0.0360645885143209,0.250737868628619,0.674986202508912,0.99,0.01,0.99,,,0.01
"2026-06-16 20:42:53",BTCUSDT,0.70918447753667,0.276487179792095,-0.0400389834192607,0.316526163211355,0.8001520664923,0.99,0.01,0.99,,,0.01
"2026-06-16 20:42:53",BTCUSDT,0.708535005500803,0.330493158005683,-0.0382807050817895,0.368773863087473,0.900051290706832,0.99,0.01,0.99,,,0.01
"2026-06-16 20:42:53",BTCUSDT,0.708668859617622,0.377765120707176,-0.045423209881127,0.423188330588303,1.00213948053594,0.99,0.01,0.99,,,0.01
"2026-06-16 20:42:52",BTCUSDT,0.824726299419451,-0.0282650840873217,-0.026786936842499,-0.00147814724482271,0.197681071642489,0.99,0.01,0.99,,,0.01
"2026-06-16 20:42:52",BTCUSDT,0.96195177096136,0.0955120227937635,-0.0488507472709978,0.144362770064761,0.467602234609231,0.99,0.01,0.99,,,0.01
"2026-06-16 20:42:52",BTCUSDT,0.608307954749026,0.159611514288171,-0.0378793392678135,0.197490853555985,0.57305919994028,0.99,0.01,0.99,,,0.01
"2026-06-16 20:42:51",BTCUSDT,-0.120331217673091,-0.277673800656471,-0.0448834572845528,-0.232790343371918,-0.259191080956198,0.99,0.01,0.99,,,0.01
"2026-06-16 20:42:51",BTCUSDT,-0.120255055615162,-0.257996457526307,-0.0377101637139681,-0.220286293812339,-0.218859507135143,0.99,0.01,0.99,,,0.01
"2026-06-16 20:42:51",BTCUSDT,0.605007234549264,-0.150120996016861,-0.0289252640557556,-0.121195731961105,-0.0282078238486988,0.99,0.01,0.99,,,0.01
"2026-06-16 20:42:50",BTCUSDT,-0.0441283542623805,-0.387873848854356,-0.0354578114938442,-0.352416037360512,-0.517395363336515,0.99,0.01,0.99,,,0.01
"2026-06-16 20:42:50",BTCUSDT,-0.0471545442781761,-0.345283935782334,-0.0377099812470822,-0.307573954535252,-0.424500114944982,0.99,0.01,0.99,,,0.01
"2026-06-16 20:42:50",BTCUSDT,0.015777050386422,-0.300151312511239,-0.0285816685591884,-0.271569643952051,-0.344974384566191,0.99,0.01,0.99,,,0.01
"2026-06-16 20:42:49",BTCUSDT,-0.472005156385846,-0.654860345687169,-0.0447436080936658,-0.610116737593503,-0.994314857637437,0.99,0.01,0.99,,,0.01
"2026-06-16 20:42:49",BTCUSDT,-0.472005156385846,-0.632003447024504,-0.0373562184881872,-0.594647228536317,-0.946488828281274,0.99,0.01,0.99,,,0.01
"2026-06-16 20:42:49",BTCUSDT,0.928181344517274,-0.436980348081782,-0.0376016951844239,-0.399378652897358,-0.612767033199074,0.99,0.01,0.99,,,0.01
"2026-06-16 20:42:48",BTCUSDT,-0.452653026155904,-0.744979131243012,-0.0305086297383979,-0.714470501504614,-1.23837431040863,0.99,0.01,0.99,,,0.01
"2026-06-16 20:42:48",BTCUSDT,-0.471926904445555,-0.71084760289333,-0.0467353296078212,-0.664112273285509,-1.13047913423366,0.99,0.01,0.99,,,0.01
"2026-06-16 20:42:48",BTCUSDT,-0.471926904445555,-0.680982515587358,-0.0374400653618162,-0.643542450225542,-1.07169002306083,0.99,0.01,0.99,,,0.01
"2026-06-16 20:42:47",BTCUSDT,-0.742350700452558,-0.800333401408739,-0.0303684099728411,-0.769964991435898,-1.42995092163453,0.99,0.01,0.99,,,0.01
"2026-06-16 20:42:47",BTCUSDT,-0.74233582920624,-0.793083704883427,-0.0466876606088525,-0.746396044274574,-1.35581837055652,0.99,0.01,0.99,,,0.01
"2026-06-16 20:42:47",BTCUSDT,-0.742334093002519,-0.786740003398313,-0.0355482261441777,-0.751191777254136,-1.32830756278021,0.99,0.01,0.99,,,0.01
"2026-06-16 20:42:46",BTCUSDT,-0.741650386082426,-0.828864812541442,-0.0394785626388493,-0.789386249902593,-1.59154352118876,0.99,0.01,0.99,,,0.01
"2026-06-16 20:42:46",BTCUSDT,-0.742611974801078,-0.818083207823897,-0.0285898997901756,-0.789493308033721,-1.54506951863141,0.99,0.01,0.99,,,0.01
"2026-06-16 20:42:46",BTCUSDT,-0.742350700452558,-0.808616644402479,-0.0268962050062899,-0.78172043939619,-1.4888744391637,0.99,0.01,0.99,,,0.01
"2026-06-16 20:42:45",BTCUSDT,-0.766177225399619,-0.881259224865469,-0.0275428202260944,-0.853716404639375,-1.9291861341466,0.99,0.01,0.99,,,0.01
"2026-06-16 20:42:45",BTCUSDT,-0.771018938153745,-0.867479189026504,-0.0312926566179844,-0.836186532408519,-1.8332329487028,0.99,0.01,0.99,,,0.01
"2026-06-16 20:42:45",BTCUSDT,-0.770998592722364,-0.855419114488486,-0.0377208068299981,-0.817698307658488,-1.74261618023661,0.99,0.01,0.99,,,0.01
"2026-06-16 20:42:45",BTCUSDT,-0.742658329151011,-0.841324016321302,-0.0269012090860268,-0.814422807235275,-1.68218899777644,0.99,0.01,0.99,,,0.01
"2026-06-16 20:42:44",BTCUSDT,-0.991400014147765,-0.868820640062733,-0.031358304417222,-0.837462335645511,-2.1438650029176,0.99,0.01,0.99,,,0.01
"2026-06-16 20:42:44",BTCUSDT,-0.991500262245487,-0.884155592835577,-0.0240919372798873,-0.86006365555569,-2.09664488142163,0.99,0.01,0.99,,,0.01
"2026-06-16 20:42:44",BTCUSDT,-0.992506934178542,-0.897699510503448,-0.0240917591825789,-0.873607751320869,-2.03758072254143,0.99,0.01,0.99,,,0.01
"2026-06-16 20:42:43",BTCUSDT,-0.991222801014916,-0.808395045419102,-0.0419978812120649,-0.766397164207037,-2.30611834954335,0.99,0.01,0.99,,,0.01
"2026-06-16 20:42:43",BTCUSDT,-0.991550377078629,-0.831289461876543,-0.0237157326643154,-0.807573729212227,-2.28008549027651,0.99,0.01,0.99,,,0.01
"2026-06-16 20:42:43",BTCUSDT,-0.99144817412603,-0.851309300907729,-0.0332360269836669,-0.818073273924062,-2.20079880082894,0.99,0.01,0.99,,,0.01
"2026-06-16 20:42:42",BTCUSDT,-0.978786132236344,-0.748696791533355,0.0238893124582588,-0.772586103991614,-2.67992262327967,0.99,0.01,0.99,,,0.01
"2026-06-16 20:42:42",BTCUSDT,-0.778931378560678,-0.752476114911771,-0.0306134504638156,-0.721862664447955,-2.44245231359168,0.99,0.01,0.99,,,0.01
"2026-06-16 20:42:42",BTCUSDT,-0.990881552575204,-0.7822767946197,-0.0383026282733371,-0.743974166346363,-2.37076190659876,0.99,0.01,0.99,,,0.01
"2026-06-16 20:42:41",BTCUSDT,-0.994634397844259,-0.631408000011685,0.0145047219909652,-0.64591272200265,-2.90748542377078,0.99,0.01,0.99,,,0.01
"2026-06-16 20:42:41",BTCUSDT,-0.995659905198926,-0.67693948816009,0.0308474660748238,-0.707786954234914,-2.86752954194397,0.99,0.01,0.99,,,0.01
"2026-06-16 20:42:41",BTCUSDT,-0.988038668628507,-0.715826885718643,0.0313914358745867,-0.747218321593229,-2.78266616924475,0.99,0.01,0.99,,,0.01
"2026-06-16 20:42:40",BTCUSDT,-0.993541113979526,-0.45424958045179,0.02044806964174,-0.47469765009353,-3.07937424653107,0.99,0.01,0.99,,,0.01
"2026-06-16 20:42:40",BTCUSDT,-0.988687008213907,-0.521054258922055,0.0220708878213617,-0.543125146743416,-3.0526706003908,0.99,0.01,0.99,,,0.01
"2026-06-16 20:42:40",BTCUSDT,-0.988768304401872,-0.579518514607032,0.0326202763518772,-0.612138790958909,-3.02106020118052,0.99,0.01,0.99,,,0.01
"2026-06-16 20:42:39",BTCUSDT,-0.959649476906516,-0.192673316780857,0.101720406066677,-0.294393722847535,-3.24067135934625,0.99,0.01,0.99,,,0.01
"2026-06-16 20:42:39",BTCUSDT,-0.959649476906516,-0.288545336796564,0.0854765182952471,-0.374021855091812,-3.25235429410292,0.99,0.01,0.99,,,0.01
"2026-06-16 20:42:39",BTCUSDT,-0.997846104863814,-0.377207932804971,0.0887367837684163,-0.465944716573387,-3.28026144230961,0.99,0.01,0.99,,,0.01
"2026-06-16 20:42:38",BTCUSDT,-0.850473515113795,0.169536651239971,0.0812766788987402,0.0882599723412306,-2.40725346980547,0.99,0.01,0.99,,,0.01
"2026-06-16 20:42:38",BTCUSDT,-0.85071575329798,0.0420051006727269,0.103129875780272,-0.061124775107545,-2.84150064119649,0.99,0.01,0.99,,,0.01
"2026-06-16 20:42:38",BTCUSDT,-0.958878055955193,-0.083105293905763,0.104885724119218,-0.187991018024981,-3.10804584274485,0.99,0.01,0.99,,,0.01
"2026-06-16 20:42:37",BTCUSDT,0.298553850909555,0.376703333159338,0.0935417152607887,0.283161617898549,-1.88914282658222,0.99,0.01,0.99,,,0.01
"2026-06-16 20:42:37",BTCUSDT,0.298305113230536,0.366903555668237,0.0902103619663449,0.276693193701893,-1.85315781777159,0.99,0.01,0.99,,,0.01
"2026-06-16 20:42:37",BTCUSDT,0.297945763862858,0.358283831692565,0.0832571497441113,0.275026681948454,-1.79991848800792,0.99,0.01,0.99,,,0.01
"2026-06-16 20:42:37",BTCUSDT,0.0140322924761153,0.315252389290509,0.0912754604467232,0.223976928843786,-1.94890057402478,0.99,0.01,0.99,,,0.01
"2026-06-16 20:42:36",BTCUSDT,0.354805440602688,0.418684207204774,0.0760590726439206,0.342625134560853,-1.81913750650301,0.99,0.01,0.99,,,0.01
"2026-06-16 20:42:36",BTCUSDT,0.27420484748821,0.400624287240203,0.0835020326271362,0.317122254613067,-1.86903288791195,0.99,0.01,0.99,,,0.01
"2026-06-16 20:42:36",BTCUSDT,0.298570348593028,0.387867544909306,0.0739104199628452,0.313957124946461,-1.81962595894281,0.99,0.01,0.99,,,0.01
"2026-06-16 20:42:35",BTCUSDT,0.614462935343482,0.465560805124977,0.0839168274598225,0.381643977665154,-1.83998342566916,0.99,0.01,0.99,,,0.01
"2026-06-16 20:42:35",BTCUSDT,0.279636223004178,0.442320232359877,0.0821549813647463,0.36016525099513,-1.87422633730647,0.99,0.01,0.99,,,0.01
"2026-06-16 20:42:35",BTCUSDT,0.326236335807151,0.427809745290786,0.0923824707754362,0.33542727451535,-1.91871945705114,0.99,0.01,0.99,,,0.01
"2026-06-16 20:42:34",BTCUSDT,0.225145033734272,0.453381299318766,0.093842931435578,0.359538367883188,-2.20544515644251,0.99,0.01,0.99,,,0.01
"2026-06-16 20:42:34",BTCUSDT,0.22574898184358,0.424927259634367,0.0835185891596168,0.341408670474751,-2.19851482321662,0.99,0.01,0.99,,,0.01
"2026-06-16 20:42:34",BTCUSDT,0.579821760452379,0.444289072236619,0.0925244507705839,0.351764621466035,-2.05749999389687,0.99,0.01,0.99,,,0.01
"2026-06-16 20:42:33",BTCUSDT,0.21998010829926,0.565832912235373,0.0981592767211189,0.467673635514254,-1.86855617848283,0.99,0.01,0.99,,,0.01
"2026-06-16 20:42:33",BTCUSDT,0.225165965435967,0.523249543885447,0.0834298241430561,0.439819719742391,-1.95276680661776,0.99,0.01,0.99,,,0.01
"2026-06-16 20:42:33",BTCUSDT,0.225145033734272,0.48598648011655,0.0832343667297082,0.402752113386842,-2.07261755669261,0.99,0.01,0.99,,,0.01
"2026-06-16 20:42:32",BTCUSDT,0.623198627565277,0.688858443484879,0.0945492450262759,0.594309198458603,-1.26584757942929,0.99,0.01,0.99,,,0.01
"2026-06-16 20:42:32",BTCUSDT,0.377748679120423,0.649969722939322,0.0920225354991402,0.557947187440182,-1.44901195862301,0.99,0.01,0.99,,,0.01
"2026-06-16 20:42:32",BTCUSDT,0.372135584663282,0.615240455654817,0.0937735233699609,0.521466932284856,-1.61987950584499,0.99,0.01,0.99,,,0.01
"2026-06-16 20:42:31",BTCUSDT,0.959181322863667,0.796241866798845,0.111888740941519,0.684353125857326,-0.773384750582709,0.99,0.01,0.99,,,0.01
"2026-06-16 20:42:31",BTCUSDT,0.378033709249799,0.743965847105214,0.104123041205381,0.639842805899833,-1.03546332580023,0.99,0.01,0.99,,,0.01
"2026-06-16 20:42:31",BTCUSDT,0.378146407764939,0.69823841718768,0.0855566595975025,0.612681757590177,-1.18084358290774,0.99,0.01,0.99,,,0.01
"2026-06-16 20:42:30",BTCUSDT,0.963004062221342,0.715947980231675,0.12032708072891,0.595620899502765,-1.34898715499244,0.99,0.01,0.99,,,0.01
"2026-06-16 20:42:30",BTCUSDT,0.959219751602564,0.746356951653036,0.104675804815759,0.641681146837277,-1.05265294479489,0.99,0.01,0.99,,,0.01
"2026-06-16 20:42:30",BTCUSDT,0.959219751602564,0.772964801646727,0.115328129535395,0.657636672111333,-0.945671242376073,0.99,0.01,0.99,,,0.01
"2026-06-16 20:42:29",BTCUSDT,0.680512378581384,0.626479878918851,0.120620077525613,0.505859801393238,-1.88793718434334,0.99,0.01,0.99,,,0.01
"2026-06-16 20:42:29",BTCUSDT,0.857623880259867,0.655372879086478,0.113474095809229,0.541898783277249,-1.6913471642897,0.99,0.01,0.99,,,0.01
"2026-06-16 20:42:29",BTCUSDT,0.857623880259867,0.680654254233151,0.107135963196868,0.573518291036283,-1.49384827374312,0.99,0.01,0.99,,,0.01
"2026-06-16 20:42:28",BTCUSDT,0.800947465068012,0.603087016623437,0.124814732642614,0.478272283980823,-1.80206610890896,0.99,0.01,0.99,,,0.01
"2026-06-16 20:42:28",BTCUSDT,0.56619023787947,0.598474919280441,0.117022225973146,0.481452693307295,-1.85361764124917,0.99,0.01,0.99,,,0.01
"2026-06-16 20:42:28",BTCUSDT,0.69016990842196,0.609936792923131,0.102853578465692,0.507083214457439,-1.77857331735736,0.99,0.01,0.99,,,0.01
"2026-06-16 20:42:28",BTCUSDT,0.680530052703137,0.618760950395632,0.113740832237468,0.505020118158164,-1.85398441785185,0.99,0.01,0.99,,,0.01
"2026-06-16 20:42:27",BTCUSDT,0.958635277899916,0.50641017003207,0.0144117294316295,0.491998440600441,-1.50621617994596,0.99,0.01,0.99,,,0.01
"2026-06-16 20:42:27",BTCUSDT,0.801586919932676,0.543307263769646,0.135049699298195,0.408257564471452,-2.00817606689519,0.99,0.01,0.99,,,0.01
"2026-06-16 20:42:27",BTCUSDT,0.795419059806168,0.574821238274211,0.114016765243093,0.460804473031118,-1.81876112375135,0.99,0.01,0.99,,,0.01
"2026-06-16 20:42:26",BTCUSDT,-0.231161337626319,0.647713358899035,0.00931052143243986,0.638402837466595,-0.596517716937789,0.99,0.01,0.99,,,0.01
"2026-06-16 20:42:26",BTCUSDT,-0.230875203497689,0.537889788599444,0.0192699063810509,0.518619882218394,-1.20083158453187,0.99,0.01,0.99,,,0.01
"2026-06-16 20:42:26",BTCUSDT,-0.230775854645656,0.441806583193807,0.009131980250816,0.432674602942991,-1.69974470043283,0.99,0.01,0.99,,,0.01
"2026-06-16 20:42:25",BTCUSDT,0.902983158340942,0.922653795737111,0.0113972238919041,0.911256571845206,0.584729668203827,0.99,0.01,0.99,,,0.01
"2026-06-16 20:42:25",BTCUSDT,0.868340234825149,0.915864600623115,0.00936421972586702,0.906500380897248,0.553352154204699,0.99,0.01,0.99,,,0.01
"2026-06-16 20:42:25",BTCUSDT,-0.224917108569125,0.773266886974085,-0.0125029004197698,0.785769787393855,0.0608715937388439,0.99,0.01,0.99,,,0.01
"2026-06-16 20:42:24",BTCUSDT,0.993898670705855,0.917222253005255,0.0145096723889342,0.902712580616321,0.596818949790325,0.99,0.01,0.99,,,0.01
"2026-06-16 20:42:24",BTCUSDT,0.903877313169789,0.915554135525822,0.0100160639812522,0.90553807154457,0.591763300448383,0.99,0.01,0.99,,,0.01
"2026-06-16 20:42:24",BTCUSDT,0.994832145668894,0.925463886793706,0.0191551909981244,0.906308695795582,0.580883997283902,0.99,0.01,0.99,,,0.01
"2026-06-16 20:42:23",BTCUSDT,0.988791333827947,0.879450176586149,0.00910066176549464,0.870349514820654,0.549942823134683,0.99,0.01,0.99,,,0.01
"2026-06-16 20:42:23",BTCUSDT,0.993902901890768,0.893756767249227,0.0134548731154371,0.880301894133789,0.561114208459295,0.99,0.01,0.99,,,0.01
"2026-06-16 20:42:23",BTCUSDT,0.993850461639629,0.906268479048027,0.0213329659117414,0.884935513136285,0.55848241667597,0.99,0.01,0.99,,,0.01
"2026-06-16 20:42:22",BTCUSDT,0.991305714984999,0.825375397505245,-0.0164618386706043,0.841837236175849,0.524928567546928,0.99,0.01,0.99,,,0.01
"2026-06-16 20:42:22",BTCUSDT,0.990215067380826,0.845980356239693,0.0122585736122465,0.833721782627446,0.489550254145566,0.99,0.01,0.99,,,0.01
"2026-06-16 20:42:22",BTCUSDT,0.988777596449289,0.863830011265892,0.0244685155215536,0.839361495744339,0.486146006405081,0.99,0.01,0.99,,,0.01
"2026-06-16 20:42:21",BTCUSDT,0.724048486057764,0.744957686795143,-0.0335478515160505,0.778505538311194,0.441462714563383,0.99,0.01,0.99,,,0.01
"2026-06-16 20:42:21",BTCUSDT,0.98087586869198,0.774447459532248,-0.0494468853177964,0.823894344850044,0.514641049910784,0.99,0.01,0.99,,,0.01
"2026-06-16 20:42:21",BTCUSDT,0.992236314767936,0.801671066436709,-0.0309428187355685,0.832613885172277,0.518708979292292,0.99,0.01,0.99,,,0.01
"2026-06-16 20:42:20",BTCUSDT,0.717248615169395,0.761997145605062,-0.0269288865051827,0.788926032110244,0.53629946926312,0.99,0.01,0.99,,,0.01
"2026-06-16 20:42:20",BTCUSDT,0.717248615169395,0.756403579300603,-0.0422859879849392,0.798689567285543,0.534251732462,0.99,0.01,0.99,,,0.01
"2026-06-16 20:42:20",BTCUSDT,0.717310612641844,0.751516958468258,-0.0404009350650603,0.791917893533319,0.503949765179208,0.99,0.01,0.99,,,0.01
"2026-06-16 20:42:20",BTCUSDT,0.722939014497483,0.747944715471911,-0.0389628881147525,0.786907603586664,0.476257614782495,0.99,0.01,0.99,,,0.01
"2026-06-16 20:42:19",BTCUSDT,0.717578068657147,0.784028392644502,-0.0247519535717743,0.808780346216276,0.624930143564766,0.99,0.01,0.99,,,0.01
"2026-06-16 20:42:19",BTCUSDT,0.717336762781463,0.775691938911622,-0.0373659580194876,0.81305789693111,0.612909339480085,0.99,0.01,0.99,,,0.01
"2026-06-16 20:42:19",BTCUSDT,0.717274770099902,0.768389792810157,-0.0376591072920676,0.806048900102225,0.583079585872185,0.99,0.01,0.99,,,0.01
"2026-06-16 20:42:18",BTCUSDT,0.721927388871502,0.816763183013745,-0.029225052151025,0.84598823516477,0.739510616244739,0.99,0.01,0.99,,,0.01
"2026-06-16 20:42:18",BTCUSDT,0.717597798725839,0.804367509977757,-0.0377754865673952,0.842142996545152,0.714134424597011,0.99,0.01,0.99,,,0.01
"2026-06-16 20:42:18",BTCUSDT,0.717597798725839,0.793521296071267,-0.0377754865673952,0.831296782638662,0.678504161200011,0.99,0.01,0.99,,,0.01
"2026-06-16 20:42:17",BTCUSDT,0.722775825114081,0.869202671695783,-0.0290328767179383,0.898235548413722,0.878635968537598,0.99,0.01,0.99,,,0.01
"2026-06-16 20:42:17",BTCUSDT,0.722775825114081,0.850899315873071,-0.0398144615604554,0.890713777433526,0.846028063626545,0.99,0.01,0.99,,,0.01
"2026-06-16 20:42:17",BTCUSDT,0.686194017732454,0.830311153605494,-0.0404348970862115,0.870746050691705,0.79603892817531,0.99,0.01,0.99,,,0.01
"2026-06-16 20:42:16",BTCUSDT,0.98123214807104,0.904465530710337,-0.0320710103328713,0.936536541043208,1.00554267273888,0.99,0.01,0.99,,,0.01
"2026-06-16 20:42:16",BTCUSDT,0.980894238548045,0.91401911919005,-0.0365514490423222,0.950570568232372,1.00044252697275,0.99,0.01,0.99,,,0.01
"2026-06-16 20:42:16",BTCUSDT,0.722832506757863,0.890120792636027,-0.0376027243904259,0.927723517026453,0.943651516188988,0.99,0.01,0.99,,,0.01
"2026-06-16 20:42:15",BTCUSDT,0.723323579749351,0.903504655668418,-0.0487162683457352,0.952220924014153,1.10550680643607,0.99,0.01,0.99,,,0.01
"2026-06-16 20:42:15",BTCUSDT,0.723284246605595,0.880977104535565,-0.0471955869628707,0.928172691498436,1.0446089061227,0.99,0.01,0.99,,,0.01
"2026-06-16 20:42:15",BTCUSDT,0.981151236950075,0.893498871087379,-0.0365791786294057,0.930078049716785,1.02166176045439,0.99,0.01,0.99,,,0.01
"2026-06-16 20:42:14",BTCUSDT,0.981442624600599,0.953992706006246,-0.0507736638810561,1.0047663698873,1.27144211829943,0.99,0.01,0.99,,,0.01
"2026-06-16 20:42:14",BTCUSDT,0.981444211882145,0.957424144240733,-0.0564675937174562,1.01389173795819,1.25236153026425,0.99,0.01,0.99,,,0.01
"2026-06-16 20:42:14",BTCUSDT,0.731989465284003,0.929244809371142,-0.0456715293309743,0.974916338702116,1.16574256202218,0.99,0.01,0.99,,,0.01
"2026-06-16 20:42:13",BTCUSDT,0.983547533828393,0.95131977852269,-0.0467064034141332,0.998026181936823,1.36532735544739,0.99,0.01,0.99,,,0.01
"2026-06-16 20:42:13",BTCUSDT,0.983577359003263,0.955351976082762,-0.045133614773726,1.00048559085649,1.33307042124024,0.99,0.01,0.99,,,0.01
"2026-06-16 20:42:13",BTCUSDT,0.913106479934232,0.950071289064196,-0.0522368627529167,1.00230815181711,1.3011494181868,0.99,0.01,0.99,,,0.01
"2026-06-16 20:42:12",BTCUSDT,0.984885592330838,0.928351041099887,-0.0409303316118621,0.969281372711749,1.47982069670725,0.99,0.01,0.99,,,0.01
"2026-06-16 20:42:12",BTCUSDT,0.984042774345371,0.935312507755572,-0.0506454279559103,0.985957935711483,1.46408562335861,0.99,0.01,0.99,,,0.01
"2026-06-16 20:42:12",BTCUSDT,0.98405438556371,0.94140524248159,-0.0512892823847089,0.992694524866298,1.4337946360242,0.99,0.01,0.99,,,0.01
"2026-06-16 20:42:12",BTCUSDT,0.983889810461022,0.946715813479018,-0.0493810577709262,0.996096871249945,1.39991680665736,0.99,0.01,0.99,,,0.01
"2026-06-16 20:42:11",BTCUSDT,0.938392212591089,0.90051991300182,-0.0514485383249135,0.951968451326733,1.58808676769492,0.99,0.01,0.99,,,0.01
"2026-06-16 20:42:11",BTCUSDT,0.985229525401329,0.911108614551758,-0.0486102536913434,0.959718868243102,1.55340693535868,0.99,0.01,0.99,,,0.01
"2026-06-16 20:42:11",BTCUSDT,0.984437111244271,0.920274676638322,-0.0515624078799432,0.971837084518266,1.52741734039724,0.99,0.01,0.99,,,0.01
"2026-06-16 20:42:10",BTCUSDT,0.987545640256052,0.866797921313676,-0.0350936665715284,0.901891587885204,1.65594532733513,0.99,0.01,0.99,,,0.01
"2026-06-16 20:42:10",BTCUSDT,0.987563343951157,0.881893599143361,-0.0329816423463783,0.914875241489739,1.62643594244405,0.99,0.01,0.99,,,0.01
"2026-06-16 20:42:10",BTCUSDT,0.987621481909009,0.895109584489067,-0.0535515200799711,0.948661104569038,1.63230158627054,0.99,0.01,0.99,,,0.01
"2026-06-16 20:42:09",BTCUSDT,0.993664332319543,0.838767090961054,-0.0284916410765373,0.867258732037592,1.76384612549192,0.99,0.01,0.99,,,0.01
"2026-06-16 20:42:09",BTCUSDT,0.993622265546353,0.858123987784217,-0.0329539490527947,0.891077936837011,1.74709391126785,0.99,0.01,0.99,,,0.01
"2026-06-16 20:42:09",BTCUSDT,0.789518062942889,0.849548247179051,-0.0332211764145088,0.882769423593559,1.67607480076939,0.99,0.01,0.99,,,0.01
"2026-06-16 20:42:08",BTCUSDT,0.837426318909887,0.784797608369895,-0.0362543208325654,0.821051929202461,1.86866235160411,0.99,0.01,0.99,,,0.01
"2026-06-16 20:42:08",BTCUSDT,0.837204858474157,0.791348514632928,-0.0379465275645801,0.829295042197508,1.81828879140506,0.99,0.01,0.99,,,0.01
"2026-06-16 20:42:08",BTCUSDT,0.993671706562521,0.816638913624127,-0.0342886106137805,0.850927524237908,1.79528753830109,0.99,0.01,0.99,,,0.01
"2026-06-16 20:42:07",BTCUSDT,0.835739406310715,0.76226015402982,-0.0254482436664131,0.787708397696233,2.02660497123678,0.99,0.01,0.99,,,0.01
"2026-06-16 20:42:07",BTCUSDT,0.83648628435654,0.77153842032066,-0.0379269691858194,0.809465389506479,1.99119625359866,0.99,0.01,0.99,,,0.01
"2026-06-16 20:42:07",BTCUSDT,0.817464826954553,0.777279221149896,-0.0359874568135249,0.813266677963421,1.92368069884745,0.99,0.01,0.99,,,0.01
"2026-06-16 20:42:06",BTCUSDT,0.83498220885429,0.726264159110039,-0.0477541865992317,0.774018345709271,2.27501979133619,0.99,0.01,0.99,,,0.01
"2026-06-16 20:42:06",BTCUSDT,0.83509269032327,0.739867725511693,-0.0462251449210722,0.786092870432765,2.20109519575447,0.99,0.01,0.99,,,0.01
"2026-06-16 20:42:06",BTCUSDT,0.835030865335683,0.751763117989692,-0.0425344979068686,0.79429761589656,2.12539496312875,0.99,0.01,0.99,,,0.01
"2026-06-16 20:42:05",BTCUSDT,0.834621642106095,0.672768995108665,-0.0356096323393153,0.70837862744798,2.45621399773668,0.99,0.01,0.99,,,0.01
"2026-06-16 20:42:05",BTCUSDT,0.834358334474966,0.692967662529452,-0.0374448650278008,0.730412527557253,2.3933510028051,0.99,0.01,0.99,,,0.01
"2026-06-16 20:42:05",BTCUSDT,0.835090435466431,0.710733009146575,-0.0436568072371959,0.75438981638377,2.33747298358703,0.99,0.01,0.99,,,0.01
"2026-06-16 20:42:04",BTCUSDT,0.991353690047987,0.570475014266187,0.00337240735497841,0.567102606911208,2.44548943809757,0.99,0.01,0.99,,,0.01
"2026-06-16 20:42:04",BTCUSDT,0.993101192343476,0.623303286525848,0.00200158533887068,0.621301701186977,2.47390292594445,0.99,0.01,0.99,,,0.01
"2026-06-16 20:42:04",BTCUSDT,0.834054501477032,0.649647188394746,-0.0353719321383857,0.685019120533132,2.51811347106979,0.99,0.01,0.99,,,0.01
"2026-06-16 20:42:03",BTCUSDT,0.549762415803407,0.396685561223044,0.0512165587347109,0.345469002488334,2.11594144381001,0.99,0.01,0.99,,,0.01
"2026-06-16 20:42:03",BTCUSDT,0.966827411536647,0.467953292512245,0.0612514878872969,0.406701804624948,2.20482329637987,0.99,0.01,0.99,,,0.01
"2026-06-16 20:42:03",BTCUSDT,0.807122865650293,0.510349489154501,0.0506423700693818,0.459707119085119,2.26125584322611,0.99,0.01,0.99,,,0.01
"2026-06-16 20:42:02",BTCUSDT,0.552868070165661,0.320846061833813,0.059400378147269,0.261445683686544,2.10712078860501,0.99,0.01,0.99,,,0.01
"2026-06-16 20:42:02",BTCUSDT,0.552868070165661,0.349848812875294,0.0527075409096997,0.297141271965594,2.13318156268393,0.99,0.01,0.99,,,0.01
"2026-06-16 20:42:02",BTCUSDT,0.549597822994024,0.374817439140135,0.0626823013261271,0.312135137814008,2.098437056146,0.99,0.01,0.99,,,0.01
"2026-06-16 20:42:01",BTCUSDT,0.691897795875092,0.206445499524055,0.0498468648182079,0.156598634705847,2.01114510726538,0.99,0.01,0.99,,,0.01
"2026-06-16 20:42:01",BTCUSDT,0.553263264319136,0.24979772012344,0.058354844080004,0.191442876043436,2.04670767723454,0.99,0.01,0.99,,,0.01
"2026-06-16 20:42:01",BTCUSDT,0.553016444284312,0.287700060643549,0.0630069716182457,0.224693089025303,2.07367594847758,0.99,0.01,0.99,,,0.01
"2026-06-16 20:42:00",BTCUSDT,0.275812043401202,0.0895080978052826,0.0633404073459486,0.026167690459334,1.77152587323704,0.99,0.01,0.99,,,0.01
"2026-06-16 20:42:00",BTCUSDT,0.275672068340131,0.112778594122139,0.0714441199318695,0.0413344741902691,1.76475320279277,0.99,0.01,0.99,,,0.01
"2026-06-16 20:42:00",BTCUSDT,0.307311212936286,0.137095171473907,0.0729363565591723,0.0641588149147348,1.782247014076,0.99,0.01,0.99,,,0.01
"2026-06-16 20:41:59",BTCUSDT,0.351775179812349,-0.0252014993720346,0.0721576828264246,-0.0973591821984591,1.51439558988091,0.99,0.01,0.99,,,0.01
"2026-06-16 20:41:59",BTCUSDT,0.350669424602244,0.0217823661247503,0.0612569238400956,-0.0394745577153453,1.66249090669239,0.99,0.01,0.99,,,0.01
"2026-06-16 20:41:59",BTCUSDT,0.350669424602244,0.0628932484344371,0.0709852446093715,-0.00809199617493442,1.71420245456627,0.99,0.01,0.99,,,0.01
"2026-06-16 20:41:58",BTCUSDT,0.129271944169334,-0.194996637769613,0.0622346403110486,-0.257231278080661,1.10205843444316,0.99,0.01,0.99,,,0.01
"2026-06-16 20:41:58",BTCUSDT,0.155478179023745,-0.151187285670443,0.0720653166882787,-0.223252602358722,1.19281712936486,0.99,0.01,0.99,,,0.01
"2026-06-16 20:41:58",BTCUSDT,0.15594643559518,-0.11279557051224,0.0684754091548055,-0.181270979667046,1.30570464196943,0.99,0.01,0.99,,,0.01
"2026-06-16 20:41:58",BTCUSDT,0.157126508112967,-0.0790553106840893,0.0702379985351089,-0.149293309219198,1.3788673018266,0.99,0.01,0.99,,,0.01
"2026-06-16 20:41:57",BTCUSDT,0.531425346987307,-0.416382547878238,0.0672534802868691,-0.483636028165107,0.349554609894311,0.99,0.01,0.99,,,0.01
"2026-06-16 20:41:57",BTCUSDT,0.530934223344343,-0.297967951475416,0.0686673261744348,-0.36663527764985,0.756255608578068,0.99,0.01,0.99,,,0.01
"2026-06-16 20:41:57",BTCUSDT,0.155209893097925,-0.241320720903748,0.0724418793372761,-0.313762600241024,0.925979686447337,0.99,0.01,0.99,,,0.01
"2026-06-16 20:41:56",BTCUSDT,-0.895888937375049,-0.828068507623071,0.0638234997607848,-0.891892007383856,-1.12353062001685,0.99,0.01,0.99,,,0.01
"2026-06-16 20:41:56",BTCUSDT,0.223903418713394,-0.696572016831013,0.0698955424100842,-0.766467559241097,-0.662061539359385,0.99,0.01,0.99,,,0.01
"2026-06-16 20:41:56",BTCUSDT,0.461734712087705,-0.551783675716173,0.0557187891879828,-0.607502464904156,-0.090439943386609,0.99,0.01,0.99,,,0.01
"2026-06-16 20:41:55",BTCUSDT,-0.860444039429227,-0.800947116543856,0.0683972387733247,-0.86934435531718,-1.10128758894779,0.99,0.01,0.99,,,0.01
"2026-06-16 20:41:55",BTCUSDT,-0.896602313858275,-0.812904016208158,0.0703574646979137,-0.883261480906072,-1.13190797859781,0.99,0.01,0.99,,,0.01
"2026-06-16 20:41:55",BTCUSDT,-0.856710884953773,-0.81837987480136,0.0718250422327595,-0.89020491703412,-1.13718415923217,0.99,0.01,0.99,,,0.01
"2026-06-16 20:41:54",BTCUSDT,-0.869830776506384,-0.77198900557951,0.0700004764315482,-0.841989482011058,-1.05855256447434,0.99,0.01,0.99,,,0.01
"2026-06-16 20:41:54",BTCUSDT,-0.858740942141647,-0.782832997649777,0.0585866917314286,-0.841419689381206,-1.03727714749183,0.99,0.01,0.99,,,0.01
"2026-06-16 20:41:54",BTCUSDT,-0.85974946550484,-0.79244755613166,0.068211298168544,-0.860658854300204,-1.08889526906165,0.99,0.01,0.99,,,0.01
"2026-06-16 20:41:53",BTCUSDT,-0.908092994752767,-0.718315221379176,0.0602462416114005,-0.778561462990577,-0.87015697439512,0.99,0.01,0.99,,,0.01
"2026-06-16 20:41:53",BTCUSDT,-0.908092994752767,-0.742037443050875,0.0686057185282967,-0.810643161579172,-0.977036795052248,0.99,0.01,0.99,,,0.01
"2026-06-16 20:41:53",BTCUSDT,-0.869830776506384,-0.758011609732814,0.062072668670431,-0.820084278403244,-0.994809479410361,0.99,0.01,0.99,,,0.01
"2026-06-16 20:41:52",BTCUSDT,-0.863321820879518,-0.631315168120632,0.0684222652021151,-0.699737433322747,-0.602965102998824,0.99,0.01,0.99,,,0.01
"2026-06-16 20:41:52",BTCUSDT,-0.863396168070245,-0.660325293114333,0.0684956389734066,-0.72882093208774,-0.705346121292503,0.99,0.01,0.99,,,0.01
"2026-06-16 20:41:52",BTCUSDT,-0.907355835377543,-0.691204110897234,0.0697254849015153,-0.76092959579875,-0.816860505343511,0.99,0.01,0.99,,,0.01
"2026-06-16 20:41:51",BTCUSDT,-0.865963084407395,-0.458203908633307,0.0600988677909764,-0.518302776424283,0.081248651201189,0.99,0.01,0.99,,,0.01
"2026-06-16 20:41:51",BTCUSDT,-0.867176743686298,-0.509325513014931,0.062177474386154,-0.571502987401085,-0.122950340644002,0.99,0.01,0.99,,,0.01
"2026-06-16 20:41:51",BTCUSDT,-0.865992743000842,-0.55390891676317,0.0683303787675005,-0.62223929553067,-0.316034376751781,0.99,0.01,0.99,,,0.01
"2026-06-16 20:41:51",BTCUSDT,-0.908008467326996,-0.598171360583648,0.0620404924728455,-0.660211853056493,-0.457316598291664,0.99,0.01,0.99,,,0.01
"2026-06-16 20:41:50",BTCUSDT,-0.864629387518838,-0.257150188184747,0.0684206402618335,-0.325570828446581,0.820858594466744,0.99,0.01,0.99,,,0.01
"2026-06-16 20:41:50",BTCUSDT,-0.867084385750583,-0.333391962880477,0.058493289329237,-0.391885252209714,0.567345749175379,0.99,0.01,0.99,,,0.01
"2026-06-16 20:41:50",BTCUSDT,-0.865877042304158,-0.399952597808437,0.0665911903897654,-0.466543788198202,0.279859587501088,0.99,0.01,0.99,,,0.01
"2026-06-16 20:41:49",BTCUSDT,-0.0394546413221537,-0.0570033184564836,0.0638124462465314,-0.120815764703015,1.59020608341341,0.99,0.01,0.99,,,0.01
"2026-06-16 20:41:49",BTCUSDT,-0.0394546413221537,-0.0548097338146923,0.0665387014764871,-0.121348435291179,1.59251794097851,0.99,0.01,0.99,,,0.01
"2026-06-16 20:41:49",BTCUSDT,-0.97927142667903,-0.170367445422735,0.0681698655579442,-0.238537310980679,1.15244062918234,0.99,0.01,0.99,,,0.01
"2026-06-16 20:41:48",BTCUSDT,-0.036153807514567,-0.0665477880189724,0.0736914234629395,-0.140239211481912,1.44488016834499,0.99,0.01,0.99,,,0.01
"2026-06-16 20:41:48",BTCUSDT,-0.0364523671285326,-0.0627858604076675,0.0704072084548818,-0.133193068862549,1.50636846739673,0.99,0.01,0.99,,,0.01
"2026-06-16 20:41:48",BTCUSDT,-0.0365811558088591,-0.0595102723328164,0.0718681114144945,-0.131378383747311,1.53719906105755,0.99,0.01,0.99,,,0.01
"2026-06-16 20:41:47",BTCUSDT,-0.0362537005584979,-0.081523427756753,0.0672234046702074,-0.14874683242696,1.30644537758936,0.99,0.01,0.99,,,0.01
"2026-06-16 20:41:47",BTCUSDT,-0.0361653434294916,-0.0758536672158453,0.0719719782582361,-0.147825645474081,1.34496788609521,0.99,0.01,0.99,,,0.01
"2026-06-16 20:41:47",BTCUSDT,-0.0361426113601828,-0.0708897852338875,0.0656039042566397,-0.136493689490527,1.42213707687113,0.99,0.01,0.99,,,0.01
"2026-06-16 20:41:46",BTCUSDT,-0.0360706303997186,-0.103933253537174,0.0719170357593949,-0.175850289296569,1.13245457351144,0.99,0.01,0.99,,,0.01
"2026-06-16 20:41:46",BTCUSDT,-0.0359274572832442,-0.095432529005433,0.0720274488381523,-0.167459977843585,1.18331703510887,0.99,0.01,0.99,,,0.01
"2026-06-16 20:41:46",BTCUSDT,-0.0358965500997127,-0.087990531642218,0.0734278575648147,-0.161418389207033,1.23283446659465,0.99,0.01,0.99,,,0.01
"2026-06-16 20:41:45",BTCUSDT,-0.0359625454282743,-0.137376860566312,0.0718555894156633,-0.209232449981976,0.965731185455544,0.99,0.01,0.99,,,0.01
"2026-06-16 20:41:45",BTCUSDT,-0.0360221834453448,-0.124707525926191,0.0720398163032418,-0.196747342229433,1.02564017050105,0.99,0.01,0.99,,,0.01
"2026-06-16 20:41:45",BTCUSDT,-0.0360706303997186,-0.113627913985382,0.0619213008820257,-0.175549214867408,1.11434457954385,0.99,0.01,0.99,,,0.01
"2026-06-16 20:41:44",BTCUSDT,-0.0381956197425,-0.187100970571129,0.0734154597136485,-0.260516430284777,0.745146879903644,0.99,0.01,0.99,,,0.01
"2026-06-16 20:41:44",BTCUSDT,-0.0367740760968505,-0.168310108761844,0.0734280415270076,-0.241738150288852,0.821920632993938,0.99,0.01,0.99,,,0.01
"2026-06-16 20:41:44",BTCUSDT,-0.0367461976410622,-0.151864619871746,0.0751770240395584,-0.227041643911305,0.88873295629745,0.99,0.01,0.99,,,0.01
"2026-06-16 20:41:43",BTCUSDT,-0.156248094839579,-0.282927971548998,0.0820603065120725,-0.36498827806107,0.357096067152294,0.99,0.01,0.99,,,0.01
"2026-06-16 20:41:43",BTCUSDT,-0.140082348223413,-0.2650722686333,0.0773237315929663,-0.342396000226266,0.441586240509652,0.99,0.01,0.99,,,0.01
"2026-06-16 20:41:43",BTCUSDT,-0.00569251456745851,-0.23264979937507,0.0773237315929663,-0.309973530968036,0.557374127060232,0.99,0.01,0.99,,,0.01
"2026-06-16 20:41:43",BTCUSDT,-0.0384367127476907,-0.208373163546647,0.0670508405082635,-0.275424004054911,0.681027636603475,0.99,0.01,0.99,,,0.01
"2026-06-16 20:41:42",BTCUSDT,-0.140319670673138,-0.345333486435477,0.0805656612470147,-0.425899147682492,0.133591898203163,0.99,0.01,0.99,,,0.01
"2026-06-16 20:41:42",BTCUSDT,-0.15625701435709,-0.321698927425679,0.0803942653681257,-0.402093192793805,0.217368767477812,0.99,0.01,0.99,,,0.01
"2026-06-16 20:41:42",BTCUSDT,-0.156308282365852,-0.3010250967932,0.0820922301817175,-0.383117326974918,0.287785005349004,0.99,0.01,0.99,,,0.01
"2026-06-16 20:41:41",BTCUSDT,-0.140493511003694,-0.441451053442707,0.0804868608656988,-0.521937914308405,-0.184643799361252,0.99,0.01,0.99,,,0.01
"2026-06-16 20:41:41",BTCUSDT,-0.156344340766294,-0.405812714358155,0.0708763613791546,-0.47668907573731,-0.040725568843601,0.99,0.01,0.99,,,0.01
"2026-06-16 20:41:41",BTCUSDT,-0.156280394705121,-0.374621174401526,0.0803942653681257,-0.455015439769652,0.0353717369405601,0.99,0.01,0.99,,,0.01
"2026-06-16 20:41:40",BTCUSDT,-0.140484479871694,-0.587120864467677,0.081967734837485,-0.669088599305162,-0.647659521431109,0.99,0.01,0.99,,,0.01
"2026-06-16 20:41:40",BTCUSDT,-0.14053278665379,-0.531297354740941,0.0786300175763335,-0.609927372317274,-0.464009666584848,0.99,0.01,0.99,,,0.01
"2026-06-16 20:41:40",BTCUSDT,-0.156478421428225,-0.484444988076851,0.0723340834282043,-0.556779071505056,-0.298276835344552,0.99,0.01,0.99,,,0.01
"2026-06-16 20:41:39",BTCUSDT,-0.777127644900549,-0.786477385793315,0.0756694053665666,-0.862146791159882,-1.26137892290806,0.99,0.01,0.99,,,0.01
"2026-06-16 20:41:39",BTCUSDT,-0.28551146412445,-0.723856645584707,0.0692652702960926,-0.793121915880799,-1.03866613934495,0.99,0.01,0.99,,,0.01
"2026-06-16 20:41:39",BTCUSDT,-0.140411979043873,-0.650926062267103,0.0804868608656988,-0.731412923132801,-0.84221511551495,0.99,0.01,0.99,,,0.01
"2026-06-16 20:41:38",BTCUSDT,-0.777356129878576,-0.79108481212684,0.0727126306144936,-0.863797442741333,-1.37246707317556,0.99,0.01,0.99,,,0.01
"2026-06-16 20:41:38",BTCUSDT,-0.777122726093985,-0.789339551372733,0.0724888323639562,-0.861828383736689,-1.32984484189893,0.99,0.01,0.99,,,0.01
"2026-06-16 20:41:38",BTCUSDT,-0.777127644900549,-0.78781306306371,0.0740004381400583,-0.861813501203768,-1.29445044857529,0.99,0.01,0.99,,,0.01
"2026-06-16 20:41:37",BTCUSDT,-0.776739150198772,-0.798040974065677,0.0725133402732393,-0.870554314338916,-1.51579896862805,0.99,0.01,0.99,,,0.01
"2026-06-16 20:41:37",BTCUSDT,-0.776729308497009,-0.795377015869593,0.0727128119861099,-0.868089827855703,-1.46491159084568,0.99,0.01,0.99,,,0.01
"2026-06-16 20:41:37",BTCUSDT,-0.776729308497009,-0.79304605244802,0.0741566973999189,-0.867202749847939,-1.42122753298335,0.99,0.01,0.99,,,0.01
"2026-06-16 20:41:36",BTCUSDT,-0.776759652484389,-0.808538718950365,0.0728367422936909,-0.881375461244056,-1.6960973339377,0.99,0.01,0.99,,,0.01
"2026-06-16 20:41:36",BTCUSDT,-0.776724491791808,-0.804561940555545,0.074293242345801,-0.878855182901346,-1.63677955798177,0.99,0.01,0.99,,,0.01
"2026-06-16 20:41:36",BTCUSDT,-0.776739150198772,-0.801084091760949,0.0741603410521673,-0.875244432813116,-1.57640136522271,0.99,0.01,0.99,,,0.01
"2026-06-16 20:41:35",BTCUSDT,-0.877698903082477,-0.796406341656553,0.0668694571812731,-0.863275798837826,-1.88509508613,0.99,0.01,0.99,,,0.01
"2026-06-16 20:41:35",BTCUSDT,-0.794148645696811,-0.796124129661585,0.0729456129022001,-0.869069742563785,-1.83764263911622,0.99,0.01,0.99,,,0.01
"2026-06-16 20:41:35",BTCUSDT,-0.97319536831732,-0.818258034493552,0.074039225719953,-0.892297260213505,-1.84623997880031,0.99,0.01,0.99,,,0.01
"2026-06-16 20:41:35",BTCUSDT,-0.776822443252031,-0.813078585588362,0.0666129486524123,-0.879691534240774,-1.74663865686714,0.99,0.01,0.99,,,0.01
"2026-06-16 20:41:34",BTCUSDT,-0.882645211225474,-0.795747522797899,0.0746016323423576,-0.870349155140257,-2.13575841776926,0.99,0.01,0.99,,,0.01
"2026-06-16 20:41:34",BTCUSDT,-0.683270735361438,-0.781687924368342,0.0648392244956291,-0.846527148863971,-1.97312998993516,0.99,0.01,0.99,,,0.01
"2026-06-16 20:41:34",BTCUSDT,-0.806529478187258,-0.784793118595706,0.0744020656604214,-0.859195184256128,-1.94143815444369,0.99,0.01,0.99,,,0.01
"2026-06-16 20:41:33",BTCUSDT,-0.999039052034378,-0.751729839614884,-0.00750519218949648,-0.744224647425387,-1.92623981679158,0.99,0.01,0.99,,,0.01
"2026-06-16 20:41:33",BTCUSDT,-0.891060639542091,-0.769146189605785,-0.00251430142515836,-0.766631888180626,-1.9350631368506,0.99,0.01,0.99,,,0.01
"2026-06-16 20:41:33",BTCUSDT,-0.882645211225474,-0.783333567308246,0.0293233706583197,-0.812656937966566,-2.0218754900342,0.99,0.01,0.99,,,0.01
"2026-06-16 20:41:32",BTCUSDT,-0.743113661048312,-0.70408715747258,-0.0141890764460932,-0.689898081026487,-1.93053275494043,0.99,0.01,0.99,,,0.01
"2026-06-16 20:41:32",BTCUSDT,-0.743113661048312,-0.708965470419547,-0.00937094901507974,-0.699594521404467,-1.896621920754,0.99,0.01,0.99,,,0.01
"2026-06-16 20:41:32",BTCUSDT,-0.768441324074251,-0.716399952126385,-0.0162061331542473,-0.700193818972137,-1.83135364901827,0.99,0.01,0.99,,,0.01
"2026-06-16 20:41:31",BTCUSDT,-0.746289835401776,-0.684850468414522,-0.00560351509714873,-0.679246953317373,-2.12610787176269,0.99,0.01,0.99,,,0.01
"2026-06-16 20:41:31",BTCUSDT,-0.743168870081279,-0.692140268622866,-0.0262372395376088,-0.665903029085258,-1.98809363793761,0.99,0.01,0.99,,,0.01
"2026-06-16 20:41:31",BTCUSDT,-0.743113661048312,-0.698511942676047,-0.00755903126117376,-0.690952911414873,-2.01081671165734,0.99,0.01,0.99,,,0.01
"2026-06-16 20:41:30",BTCUSDT,-0.745575683437664,-0.654681576044718,-0.00865225193991293,-0.646029324104805,-2.26033408856575,0.99,0.01,0.99,,,0.01
"2026-06-16 20:41:30",BTCUSDT,-0.745568959115994,-0.666042498928628,-0.017018222471086,-0.649024276457542,-2.17557965137142,0.99,0.01,0.99,,,0.01
"2026-06-16 20:41:30",BTCUSDT,-0.746289835401776,-0.676073415987771,-0.0236100997157507,-0.65246331627202,-2.10055807136079,0.99,0.01,0.99,,,0.01
"2026-06-16 20:41:29",BTCUSDT,-0.647698085528117,-0.609880875330138,-0.0166565231370638,-0.593224352193074,-2.33493366900698,0.99,0.01,0.99,,,0.01
"2026-06-16 20:41:29",BTCUSDT,-0.745628409110931,-0.626849317052737,-0.00737449393228962,-0.619474823120448,-2.34971747984227,0.99,0.01,0.99,,,0.01
"2026-06-16 20:41:29",BTCUSDT,-0.745628409110931,-0.641696703560012,-0.0153834976440775,-0.626313205915934,-2.27387614264066,0.99,0.01,0.99,,,0.01
"2026-06-16 20:41:28",BTCUSDT,-0.646205069229972,-0.583679799643753,-0.00682835453084694,-0.576851445112906,-2.78987258128387,0.99,0.01,0.99,,,0.01
"2026-06-16 20:41:28",BTCUSDT,-0.646060217423011,-0.59147735186616,-0.0248090493852857,-0.566668302480874,-2.57776652622569,0.99,0.01,0.99,,,0.01
"2026-06-16 20:41:28",BTCUSDT,-0.646091963582932,-0.598304178330756,-0.0150015747722609,-0.583302603558496,-2.52867873153981,0.99,0.01,0.99,,,0.01
"2026-06-16 20:41:28",BTCUSDT,-0.647698085528117,-0.604478416730427,-0.0150041502209539,-0.589474266509473,-2.43339843938673,0.99,0.01,0.99,,,0.01
"2026-06-16 20:41:27",BTCUSDT,-0.646223096126228,-0.552462062166884,-0.0141691416431318,-0.538292920523752,-3.15031306345452,0.99,0.01,0.99,,,0.01
"2026-06-16 20:41:27",BTCUSDT,-0.647547101558496,-0.564347692090835,-0.016268297082775,-0.54807939500806,-2.98971815706582,0.99,0.01,0.99,,,0.01
"2026-06-16 20:41:27",BTCUSDT,-0.647547101558496,-0.574747618274293,-0.0230240416107296,-0.551723576663563,-2.81938673284764,0.99,0.01,0.99,,,0.01
"2026-06-16 20:41:26",BTCUSDT,-0.672907910734972,-0.506188178780372,-0.0140091385348494,-0.492179040245523,-3.72138967195234,0.99,0.01,0.99,,,0.01
"2026-06-16 20:41:26",BTCUSDT,-0.646488975748937,-0.523725778401443,-0.015854894447981,-0.507870883953462,-3.49863725943925,0.99,0.01,0.99,,,0.01
"2026-06-16 20:41:26",BTCUSDT,-0.646460581142861,-0.53906762874412,-0.00631027603953874,-0.532757352704581,-3.37500910637132,0.99,0.01,0.99,,,0.01
"2026-06-16 20:41:25",BTCUSDT,-0.819356979244428,-0.386387488753189,-0.0127330948100783,-0.37365439394311,-3.87428519058048,0.99,0.01,0.99,,,0.01
"2026-06-16 20:41:25",BTCUSDT,-0.819363468352104,-0.440509486203053,-0.0157669706327611,-0.424742515570292,-3.96472787093699,0.99,0.01,0.99,,,0.01
"2026-06-16 20:41:25",BTCUSDT,-0.775402190302063,-0.482371074215429,-0.0140137203376095,-0.46835735387782,-3.92502030070124,0.99,0.01,0.99,,,0.01
"2026-06-16 20:41:24",BTCUSDT,-0.469168112726273,-0.159763995843323,-0.0255004721186678,-0.134263523724655,-1.40718775094038,0.99,0.01,0.99,,,0.01
"2026-06-16 20:41:24",BTCUSDT,-0.894721078247847,-0.251633631143889,-0.00788841289762403,-0.243745218246265,-2.89837613318003,0.99,0.01,0.99,,,0.01
"2026-06-16 20:41:24",BTCUSDT,-0.834842217171158,-0.324534704397297,-0.0143316171128319,-0.310203087284465,-3.51030877175819,0.99,0.01,0.99,,,0.01
"2026-06-16 20:41:23",BTCUSDT,-0.418157062566746,-0.0229243667945876,-0.0255004721186678,0.00257610532408019,0.669405334892373,0.99,0.01,0.99,,,0.01
"2026-06-16 20:41:23",BTCUSDT,-0.418184274731014,-0.0723318552866409,-0.0206954235377028,-0.0516364317489381,-0.168481671520691,0.99,0.01,0.99,,,0.01
"2026-06-16 20:41:23",BTCUSDT,-0.418184274731014,-0.115563407717188,-0.0190767964074467,-0.0964866113097408,-0.852984170362195,0.99,0.01,0.99,,,0.01
"2026-06-16 20:41:22",BTCUSDT,0.0394471490411171,0.0561943763577309,-0.0325546482320301,0.088749024589761,2.06609962618943,0.99,0.01,0.99,,,0.01
"2026-06-16 20:41:22",BTCUSDT,-0.0366937077026517,0.0445833658501831,-0.0321559085641152,0.0767392744142983,1.83752222542421,0.99,0.01,0.99,,,0.01
"2026-06-16 20:41:22",BTCUSDT,-0.0437839858540868,0.0335374468871494,-0.030433582786827,0.0639710296739764,1.62107960897348,0.99,0.01,0.99,,,0.01
"2026-06-16 20:41:21",BTCUSDT,0.17536785478006,0.0230716526027056,-0.0407408282330981,0.0638124808358037,1.76897282007151,0.99,0.01,0.99,,,0.01
"2026-06-16 20:41:21",BTCUSDT,0.174611537968855,0.0420141382734743,-0.0227855822283366,0.064799720501811,1.76566836654444,0.99,0.01,0.99,,,0.01
"2026-06-16 20:41:21",BTCUSDT,0.174595731309371,0.0585868374029615,-0.0304334175588164,0.0890202549617779,2.1142025212891,0.99,0.01,0.99,,,0.01
"2026-06-16 20:41:20",BTCUSDT,-0.0322241618513217,-0.0286492634269953,-0.0287016044513363,5.23410243410266e-05,0.659551508960163,0.99,0.01,0.99,,,0.01
"2026-06-16 20:41:20",BTCUSDT,0.012225610708078,-0.0235399041601111,-0.022319200665995,-0.00122070349411616,0.665931952596895,0.99,0.01,0.99,,,0.01
"2026-06-16 20:41:20",BTCUSDT,0.175299747454018,0.001315052291655,-0.0227747180397502,0.0240897703314052,1.11127299159621,0.99,0.01,0.99,,,0.01
"2026-06-16 20:41:19",BTCUSDT,0.0133516019007084,-0.040008520090374,-0.0223085537721581,-0.0176999663182159,0.26818563932746,0.99,0.01,0.99,,,0.01
"2026-06-16 20:41:19",BTCUSDT,0.0133790337526473,-0.0333350758599964,-0.0404435699375351,0.00710849407753873,0.663901090206059,0.99,0.01,0.99,,,0.01
"2026-06-16 20:41:19",BTCUSDT,0.0129062768880769,-0.0275549067664872,-0.0304334175588164,0.00287851079232918,0.632122249600058,0.99,0.01,0.99,,,0.01
"2026-06-16 20:41:19",BTCUSDT,-0.0322241618513217,-0.0281385636520915,-0.0272216790045545,-0.000916884647537003,0.613416199208783,0.99,0.01,0.99,,,0.01
"2026-06-16 20:41:18",BTCUSDT,0.0108250469405615,-0.0593524187277454,-0.0287837828751572,-0.0305686358525883,0.0254781028393216,0.99,0.01,0.99,,,0.01
"2026-06-16 20:41:18",BTCUSDT,-0.0356496699030676,-0.0563895751246607,-0.0319953674248864,-0.0243942076997743,0.128297369906761,0.99,0.01,0.99,,,0.01
"2026-06-16 20:41:18",BTCUSDT,0.0136758685883956,-0.0476313946605287,-0.0305162034293825,-0.0171151912311461,0.250997163567595,0.99,0.01,0.99,,,0.01
"2026-06-16 20:41:17",BTCUSDT,0.0113041172872624,-0.0939296539987188,-0.0205331674113147,-0.0733964865874041,-0.601174787731979,0.99,0.01,0.99,,,0.01
"2026-06-16 20:41:17",BTCUSDT,0.0108250469405615,-0.0808353163813088,-0.0238665815440075,-0.0569687348373013,-0.364102831363418,0.99,0.01,0.99,,,0.01
"2026-06-16 20:41:17",BTCUSDT,0.0108250469405615,-0.069377770966075,-0.0305162034293825,-0.0388615675366925,-0.102163983576085,0.99,0.01,0.99,,,0.01
"2026-06-16 20:41:16",BTCUSDT,-0.124883980039822,-0.126306449404209,-0.0254227103928497,-0.100883739011359,-1.03359887746584,0.99,0.01,0.99,,,0.01
"2026-06-16 20:41:16",BTCUSDT,-0.124883980039822,-0.126128640733661,-0.0286236915334412,-0.0975049492002194,-0.964038559473724,0.99,0.01,0.99,,,0.01
"2026-06-16 20:41:16",BTCUSDT,0.0111960859618949,-0.108963049896716,-0.0271265783977558,-0.0818364714989604,-0.73294998196895,0.99,0.01,0.99,,,0.01
"2026-06-16 20:41:15",BTCUSDT,-0.0996207373779847,-0.14720207062536,-0.0254145984010997,-0.12178747222426,-1.40548175592456,0.99,0.01,0.99,,,0.01
"2026-06-16 20:41:15",BTCUSDT,-0.0588948514718098,-0.136163668231166,-0.0270618307453101,-0.109101837485856,-1.19793044805603,0.99,0.01,0.99,,,0.01
"2026-06-16 20:41:15",BTCUSDT,-0.0589315968890975,-0.126509659313407,-0.0271439243294589,-0.0993657349839484,-1.03777728555137,0.99,0.01,0.99,,,0.01
"2026-06-16 20:41:14",BTCUSDT,-0.130340086952143,-0.166280492628682,-0.0367566700600071,-0.129523822568675,-1.65360826549818,0.99,0.01,0.99,,,0.01
"2026-06-16 20:41:14",BTCUSDT,-0.130178830677307,-0.16176778488476,-0.0271439243294589,-0.134623860555301,-1.67260159404049,0.99,0.01,0.99,,,0.01
"2026-06-16 20:41:14",BTCUSDT,-0.0996207373779847,-0.153999403946413,-0.0270616665712905,-0.126937737375123,-1.51779855993019,0.99,0.01,0.99,,,0.01
"2026-06-16 20:41:13",BTCUSDT,-0.130669945199271,-0.191363300771245,-0.0203743599662946,-0.170988940804951,-2.50448074456435,0.99,0.01,0.99,,,0.01
"2026-06-16 20:41:13",BTCUSDT,-0.0783411748010523,-0.177235535024971,-0.0271439243294589,-0.150091610695512,-2.08986166002808,0.99,0.01,0.99,,,0.01
"2026-06-16 20:41:13",BTCUSDT,-0.130669945199271,-0.171414836296759,-0.0271439243294589,-0.1442709119673,-1.92614293848246,0.99,0.01,0.99,,,0.01
"2026-06-16 20:41:12",BTCUSDT,-0.416286929145446,-0.223954796426686,-0.0221495442867653,-0.20180525213992,-3.58557445448373,0.99,0.01,0.99,,,0.01
"2026-06-16 20:41:12",BTCUSDT,-0.121869372885766,-0.211194118484071,-0.0189182155915706,-0.1922759028925,-3.17049051114162,0.99,0.01,0.99,,,0.01
"2026-06-16 20:41:12",BTCUSDT,-0.121911411720866,-0.20003378013867,-0.0270488596059424,-0.172984920532728,-2.67529188092339,0.99,0.01,0.99,,,0.01
"2026-06-16 20:41:11",BTCUSDT,-0.506927515487666,-0.10194221743234,-0.0287885563739135,-0.0731536610584261,-1.25554394807457,0.99,0.01,0.99,,,0.01
"2026-06-16 20:41:11",BTCUSDT,-0.505338565304213,-0.152366760916324,-0.0125755011517732,-0.139791259764551,-2.69933250982233,0.99,0.01,0.99,,,0.01
"2026-06-16 20:41:11",BTCUSDT,-0.505262893320636,-0.196478777466863,-0.0189990124389554,-0.177479765027907,-3.39362870218058,0.99,0.01,0.99,,,0.01
"2026-06-16 20:41:10",BTCUSDT,-0.0289242472596537,-0.0515472842334871,-0.0207698914780038,-0.0307773927554834,-0.105213835062647,0.99,0.01,0.99,,,0.01
"2026-06-16 20:41:10",BTCUSDT,-0.0289242472596537,-0.048719404611758,-0.0319279112133704,-0.0167914933983875,-0.0116175131861339,0.99,0.01,0.99,,,0.01
"2026-06-16 20:41:10",BTCUSDT,-0.0289242472596537,-0.0462450099427449,-0.022160115292352,-0.024084894650393,-0.160398445833735,0.99,0.01,0.99,,,0.01
"2026-06-16 20:41:10",BTCUSDT,-0.0289823292248436,-0.0440871748530073,-0.0370913542281871,-0.00699582062482019,-0.0116072932846144,0.99,0.01,0.99,,,0.01
"2026-06-16 20:41:09",BTCUSDT,-0.0289242472596537,-0.0626939117803613,-0.0335715436485056,-0.0291223681318558,0.0249722927066606,0.99,0.01,0.99,,,0.01
"2026-06-16 20:41:09",BTCUSDT,-0.0289242472596537,-0.0584727037152729,-0.040450119044284,-0.0180225846709889,0.0913417787605332,0.99,0.01,0.99,,,0.01
"2026-06-16 20:41:09",BTCUSDT,-0.0289242472596537,-0.0547791466583205,-0.022160115292352,-0.0326190313659685,-0.0771291957207027,0.99,0.01,0.99,,,0.01
"2026-06-16 20:41:08",BTCUSDT,-0.028961690506531,-0.0793326094596604,-0.028075025197094,-0.0512575842625665,-0.0836034473106537,0.99,0.01,0.99,,,0.01
"2026-06-16 20:41:08",BTCUSDT,-0.0289242472596537,-0.0730315641846596,-0.0232540288090243,-0.0497775353756353,-0.093004235048291,0.99,0.01,0.99,,,0.01
"2026-06-16 20:41:08",BTCUSDT,-0.0289242472596537,-0.0675181495690338,-0.0214646149502409,-0.0460535346187929,-0.088121964506388,0.99,0.01,0.99,,,0.01
"2026-06-16 20:41:07",BTCUSDT,-0.113540311086323,-0.101198498002691,-0.0289016227399559,-0.0722968752627353,-0.184636601485698,0.99,0.01,0.99,,,0.01
"2026-06-16 20:41:07",BTCUSDT,-0.0496287421967211,-0.094752278526945,-0.0296539002595359,-0.065098378267409,-0.149881059662222,0.99,0.01,0.99,,,0.01
"2026-06-16 20:41:07",BTCUSDT,-0.028961690506531,-0.0865284550243932,-0.0296539002595359,-0.0568745547648573,-0.106769694968348,0.99,0.01,0.99,,,0.01
"2026-06-16 20:41:06",BTCUSDT,-0.239041949216166,-0.0768597936193491,-0.0286217363196417,-0.0482380572997074,0.0426114533101541,0.99,0.01,0.99,,,0.01
"2026-06-16 20:41:06",BTCUSDT,-0.179396512111332,-0.089676883430847,-0.0223991703702056,-0.0672777130606414,-0.112979074197635,0.99,0.01,0.99,,,0.01
"2026-06-16 20:41:06",BTCUSDT,-0.167744870767164,-0.0994353818478866,-0.0305971946745869,-0.0688381871732998,-0.14151439933955,0.99,0.01,0.99,,,0.01
"2026-06-16 20:41:05",BTCUSDT,-0.0224430585063851,-0.0284621477534473,-0.0318941889559637,0.00343204120251646,0.462118079545154,0.99,0.01,0.99,,,0.01
"2026-06-16 20:41:05",BTCUSDT,-0.0899508933413581,-0.0361482409519361,-0.0380966253581262,0.00194838440619011,0.43553286737227,0.99,0.01,0.99,,,0.01
"2026-06-16 20:41:05",BTCUSDT,-0.176489627323449,-0.0536909142483752,-0.0351069544981228,-0.0185839597502524,0.272372714294746,0.99,0.01,0.99,,,0.01
"2026-06-16 20:41:04",BTCUSDT,-0.0225342331187433,-0.0313785487586557,-0.0401764018174789,0.0087978530588232,0.544579913831573,0.99,0.01,0.99,,,0.01
"2026-06-16 20:41:04",BTCUSDT,-0.0225790976584808,-0.0302786173711339,-0.0302952734340681,1.66560629342311e-05,0.468010501350702,0.99,0.01,0.99,,,0.01
"2026-06-16 20:41:04",BTCUSDT,-0.0226258195691407,-0.0293220176458847,-0.0302952734340681,0.000973255788183375,0.459922083713757,0.99,0.01,0.99,,,0.01
"2026-06-16 20:41:03",BTCUSDT,-0.0101688904650028,-0.0133565642732799,-0.0401764018174789,0.0268198375441991,0.711152756886802,0.99,0.01,0.99,,,0.01
"2026-06-16 20:41:03",BTCUSDT,-0.201299780454311,-0.0368494662959087,-0.0275671574697643,-0.00928230882614444,0.444240054547542,0.99,0.01,0.99,,,0.01
"2026-06-16 20:41:03",BTCUSDT,-0.00318991530064173,-0.0326420224215004,-0.0259037129986326,-0.00673830942286775,0.449608522434986,0.99,0.01,0.99,,,0.01
"2026-06-16 20:41:02",BTCUSDT,0.0419997527368071,-0.0316099986771029,-0.0211805537971211,-0.0104294448799818,0.49652202191636,0.99,0.01,0.99,,,0.01
"2026-06-16 20:41:02",BTCUSDT,0.0419997527368071,-0.0224087797503642,-0.0370153690838284,0.0146065893334643,0.66446472445336,0.99,0.01,0.99,,,0.01
"2026-06-16 20:41:02",BTCUSDT,0.0419997527368071,-0.0143577131894677,-0.0273332536571521,0.0129755404676844,0.640894193703105,0.99,0.01,0.99,,,0.01
"2026-06-16 20:41:02",BTCUSDT,-0.00999157764085278,-0.0138119462458909,-0.0211805537971211,0.00736860755123022,0.589237317262404,0.99,0.01,0.99,,,0.01
"2026-06-16 20:41:01",BTCUSDT,0.0378070120399613,-0.054143596048708,-0.02316960405079,-0.030973991997918,0.357466211206505,0.99,0.01,0.99,,,0.01
"2026-06-16 20:41:01",BTCUSDT,0.0419997527368071,-0.0421256774505186,-0.0230304396164827,-0.0190952378340359,0.440126874073886,0.99,0.01,0.99,,,0.01
"2026-06-16 20:41:00",BTCUSDT,-0.106197613361333,-0.0772493988093289,-0.0270524477702828,-0.0501969510390461,0.191324351385058,0.99,0.01,0.99,,,0.01
"2026-06-16 20:41:00",BTCUSDT,-0.0879933001062178,-0.0785923864714401,-0.0274780803964142,-0.0511143060750259,0.194644271171669,0.99,0.01,0.99,,,0.01
"2026-06-16 20:41:00",BTCUSDT,-0.108187225755713,-0.0822917413819741,-0.0258900921794664,-0.0564016492025077,0.168118686314653,0.99,0.01,0.99,,,0.01
"2026-06-16 20:41:00",BTCUSDT,0.0378070120399613,-0.0672793972042322,-0.0243860432392107,-0.0428933539650215,0.270441065063347,0.99,0.01,0.99,,,0.01
"2026-06-16 20:40:59",BTCUSDT,-0.106188755542655,-0.0629889959279078,-0.0288663279790635,-0.0341226679488443,0.296843243538871,0.99,0.01,0.99,,,0.01
"2026-06-16 20:40:59",BTCUSDT,-0.106188755542655,-0.0683889658797512,-0.0474155112949427,-0.0209734545848085,0.386338444761111,0.99,0.01,0.99,,,0.01
"2026-06-16 20:40:59",BTCUSDT,-0.106188755542655,-0.0731139395876141,-0.0328073270797165,-0.0403066125078976,0.254354091544997,0.99,0.01,0.99,,,0.01
"2026-06-16 20:40:58",BTCUSDT,-0.125726828612132,-0.0443509155079796,-0.0532856788115185,0.00893476330353888,0.620361115720797,0.99,0.01,0.99,,,0.01
"2026-06-16 20:40:58",BTCUSDT,-0.0645072562477077,-0.0468704581004456,-0.0309666452601732,-0.0159038128402724,0.439753699895295,0.99,0.01,0.99,,,0.01
"2026-06-16 20:40:58",BTCUSDT,-0.126447606874718,-0.0568176016972297,-0.0409868668667797,-0.01583073483045,0.4324194728172,0.99,0.01,0.99,,,0.01
"2026-06-16 20:40:57",BTCUSDT,-0.0509495287180203,-0.0149402920134556,-0.0551641499396903,0.0402238579262347,0.868941552757656,0.99,0.01,0.99,,,0.01
"2026-06-16 20:40:57",BTCUSDT,-0.0509373295104994,-0.0194399217005861,-0.044666135837773,0.0252262141371869,0.752767229679279,0.99,0.01,0.99,,,0.01
"2026-06-16 20:40:57",BTCUSDT,-0.125726828612132,-0.0327257850645293,-0.0448458433374799,0.0121200582729506,0.65115277443548,0.99,0.01,0.99,,,0.01
"2026-06-16 20:40:56",BTCUSDT,-0.0214364398951784,0.00042238115354097,-0.0345342783600921,0.0349566595136331,0.861375988465188,0.99,0.01,0.99,,,0.01
"2026-06-16 20:40:56",BTCUSDT,-0.0431765372247669,-0.00502748364374751,-0.046649424019345,0.0416219403755975,0.899560880649123,0.99,0.01,0.99,,,0.01
"2026-06-16 20:40:56",BTCUSDT,-0.0431765372247669,-0.00979611534137493,-0.0366304013023658,0.0268342859609909,0.785243192843179,0.99,0.01,0.99,,,0.01
"2026-06-16 20:40:55",BTCUSDT,-0.0435205229329368,0.0179529044077631,-0.0591571524372647,0.0771100568450278,1.1893427986591,0.99,0.01,0.99,,,0.01
"2026-06-16 20:40:55",BTCUSDT,-0.0435205229329368,0.0102687259901756,-0.046649424019345,0.0569181500095206,1.03469773531294,0.99,0.01,0.99,,,0.01
"2026-06-16 20:40:55",BTCUSDT,-0.0435205229329368,0.00354506987478659,-0.0363273457758914,0.039872415650678,0.904398409809107,0.99,0.01,0.99,,,0.01
"2026-06-16 20:40:54",BTCUSDT,0.04059783452344,0.0485271971398322,-0.0592626396003596,0.107789836740192,1.4391245074004,0.99,0.01,0.99,,,0.01
"2026-06-16 20:40:54",BTCUSDT,-0.0444536008998073,0.0369045973848772,-0.046649424019345,0.0835540214042222,1.25426632188292,0.99,0.01,0.99,,,0.01
"2026-06-16 20:40:54",BTCUSDT,-0.0444536008998073,0.0267348225992917,-0.0446697463910033,0.071404568990295,1.1589623672329,0.99,0.01,0.99,,,0.01
"2026-06-16 20:40:53",BTCUSDT,0.12952309235626,0.0447077729314338,-0.0488169073585793,0.0935246802900131,1.28872453649939,0.99,0.01,0.99,,,0.01
"2026-06-16 20:40:53",BTCUSDT,0.0652075986351725,0.0472702511444012,-0.0573328805263107,0.104603131670712,1.40720559129456,0.99,0.01,0.99,,,0.01
"2026-06-16 20:40:53",BTCUSDT,0.0663879478122974,0.0496599632278882,-0.0447986988912953,0.0944586621191835,1.3470522727026,0.99,0.01,0.99,,,0.01
"2026-06-16 20:40:52",BTCUSDT,0.0403751950096931,-0.00245852518921248,-0.051399723455834,0.0489411982666215,0.649165120470443,0.99,0.01,0.99,,,0.01
"2026-06-16 20:40:52",BTCUSDT,0.0406009857952342,0.00292391368384335,-0.0428818452687345,0.0458057589525779,0.713599108985684,0.99,0.01,0.99,,,0.01
"2026-06-16 20:40:52",BTCUSDT,0.12950475653843,0.0187465190406667,-0.0466492180190025,0.0653957370596692,0.93482125286861,0.99,0.01,0.99,,,0.01
"2026-06-16 20:40:52",BTCUSDT,0.12950475653843,0.0325912987278872,-0.0447986988912953,0.0773899976191824,1.10734494173173,0.99,0.01,0.99,,,0.01
"2026-06-16 20:40:51",BTCUSDT,-0.0165808034739263,-0.00640822673705159,-0.0212190192450013,0.0148107925079497,0.2969144391518,0.99,0.01,0.99,,,0.01
"2026-06-16 20:40:51",BTCUSDT,-0.0164797183569106,-0.00766716318953397,-0.0411930105134587,0.0335258473239247,0.436558306418524,0.99,0.01,0.99,,,0.01
"2026-06-16 20:40:51",BTCUSDT,-0.0149508822714255,-0.00857762807477041,-0.0330704723495069,0.0244928442747365,0.449921607257801,0.99,0.01,0.99,,,0.01
"2026-06-16 20:40:50",BTCUSDT,0.0396163884673749,-0.00157728631593288,-0.0223851125630818,0.0208078262471489,0.207788354647269,0.99,0.01,0.99,,,0.01
"2026-06-16 20:40:50",BTCUSDT,-0.0158792937399679,-0.00336503724393725,-0.0169914169241898,0.0136263796802526,0.211788766133392,0.99,0.01,0.99,,,0.01
"2026-06-16 20:40:50",BTCUSDT,-0.0160847512038523,-0.00495500148892664,-0.0224262380403646,0.017471236551438,0.266084631939706,0.99,0.01,0.99,,,0.01
"2026-06-16 20:40:49",BTCUSDT,-0.0163671917101636,-0.0218825328484898,-0.021285712181896,-0.000596820666593802,0.0376269505741904,0.99,0.01,0.99,,,0.01
"2026-06-16 20:40:49",BTCUSDT,0.0396769705548853,-0.0141875949230679,-0.0234337931849188,0.00924619826185085,0.102324076977926,0.99,0.01,0.99,,,0.01
"2026-06-16 20:40:49",BTCUSDT,0.0396163884673749,-0.00746209699926257,-0.0234815556809967,0.0160194586817341,0.157688944433018,0.99,0.01,0.99,,,0.01
"2026-06-16 20:40:48",BTCUSDT,-0.102327537396363,0.00123403556063342,-0.0212925786787326,0.022526614239366,0.0469604718134495,0.99,0.01,0.99,,,0.01
"2026-06-16 20:40:48",BTCUSDT,-0.100858494970801,-0.0115275307557959,-0.0224445613403984,0.0109170305846025,0.0299594755095116,0.99,0.01,0.99,,,0.01
"2026-06-16 20:40:48",BTCUSDT,-0.100670794512577,-0.0226704387253936,-0.0278132454363053,0.00514280671091173,0.0337219629062345,0.99,0.01,0.99,,,0.01
"2026-06-16 20:40:47",BTCUSDT,0.308901676437083,-0.0204457472515712,-0.0256406104381878,0.00519486318661662,-0.0811002353134637,0.99,0.01,0.99,,,0.01
"2026-06-16 20:40:47",BTCUSDT,0.270696801780182,0.015947071377398,-0.030154299224941,0.046101370602339,0.0789170657717655,0.99,0.01,0.99,,,0.01
"2026-06-16 20:40:47",BTCUSDT,0.0165988682227053,0.0160285459830614,-0.0211277675390811,0.0371563135221425,0.0730551385095019,0.99,0.01,0.99,,,0.01
"2026-06-16 20:40:46",BTCUSDT,0.378681909089833,-0.182721701600312,-0.0190462487686841,-0.163675452831628,-0.677312679317459,0.99,0.01,0.99,,,0.01
"2026-06-16 20:40:46",BTCUSDT,0.308949209980472,-0.121262837652714,-0.0245425370211341,-0.0967203006315801,-0.450878688525381,0.99,0.01,0.99,,,0.01
"2026-06-16 20:40:46",BTCUSDT,0.308876829912254,-0.0674953792070931,-0.0180086138918326,-0.0494867653152605,-0.280758851191808,0.99,0.01,0.99,,,0.01
"2026-06-16 20:40:45",BTCUSDT,-0.50770459347497,-0.41801480734967,-0.015831011807402,-0.402183795542268,-1.44601149739829,0.99,0.01,0.99,,,0.01
"2026-06-16 20:40:45",BTCUSDT,0.0882041338912818,-0.354737439694551,-0.0104275478671757,-0.344309891827375,-1.2560865101971,0.99,0.01,0.99,,,0.01
"2026-06-16 20:40:45",BTCUSDT,0.379784338556335,-0.26292221741319,-0.0169186470864032,-0.246003570326787,-0.945230593933003,0.99,0.01,0.99,,,0.01
"2026-06-16 20:40:44",BTCUSDT,-0.507147230281896,-0.355267401343898,-0.00824621478029514,-0.347021186563603,-1.37998817520566,0.99,0.01,0.99,,,0.01
"2026-06-16 20:40:44",BTCUSDT,-0.506480548377119,-0.37416904472305,-0.0147772765900132,-0.359391768133037,-1.3909912264217,0.99,0.01,0.99,,,0.01
"2026-06-16 20:40:44",BTCUSDT,-0.506480548377119,-0.390707982679809,-0.0103738035105853,-0.380334179169224,-1.42701748407741,0.99,0.01,0.99,,,0.01
"2026-06-16 20:40:44",BTCUSDT,-0.506659967324067,-0.405201980760341,-0.0147457005818386,-0.390456280178503,-1.43398030166154,0.99,0.01,0.99,,,0.01
"2026-06-16 20:40:43",BTCUSDT,-0.441852620323579,-0.289773435072515,-0.0148089881202553,-0.27496444695226,-1.25907853507123,0.99,0.01,0.99,,,0.01
"2026-06-16 20:40:43",BTCUSDT,-0.441869793175459,-0.308785479835383,-0.0115281916512102,-0.297257288184173,-1.29425292187714,0.99,0.01,0.99,,,0.01
"2026-06-16 20:40:43",BTCUSDT,-0.507063904545787,-0.333570282924184,-0.0168458481035936,-0.31672443482059,-1.32257900136364,0.99,0.01,0.99,,,0.01
"2026-06-16 20:40:42",BTCUSDT,-0.289114601115284,-0.261150726976363,-0.0126318486734135,-0.24851887830295,-1.26492918124641,0.99,0.01,0.99,,,0.01
"2026-06-16 20:40:42",BTCUSDT,-0.290587018876094,-0.264830263463829,-0.0158990304101705,-0.248931233053659,-1.24003180782814,0.99,0.01,0.99,,,0.01
"2026-06-16 20:40:42",BTCUSDT,-0.290570853189241,-0.268047837179506,-0.0212742660930526,-0.246773571086453,-1.20973319155886,0.99,0.01,0.99,,,0.01
"2026-06-16 20:40:41",BTCUSDT,-0.289779849130564,-0.247081579236629,-0.0120857495652512,-0.234995829671377,-1.31418921930641,0.99,0.01,0.99,,,0.01
"2026-06-16 20:40:41",BTCUSDT,-0.289908460756075,-0.252434939426559,-0.0190671635601489,-0.23336777586641,-1.28183779101677,0.99,0.01,0.99,,,0.01
"2026-06-16 20:40:41",BTCUSDT,-0.290202526523366,-0.25715588781366,-0.00724370123238882,-0.249912186581271,-1.29542445200489,0.99,0.01,0.99,,,0.01
"2026-06-16 20:40:40",BTCUSDT,-0.289864362452245,-0.22603105787433,-0.0120857495652512,-0.213945308309079,-1.35225961494892,0.99,0.01,0.99,,,0.01
"2026-06-16 20:40:40",BTCUSDT,-0.289868037195734,-0.234010680289506,-0.0173865808098774,-0.216624099479628,-1.32816747838905,0.99,0.01,0.99,,,0.01
"2026-06-16 20:40:40",BTCUSDT,-0.289779849130564,-0.240981826394638,-0.00762987025724586,-0.233351956137392,-1.33955438416865,0.99,0.01,0.99,,,0.01
"2026-06-16 20:40:39",BTCUSDT,-0.240671475515408,-0.191845307207073,-0.00938905433813577,-0.182456252868938,-1.3740349868524,0.99,0.01,0.99,,,0.01
"2026-06-16 20:40:39",BTCUSDT,-0.296378329153488,-0.204911934950375,-0.0173418046754225,-0.187570130274953,-1.3527839904076,0.99,0.01,0.99,,,0.01
"2026-06-16 20:40:39",BTCUSDT,-0.300912570252968,-0.216912014363199,-0.0138168124141142,-0.203095201949085,-1.35785380262669,0.99,0.01,0.99,,,0.01
"2026-06-16 20:40:38",BTCUSDT,-0.240972789037442,-0.16771060461042,-0.0138131774675327,-0.153897427142887,-1.41282505808882,0.99,0.01,0.99,,,0.01
"2026-06-16 20:40:38",BTCUSDT,-0.240924623577729,-0.176862356981333,-0.00833386192314969,-0.168528495058184,-1.41111458679135,0.99,0.01,0.99,,,0.01
"2026-06-16 20:40:38",BTCUSDT,-0.240924623577729,-0.184870140305883,-0.0119981824571033,-0.172871957848779,-1.38566655200735,0.99,0.01,0.99,,,0.01
"2026-06-16 20:40:37",BTCUSDT,-0.240972789037442,-0.131613493332965,-0.0174405726076342,-0.114172920725331,-1.43248247289761,0.99,0.01,0.99,,,0.01
"2026-06-16 20:40:37",BTCUSDT,-0.240972789037442,-0.145283405296025,-0.00851356166013628,-0.136769843635889,-1.4480428700796,0.99,0.01,0.99,,,0.01
"2026-06-16 20:40:37",BTCUSDT,-0.240972789037442,-0.157244578263702,-0.0165019655799326,-0.140742612683769,-1.41860211869468,0.99,0.01,0.99,,,0.01
"2026-06-16 20:40:36",BTCUSDT,-0.244329655117183,-0.0535322978121664,-0.0120836333076019,-0.0414486645045645,-1.41233696711482,0.99,0.01,0.99,,,0.01
"2026-06-16 20:40:36",BTCUSDT,-0.24268343719365,-0.0771761902348519,-0.0128907856709269,-0.0642854045639251,-1.42995993390136,0.99,0.01,0.99,,,0.01
"2026-06-16 20:40:36",BTCUSDT,-0.242750725858921,-0.0978730071878606,-0.0128906968583618,-0.0849823103294988,-1.44120517304634,0.99,0.01,0.99,,,0.01
"2026-06-16 20:40:36",BTCUSDT,-0.242814844115008,-0.115990736803754,-0.0120921027880867,-0.103898634015667,-1.44742183802584,0.99,0.01,0.99,,,0.01
"2026-06-16 20:40:35",BTCUSDT,0.164319596981315,0.043617068767876,-0.0128406632806074,0.0564577320484834,-1.27060624066132,0.99,0.01,0.99,,,0.01
"2026-06-16 20:40:35",BTCUSDT,-0.268793765198793,0.00456571452204237,-0.0119981824571033,0.0165638969791457,-1.33979588465284,0.99,0.01,0.99,,,0.01
"2026-06-16 20:40:35",BTCUSDT,-0.242164261517324,-0.0262755324828784,-0.0128850479070036,-0.0133904845758748,-1.37971455956599,0.99,0.01,0.99,,,0.01
"2026-06-16 20:40:34",BTCUSDT,0.342141313108587,-0.0159269501375319,-0.015644601945739,-0.00028234819179292,-1.53707250377223,0.99,0.01,0.99,,,0.01
"2026-06-16 20:40:34",BTCUSDT,0.164553396018929,0.00663309313202571,-0.0120868079720721,0.0187199011040978,-1.44293767771151,0.99,0.01,0.99,,,0.01
"2026-06-16 20:40:34",BTCUSDT,0.164559151689183,0.0263738504516704,-0.0227844512888645,0.049158301740535,-1.32409326083331,0.99,0.01,0.99,,,0.01
"2026-06-16 20:40:33",BTCUSDT,-0.342077089202619,-0.117217134934377,-0.0173881114113151,-0.0998290235230618,-2.00121704210123,0.99,0.01,0.99,,,0.01
"2026-06-16 20:40:33",BTCUSDT,-0.158376939234256,-0.122362110471862,-0.0101846854902759,-0.112177424981586,-1.95904412980561,0.99,0.01,0.99,,,0.01
"2026-06-16 20:40:33",BTCUSDT,0.319898299921499,-0.0670795591726917,-0.0155999751478846,-0.0514795840248071,-1.72705377670912,0.99,0.01,0.99,,,0.01
"2026-06-16 20:40:32",BTCUSDT,-0.146124147476348,-0.0835002222443048,-0.0164514493684934,-0.0670487728758114,-2.1519487319654,0.99,0.01,0.99,,,0.01
"2026-06-16 20:40:32",BTCUSDT,-0.0903015537870175,-0.0843503886871439,-0.0165826715010398,-0.067767717186104,-2.06785334697883,0.99,0.01,0.99,,,0.01
"2026-06-16 20:40:32",BTCUSDT,-0.0903015537870175,-0.0850942843246281,-0.0128851366801542,-0.0722091476444739,-2.0003123787074,0.99,0.01,0.99,,,0.01
"2026-06-16 20:40:31",BTCUSDT,-0.146203675463075,-0.0526349840562418,-0.0148023248993513,-0.0378326591568905,-2.34842368592944,0.99,0.01,0.99,,,0.01
"2026-06-16 20:40:31",BTCUSDT,-0.146192174706762,-0.0643296328875569,-0.0147973628754321,-0.0495322700121248,-2.2849961150738,0.99,0.01,0.99,,,0.01
"2026-06-16 20:40:31",BTCUSDT,-0.146124147476348,-0.0745539472111557,-0.0210678725102051,-0.0534860747009506,-2.20132731720362,0.99,0.01,0.99,,,0.01
"2026-06-16 20:40:30",BTCUSDT,-0.154242817982233,-0.0209155213395997,-0.0155268717326444,-0.00538864960695533,-2.56599695259257,0.99,0.01,0.99,,,0.01
"2026-06-16 20:40:30",BTCUSDT,-0.0738383019297608,-0.0275308689133699,-0.00989193593420069,-0.0176389329791692,-2.49627493385823,0.99,0.01,0.99,,,0.01
"2026-06-16 20:40:30",BTCUSDT,-0.121428142734251,-0.03926802814098,-0.0130999756616246,-0.0261680524793553,-2.41490369056634,0.99,0.01,0.99,,,0.01
"2026-06-16 20:40:29",BTCUSDT,-0.0974393994093264,0.02733217287697,-0.0132528140152492,0.0405849868922192,-2.67264420197585,0.99,0.01,0.99,,,0.01
"2026-06-16 20:40:29",BTCUSDT,-0.0974584933645929,0.0117333395967747,-0.0089415424607873,0.020674882057562,-2.67956037983597,0.99,0.01,0.99,,,0.01
"2026-06-16 20:40:29",BTCUSDT,-0.0970834945883541,-0.00186876467636642,-0.0132568456288929,0.0113880809525265,-2.61591833382002,0.99,0.01,0.99,,,0.01
"2026-06-16 20:40:28",BTCUSDT,-0.408112598775092,0.136369557928077,-0.00810936988482912,0.144478927812906,-2.28122539513391,0.99,0.01,0.99,,,0.01
"2026-06-16 20:40:28",BTCUSDT,-0.408507184338432,0.0682599651447637,-0.0170209855839027,0.0852809507286664,-2.53195373445066,0.99,0.01,0.99,,,0.01
"2026-06-16 20:40:28",BTCUSDT,-0.116566290384675,0.0451566832035838,-0.00854025815175015,0.053696941355334,-2.64533390124995,0.99,0.01,0.99,,,0.01
"2026-06-16 20:40:27",BTCUSDT,0.424607671439854,0.492726543894501,-0.0166722262855942,0.509398770180096,-0.601830299830517,0.99,0.01,0.99,,,0.01
"2026-06-16 20:40:27",BTCUSDT,-0.255246943765281,0.399229857937029,-0.0178426377663298,0.417072495703358,-1.02103492753726,0.99,0.01,0.99,,,0.01
"2026-06-16 20:40:27",BTCUSDT,-0.366785532348446,0.303477934151344,-0.0131221521756624,0.316600086327007,-1.48699212400319,0.99,0.01,0.99,,,0.01
"2026-06-16 20:40:27",BTCUSDT,-0.411123753688311,0.214152723171387,-0.0113514453508585,0.225504168522246,-1.91305234960805,0.99,0.01,0.99,,,0.01
"2026-06-16 20:40:26",BTCUSDT,0.478016735646411,0.525892253819108,-0.0217485888689265,0.547640842688034,-0.348715529080662,0.99,0.01,0.99,,,0.01
"2026-06-16 20:40:26",BTCUSDT,0.425496925942306,0.513342837834508,-0.0196261583126329,0.532968996147141,-0.432705797912598,0.99,0.01,0.99,,,0.01
"2026-06-16 20:40:26",BTCUSDT,0.426262626262626,0.502457811388022,-0.0187034038271444,0.521161215215167,-0.513294787961289,0.99,0.01,0.99,,,0.01
"2026-06-16 20:40:25",BTCUSDT,0.590047853526597,0.528092399479553,-0.0151830131124833,0.543275412592036,-0.317794958325234,0.99,0.01,0.99,,,0.01
"2026-06-16 20:40:25",BTCUSDT,0.565206112107646,0.532731613558065,-0.0156499138336082,0.548381527391673,-0.320817227231013,0.99,0.01,0.99,,,0.01
"2026-06-16 20:40:24",BTCUSDT,0.457802512323104,0.493922445678158,-0.0156099587798323,0.50953240445799,-0.396152501421089,0.99,0.01,0.99,,,0.01
"2026-06-16 20:40:24",BTCUSDT,0.61551691325218,0.50912175412491,-0.0160894011952964,0.525211155320207,-0.350748248835091,0.99,0.01,0.99,,,0.01
"2026-06-16 20:40:24",BTCUSDT,0.590080683765427,0.519241620329975,-0.0109551262710046,0.53019674660098,-0.346380391149566,0.99,0.01,0.99,,,0.01
"2026-06-16 20:40:23",BTCUSDT,0.462700664014014,0.510211331058511,-0.0122568557045449,0.522468186763056,-0.349802266135878,0.99,0.01,0.99,,,0.01
"2026-06-16 20:40:23",BTCUSDT,0.462700664014014,0.504272497677949,-0.0175752051483913,0.52184770282634,-0.348569396162972,0.99,0.01,0.99,,,0.01
"2026-06-16 20:40:23",BTCUSDT,0.462752005513967,0.499082436157451,-0.0154135847829828,0.514496020940434,-0.37465288154825,0.99,0.01,0.99,,,0.01
"2026-06-16 20:40:22",BTCUSDT,0.411841813750831,0.540835085044155,-0.0238410306002239,0.564676115644379,-0.235409104064029,0.99,0.01,0.99,,,0.01
"2026-06-16 20:40:22",BTCUSDT,0.412013664072054,0.524732407422643,-0.0158265650444895,0.540558972467132,-0.306719848056587,0.99,0.01,0.99,,,0.01
"2026-06-16 20:40:22",BTCUSDT,0.462861701703299,0.516998569207725,-0.0152132433475876,0.532211812555312,-0.324166231880948,0.99,0.01,0.99,,,0.01
"2026-06-16 20:40:21",BTCUSDT,0.468701684075071,0.604678428820819,-0.0176576450061236,0.622336073826943,-0.0714589518934627,0.99,0.01,0.99,,,0.01
"2026-06-16 20:40:21",BTCUSDT,0.411863535797698,0.580576567192929,-0.020711980532483,0.601288547725412,-0.132610486602941,0.99,0.01,0.99,,,0.01
"2026-06-16 20:40:21",BTCUSDT,0.410065591480824,0.559262695228916,-0.0158747415832075,0.575137436812123,-0.210740835044683,0.99,0.01,0.99,,,0.01
"2026-06-16 20:40:20",BTCUSDT,0.38556059702394,0.683579877303038,-0.000772552515141594,0.684352429818179,0.11493423753621,0.99,0.01,0.99,,,0.01
"2026-06-16 20:40:20",BTCUSDT,0.38556059702394,0.64632746726815,-0.0189914117364793,0.66531887900463,0.0570382737694216,0.99,0.01,0.99,,,0.01
"2026-06-16 20:40:20",BTCUSDT,0.468537153684642,0.624103678070212,-0.0181802746541207,0.642283952724332,-0.0129940085503018,0.99,0.01,0.99,,,0.01
"2026-06-16 20:40:19",BTCUSDT,0.665195619343178,0.841382165477779,-0.00438579317452193,0.8457679586523,0.653085776901119,0.99,0.01,0.99,,,0.01
"2026-06-16 20:40:19",BTCUSDT,0.308679783290562,0.774794367704376,-0.00453475087753462,0.779329118581911,0.427910613691014,0.99,0.01,0.99,,,0.01
"2026-06-16 20:40:19",BTCUSDT,0.385671907669779,0.726154060200052,-0.000104995060341767,0.726259055260394,0.251385192601517,0.99,0.01,0.99,,,0.01
"2026-06-16 20:40:18",BTCUSDT,0.935075962034145,0.89244056066987,-0.000772380669707487,0.893212941339577,0.841301217165067,0.99,0.01,0.99,,,0.01
"2026-06-16 20:40:18",BTCUSDT,0.783779062047953,0.87885787334213,-0.00817589765665413,0.887033770998784,0.80871765446349,0.99,0.01,0.99,,,0.01
"2026-06-16 20:40:18",BTCUSDT,0.780408263152575,0.866551672068436,-0.00363847388048515,0.870190145948921,0.741998239638505,0.99,0.01,0.99,,,0.01
"2026-06-16 20:40:17",BTCUSDT,0.988917909813542,0.91524711595603,-6.84666961787614e-05,0.915315582652209,0.986690290238103,0.99,0.01,0.99,,,0.01
"2026-06-16 20:40:17",BTCUSDT,0.935459602709094,0.917773676800163,-0.000698441645189406,0.918472118445352,0.976103994690775,0.99,0.01,0.99,,,0.01
"2026-06-16 20:40:17",BTCUSDT,0.783720983051499,0.90101709008158,-0.00367580086482518,0.904692890946405,0.909758259804175,0.99,0.01,0.99,,,0.01
"2026-06-16 20:40:17",BTCUSDT,0.783678681800156,0.886349789046402,-6.7959286384496e-05,0.886417748332787,0.8318971324675,0.99,0.01,0.99,,,0.01
"2026-06-16 20:40:16",BTCUSDT,0.857835459832607,0.919152702991318,-0.00202126702554168,0.92117397001686,1.0700911968716,0.99,0.01,0.99,,,0.01
"2026-06-16 20:40:16",BTCUSDT,0.857589312458814,0.911457279174755,0.000674645202208999,0.910782633972546,1.01209664385788,0.99,0.01,0.99,,,0.01
"2026-06-16 20:40:16",BTCUSDT,0.857580780444941,0.904722716833529,0.000673644495335119,0.904049072338193,0.968564542511636,0.99,0.01,0.99,,,0.01
"2026-06-16 20:40:15",BTCUSDT,0.848249664016821,0.950791254210723,0.00202762627730592,0.948763627933417,1.24502267739567,0.99,0.01,0.99,,,0.01
"2026-06-16 20:40:15",BTCUSDT,0.848088196605761,0.937953372010103,0.000633254116726949,0.937320117893376,1.17628495130948,0.99,0.01,0.99,,,0.01
"2026-06-16 20:40:15",BTCUSDT,0.85762486918407,0.927912309156849,-0.00205671965345702,0.929969028810306,1.12464791284045,0.99,0.01,0.99,,,0.01
"2026-06-16 20:40:14",BTCUSDT,0.996365426722119,0.95623473858828,-0.000588483166983293,0.956823221755264,1.37518198954987,0.99,0.01,0.99,,,0.01
"2026-06-16 20:40:14",BTCUSDT,0.995508746940396,0.961143989632295,-0.00205959963377115,0.963203589266066,1.3631380967354,0.99,0.01,0.99,,,0.01
"2026-06-16 20:40:14",BTCUSDT,0.995512495052751,0.965440052809852,-0.00497824802481478,0.970418300834667,1.35445172803553,0.99,0.01,0.99,,,0.01
"2026-06-16 20:40:13",BTCUSDT,0.995577634198087,0.93650470436007,0.000670943443941578,0.935833760916128,1.40767628597799,0.99,0.01,0.99,,,0.01
"2026-06-16 20:40:13",BTCUSDT,0.995974411204723,0.943938417715651,0.00203059925893567,0.941907818456716,1.39321162648251,0.99,0.01,0.99,,,0.01
"2026-06-16 20:40:13",BTCUSDT,0.996445341115154,0.950501783140589,-0.00490873896232303,0.955410522102912,1.40652754461604,0.99,0.01,0.99,,,0.01
"2026-06-16 20:40:12",BTCUSDT,0.998983259245247,0.907439895067305,-0.00407532726955186,0.911515222336857,1.43065400664458,0.99,0.01,0.99,,,0.01
"2026-06-16 20:40:12",BTCUSDT,0.995340847495456,0.918427514120824,-0.000485050426100343,0.918912564546924,1.42011442351863,0.99,0.01,0.99,,,0.01
"2026-06-16 20:40:12",BTCUSDT,0.995533116219914,0.92806571438321,-0.00336882092814267,0.931434535311353,1.42945782993675,0.99,0.01,0.99,,,0.01
"2026-06-16 20:40:11",BTCUSDT,0.99896411160709,0.862335112186614,0.00269549687914656,0.859639615307468,1.33572068375453,0.99,0.01,0.99,,,0.01
"2026-06-16 20:40:11",BTCUSDT,0.998967520235815,0.879414163192764,-0.000765655380175552,0.88017981857294,1.38261729207863,0.99,0.01,0.99,,,0.01
"2026-06-16 20:40:11",BTCUSDT,0.998999030557154,0.894362271613313,0.00346277252406668,0.890899499089246,1.38776028926837,0.99,0.01,0.99,,,0.01
"2026-06-16 20:40:10",BTCUSDT,0.944624899755953,0.811617561026277,0.00248712629237711,0.8091304347339,1.22742083999126,0.99,0.01,0.99,,,0.01
"2026-06-16 20:40:10",BTCUSDT,0.944823129356372,0.828268257067539,-0.000695667521291784,0.828963924588831,1.27799852596792,0.99,0.01,0.99,,,0.01
"2026-06-16 20:40:10",BTCUSDT,0.944655670111023,0.842816683697975,-0.00164009022912585,0.844456773927101,1.30839684351488,0.99,0.01,0.99,,,0.01
"2026-06-16 20:40:09",BTCUSDT,0.790364841514885,0.739747338274155,0.0134530357118042,0.72629430256235,0.985470110754819,0.99,0.01,0.99,,,0.01
"2026-06-16 20:40:09",BTCUSDT,0.790364841514885,0.746074526179246,-0.00386348381317979,0.749938009992426,1.06272031102038,0.99,0.01,0.99,,,0.01
"2026-06-16 20:40:09",BTCUSDT,0.944686546842006,0.770901028762091,-0.00034463247018213,0.771245661232273,1.12702472469205,0.99,0.01,0.99,,,0.01
"2026-06-16 20:40:09",BTCUSDT,0.944624899755953,0.792616512636324,-0.000519984999866434,0.79313649763619,1.190974363997,0.99,0.01,0.99,,,0.01
"2026-06-16 20:40:08",BTCUSDT,0.791401364210049,0.7148467393042,-0.000232989880656939,0.715079729184857,1.00775348225293,0.99,0.01,0.99,,,0.01
"2026-06-16 20:40:08",BTCUSDT,0.790236721505466,0.724270487079358,0.0100665587825128,0.714203928296845,0.980229477547778,0.99,0.01,0.99,,,0.01
"2026-06-16 20:40:08",BTCUSDT,0.790236721505466,0.732516266382622,0.0100644638192852,0.722451802563336,0.992594676208177,0.99,0.01,0.99,,,0.01
"2026-06-16 20:40:07",BTCUSDT,0.788744100765875,0.677210847654211,0.000233237107095184,0.676977610547116,0.90700889488972,0.99,0.01,0.99,,,0.01
"2026-06-16 20:40:07",BTCUSDT,0.790817266798979,0.691411650047307,-0.00325961567443298,0.69467126572174,0.964136847528553,0.99,0.01,0.99,,,0.01
"2026-06-16 20:40:07",BTCUSDT,0.791401364210049,0.70391036431765,-0.000415076472586781,0.704325440790237,0.984038093074965,0.99,0.01,0.99,,,0.01
"2026-06-16 20:40:06",BTCUSDT,0.812293707821412,0.593530863588695,0.00163499809263898,0.591895865496056,0.575803543938644,0.99,0.01,0.99,,,0.01
"2026-06-16 20:40:06",BTCUSDT,0.812256412042387,0.620871557145406,-0.00192639317791766,0.622797950323324,0.701299247661336,0.99,0.01,0.99,,,0.01
"2026-06-16 20:40:06",BTCUSDT,0.944119306231087,0.661277525781117,-0.00206301508516347,0.66334054086628,0.866059434955871,0.99,0.01,0.99,,,0.01
"2026-06-16 20:40:05",BTCUSDT,0.67760194650599,0.509653663140663,0.00167129393854766,0.507982369202116,0.223134857807121,0.99,0.01,0.99,,,0.01
"2026-06-16 20:40:05",BTCUSDT,0.734683766938771,0.537782426115427,0.0015329233866556,0.536249502728771,0.344372610524978,0.99,0.01,0.99,,,0.01
"2026-06-16 20:40:05",BTCUSDT,0.733755246778467,0.562279028698307,-0.0018579853752684,0.564137014073575,0.461610008715141,0.99,0.01,0.99,,,0.01
"2026-06-16 20:40:04",BTCUSDT,0.991931790857561,0.407230620581041,0.00480621170920292,0.402424408871838,-0.248236313055396,0.99,0.01,0.99,,,0.01
"2026-06-16 20:40:04",BTCUSDT,0.741867124688944,0.449060183594529,0.00446646328973568,0.444593720304793,-0.0567765041495378,0.99,0.01,0.99,,,0.01
"2026-06-16 20:40:04",BTCUSDT,0.741867124688944,0.485661051231331,0.00167113349418428,0.483989917737147,0.119259605400131,0.99,0.01,0.99,,,0.01
"2026-06-16 20:40:03",BTCUSDT,0.167880345236774,0.121066960161977,0.0118015962137703,0.109265363948207,-1.62632102185235,0.99,0.01,0.99,,,0.01
"2026-06-16 20:40:03",BTCUSDT,0.973531966501139,0.227625085954373,0.00429240115254321,0.223332684801829,-1.07825323371308,0.99,0.01,0.99,,,0.01
"2026-06-16 20:40:03",BTCUSDT,0.996239454080268,0.32370188197011,0.00463636649113156,0.319065515478978,-0.630930214109185,0.99,0.01,0.99,,,0.01
"2026-06-16 20:40:02",BTCUSDT,0.16739584340811,0.0981441800136064,0.00709691192028588,0.0910472680933206,-1.8800984956411,0.99,0.01,0.99,,,0.01
"2026-06-16 20:40:02",BTCUSDT,0.167329430705602,0.106792336350106,0.00574619110015262,0.101046145249953,-1.76975390521962,0.99,0.01,0.99,,,0.01
"2026-06-16 20:40:02",BTCUSDT,0.167488315331025,0.114379333722721,0.00508175416557277,0.109297579557148,-1.67621446804699,0.99,0.01,0.99,,,0.01
"2026-06-16 20:40:01",BTCUSDT,0.17685734949816,0.0608538627594173,0.00110412119655934,0.0597497415628579,-2.28757354767193,0.99,0.01,0.99,,,0.01
"2026-06-16 20:40:01",BTCUSDT,0.168864723669454,0.0743552203731718,0.00546934299971778,0.0688858773734541,-2.14321047678027,0.99,0.01,0.99,,,0.01
"2026-06-16 20:40:01",BTCUSDT,0.185522139331502,0.0882510852429631,0.005728202229186,0.0825228830137771,-1.99287696097587,0.99,0.01,0.99,,,0.01
"2026-06-16 20:40:00",BTCUSDT,-0.16625885510192,0.102424958035624,0.000924052464235242,0.101500905571388,-2.43309423322913,0.99,0.01,0.99,,,0.01
"2026-06-16 20:40:00",BTCUSDT,-0.166563094921039,0.0688014514160409,0.00104417552325316,0.0677572758927877,-2.49209163152386,0.99,0.01,0.99,,,0.01
"2026-06-16 20:40:00",BTCUSDT,-0.127354671252654,0.044281936082454,0.00104417552325316,0.0432377605592008,-2.49090653739741,0.99,0.01,0.99,,,0.01
"2026-06-16 20:39:59",BTCUSDT,-0.171645785425422,0.236967877818567,0.00105653493721775,0.235911342881349,-1.92552147821638,0.99,0.01,0.99,,,0.01
"2026-06-16 20:39:59",BTCUSDT,-0.173343789084989,0.185678919455622,0.00105653493721775,0.184622384518405,-2.16299021239224,0.99,0.01,0.99,,,0.01
"2026-06-16 20:39:59",BTCUSDT,-0.173285556890032,0.140808359912416,0.00105653493721775,0.139751824975198,-2.33014056651009,0.99,0.01,0.99,,,0.01
"2026-06-16 20:39:58",BTCUSDT,-0.0880328602142263,0.426224672502058,0.00105653493721775,0.425168137564841,-0.804349467490509,0.99,0.01,0.99,,,0.01
"2026-06-16 20:39:58",BTCUSDT,-0.0878131116165672,0.36196994948723,0.00105653493721775,0.360913414550012,-1.20966342532024,0.99,0.01,0.99,,,0.01
"2026-06-16 20:39:58",BTCUSDT,-0.171059580154659,0.295341258281994,0.00105653493721775,0.294284723344776,-1.60987708178582,0.99,0.01,0.99,,,0.01
"2026-06-16 20:39:57",BTCUSDT,0.69966084007305,0.808196530965519,0.00118905248564689,0.807007478479872,1.68340044601944,0.99,0.01,0.99,,,0.01
"2026-06-16 20:39:57",BTCUSDT,-0.0171558279648936,0.705027486099218,0.00111676583747068,0.703910720261747,1.01470810931899,0.99,0.01,0.99,,,0.01
"2026-06-16 20:39:57",BTCUSDT,-0.171390595785412,0.595475225863639,0.00111676583747068,0.594358460026168,0.300815692104398,0.99,0.01,0.99,,,0.01
"2026-06-16 20:39:57",BTCUSDT,-0.170806306496107,0.499690034318671,0.00105653493721775,0.498633499381453,-0.327097506167108,0.99,0.01,0.99,,,0.01
"2026-06-16 20:39:56",BTCUSDT,0.805110856269113,0.851436917647603,0.00138789460523011,0.850049023042373,1.96892904772542,0.99,0.01,0.99,,,0.01
"2026-06-16 20:39:56",BTCUSDT,0.771352905540624,0.84142641613423,0.00138789460523011,0.840038521529,1.89585255583264,0.99,0.01,0.99,,,0.01
"2026-06-16 20:39:56",BTCUSDT,0.699628124375934,0.823701629664443,0.00124929933388964,0.822452330330554,1.78632626578659,0.99,0.01,0.99,,,0.01
"2026-06-16 20:39:55",BTCUSDT,0.943311860864987,0.830979268639621,0.00138789460523011,0.829591374034391,1.95946749038751,0.99,0.01,0.99,,,0.01
"2026-06-16 20:39:55",BTCUSDT,0.943285148412984,0.845017503611291,0.00138789460523011,0.843629609006061,1.9920623691087,0.99,0.01,0.99,,,0.01
"2026-06-16 20:39:55",BTCUSDT,0.949316886048628,0.858054926415958,0.00138789460523011,0.856667031810728,2.02282404514511,0.99,0.01,0.99,,,0.01
"2026-06-16 20:39:54",BTCUSDT,0.93142684255608,0.777330039835565,0.00138789460523011,0.775942145230335,1.77119886908469,0.99,0.01,0.99,,,0.01
"2026-06-16 20:39:54",BTCUSDT,0.93142684255608,0.796592140175629,0.00138789460523011,0.795204245570399,1.84671650346694,0.99,0.01,0.99,,,0.01
"2026-06-16 20:39:54",BTCUSDT,0.943309062487145,0.814931755464568,0.00138789460523011,0.813543860859338,1.9119863330442,0.99,0.01,0.99,,,0.01
"2026-06-16 20:39:53",BTCUSDT,0.76538664254395,0.702350921517142,0.000930924846529354,0.701419996670613,1.39891491372398,0.99,0.01,0.99,,,0.01
"2026-06-16 20:39:53",BTCUSDT,0.926474037482944,0.730366311012868,0.000997091090150407,0.729369219922717,1.55032067925538,0.99,0.01,0.99,,,0.01
"2026-06-16 20:39:53",BTCUSDT,0.929965509913857,0.755316210875491,0.00132779089023871,0.753988419985252,1.67278632220198,0.99,0.01,0.99,,,0.01
"2026-06-16 20:39:52",BTCUSDT,0.931121332924461,0.621259952127829,0.00080458313097323,0.620455368996856,0.931967780765765,0.99,0.01,0.99,,,0.01
"2026-06-16 20:39:52",BTCUSDT,0.931191272560741,0.660001367181943,0.00080458313097323,0.65919678405097,1.17548999059345,0.99,0.01,0.99,,,0.01
"2026-06-16 20:39:52",BTCUSDT,0.926756977832899,0.693345818513313,0.00080458313097323,0.69254123538234,1.37490783285177,0.99,0.01,0.99,,,0.01
"2026-06-16 20:39:51",BTCUSDT,0.444966116425739,0.56573064022018,0.00080458313097323,0.564926057089207,0.579969499269751,0.99,0.01,0.99,,,0.01
"2026-06-16 20:39:51",BTCUSDT,0.436498931071712,0.549576676576621,0.00080458313097323,0.548772093445648,0.4607629917622,0.99,0.01,0.99,,,0.01
"2026-06-16 20:39:51",BTCUSDT,0.768915588647276,0.576994040585453,0.00080458313097323,0.57618945745448,0.645153057591196,0.99,0.01,0.99,,,0.01
"2026-06-16 20:39:50",BTCUSDT,0.60872240506605,0.575197955275223,0.00080458313097323,0.57439337214425,0.678642828190104,0.99,0.01,0.99,,,0.01
"2026-06-16 20:39:50",BTCUSDT,0.608857276518257,0.579405370430602,0.00080458313097323,0.578600787299629,0.696872199576904,0.99,0.01,0.99,,,0.01
"2026-06-16 20:39:50",BTCUSDT,0.608024127369443,0.582982715047957,0.00080458313097323,0.582178131916984,0.710989037026223,0.99,0.01,0.99,,,0.01
"2026-06-16 20:39:49",BTCUSDT,0.608448171053359,0.558815160668392,0.00080458313097323,0.558010577537418,0.592179256078837,0.99,0.01,0.99,,,0.01
"2026-06-16 20:39:49",BTCUSDT,0.608454727986108,0.565020106583106,0.00080458313097323,0.564215523452133,0.62809242457112,0.99,0.01,0.99,,,0.01
"2026-06-16 20:39:49",BTCUSDT,0.608129239216238,0.570408748162248,0.00080458313097323,0.569604165031274,0.655854283287813,0.99,0.01,0.99,,,0.01
"2026-06-16 20:39:48",BTCUSDT,0.609146337386933,0.523776446548225,0.00080458313097323,0.522971863417252,0.365591457088258,0.99,0.01,0.99,,,0.01
"2026-06-16 20:39:48",BTCUSDT,0.608448171053359,0.534360412111367,0.00080458313097323,0.533555828980394,0.438437356717419,0.99,0.01,0.99,,,0.01
"2026-06-16 20:39:48",BTCUSDT,0.608448171053359,0.543621381979116,0.00080458313097323,0.542816798848143,0.499702710695333,0.99,0.01,0.99,,,0.01
"2026-06-16 20:39:48",BTCUSDT,0.608448171053359,0.551724730613396,0.00080458313097323,0.550920147482423,0.550003375985236,0.99,0.01,0.99,,,0.01
"2026-06-16 20:39:47",BTCUSDT,0.607204295294797,0.482308233335201,0.00080458313097323,0.481503650204227,0.0726523488947788,0.99,0.01,0.99,,,0.01
"2026-06-16 20:39:47",BTCUSDT,0.607204295294797,0.49792024108015,0.00080458313097323,0.497115657949177,0.183974153872184,0.99,0.01,0.99,,,0.01
"2026-06-16 20:39:47",BTCUSDT,0.607204295294797,0.511580747856981,0.00080458313097323,0.510776164726008,0.280882826300995,0.99,0.01,0.99,,,0.01
"2026-06-16 20:39:46",BTCUSDT,0.459543202072523,0.436516463385977,0.00080458313097323,0.435711880255004,-0.264362881868164,0.99,0.01,0.99,,,0.01
"2026-06-16 20:39:46",BTCUSDT,0.496951997063965,0.444070905095726,0.00080458313097323,0.443266321964752,-0.20633954308801,0.99,0.01,0.99,,,0.01
"2026-06-16 20:39:46",BTCUSDT,0.607231174486272,0.464465938769544,0.00080458313097323,0.463661355638571,-0.0574417971550979,0.99,0.01,0.99,,,0.01
"2026-06-16 20:39:45",BTCUSDT,0.609196516622929,0.41137989077395,0.00080458313097323,0.410575307642977,-0.461412613222208,0.99,0.01,0.99,,,0.01
"2026-06-16 20:39:45",BTCUSDT,0.497172733832641,0.422103996156286,0.00080458313097323,0.421299413025313,-0.377727202562568,0.99,0.01,0.99,,,0.01
"2026-06-16 20:39:45",BTCUSDT,0.51108746120919,0.433226929287899,0.00080458313097323,0.432422346156926,-0.29301010373198,0.99,0.01,0.99,,,0.01
"2026-06-16 20:39:44",BTCUSDT,0.347863878317417,0.356315188250548,0.000955273896678616,0.355359914353869,-0.915434337744029,0.99,0.01,0.99,,,0.01
"2026-06-16 20:39:44",BTCUSDT,0.347863878317417,0.355258774508906,0.00080458313097323,0.354454191377933,-0.899119302953534,0.99,0.01,0.99,,,0.01
"2026-06-16 20:39:44",BTCUSDT,0.57815156080185,0.383120372795524,0.00080458313097323,0.382315789664551,-0.680485266913136,0.99,0.01,0.99,,,0.01
"2026-06-16 20:39:43",BTCUSDT,0.347849273479809,0.360481480157509,0.00125679160580576,0.359224688551703,-0.957706369186199,0.99,0.01,0.99,,,0.01
"2026-06-16 20:39:43",BTCUSDT,0.347856575980382,0.358903367135368,0.00125679160580576,0.357646575529562,-0.945351560017099,0.99,0.01,0.99,,,0.01
"2026-06-16 20:39:43",BTCUSDT,0.347856575980382,0.357522518240995,0.00125679160580576,0.356265726635189,-0.931886671736803,0.99,0.01,0.99,,,0.01
"2026-06-16 20:39:42",BTCUSDT,0.347872581652049,0.366699718122064,0.000955849584313094,0.365743868537751,-0.983643164151298,0.99,0.01,0.99,,,0.01
"2026-06-16 20:39:42",BTCUSDT,0.347872581652049,0.364346326063312,0.000955849584313094,0.363390476478999,-0.975971406997626,0.99,0.01,0.99,,,0.01
"2026-06-16 20:39:42",BTCUSDT,0.347864366448543,0.362286081111466,0.000955849584313094,0.361330231527153,-0.966572475666184,0.99,0.01,0.99,,,0.01
"2026-06-16 20:39:41",BTCUSDT,0.348006545691756,0.379990845284362,0.000834717654239335,0.379156127630123,-0.983858026996579,0.99,0.01,0.99,,,0.01
"2026-06-16 20:39:41",BTCUSDT,0.347872581652049,0.375976062330323,0.000654134656820308,0.375321927673502,-0.987406362127634,0.99,0.01,0.99,,,0.01
"2026-06-16 20:39:41",BTCUSDT,0.347872581652049,0.372463127245538,0.000654134656820308,0.371808992588718,-0.988430635010921,0.99,0.01,0.99,,,0.01
"2026-06-16 20:39:41",BTCUSDT,0.347872581652049,0.369389309046352,0.00080458313097323,0.368584725915379,-0.987502995417793,0.99,0.01,0.99,,,0.01
"2026-06-16 20:39:40",BTCUSDT,0.348548257419513,0.395754088090776,0.00080472851028265,0.394949359580493,-0.934998795804677,0.99,0.01,0.99,,,0.01
"2026-06-16 20:39:40",BTCUSDT,0.348130144360612,0.389801095124505,0.00080472851028265,0.388996366614223,-0.95753929195302,0.99,0.01,0.99,,,0.01
"2026-06-16 20:39:40",BTCUSDT,0.347872581652049,0.384560030940448,0.000834818200735293,0.383725212739713,-0.973857859587055,0.99,0.01,0.99,,,0.01
"2026-06-16 20:39:39",BTCUSDT,0.350184322220068,0.418512193534734,0.00080472851028265,0.417707465024451,-0.812233358739015,0.99,0.01,0.99,,,0.01
"2026-06-16 20:39:39",BTCUSDT,0.350184322220068,0.4099712096204,0.00080472851028265,0.409166481110118,-0.864216190769165,0.99,0.01,0.99,,,0.01
"2026-06-16 20:39:39",BTCUSDT,0.350183758150563,0.402497778186671,0.00080472851028265,0.401693049676388,-0.904418685396034,0.99,0.01,0.99,,,0.01
"2026-06-16 20:39:38",BTCUSDT,0.353700135528986,0.452047282141533,0.00080472851028265,0.451242553631251,-0.576422868897842,0.99,0.01,0.99,,,0.01
"2026-06-16 20:39:38",BTCUSDT,0.35055542068827,0.439360799459875,0.00080472851028265,0.438556070949593,-0.669988246170555,0.99,0.01,0.99,,,0.01
"2026-06-16 20:39:38",BTCUSDT,0.350660947846931,0.428273318008257,0.00080472851028265,0.427468589497975,-0.74610406759813,0.99,0.01,0.99,,,0.01
"2026-06-16 20:39:37",BTCUSDT,0.363383970593663,0.499957138650059,0.00080472851028265,0.499152410139776,-0.199308201674346,0.99,0.01,0.99,,,0.01
"2026-06-16 20:39:37",BTCUSDT,0.355210151599102,0.481863765268689,0.00080472851028265,0.481059036758406,-0.345883521967282,0.99,0.01,0.99,,,0.01
"2026-06-16 20:39:37",BTCUSDT,0.355728639237209,0.466096874514754,0.00080472851028265,0.465292146004472,-0.469708373258584,0.99,0.01,0.99,,,0.01
"2026-06-16 20:39:36",BTCUSDT,0.423461769224353,0.524080134190489,0.00080472851028265,0.523275405680207,0.0301607232759339,0.99,0.01,0.99,,,0.01
"2026-06-16 20:39:36",BTCUSDT,0.467865778291973,0.517053339703175,0.00080472851028265,0.516248611192892,-0.0416591392840739,0.99,0.01,0.99,,,0.01
"2026-06-16 20:39:36",BTCUSDT,0.536367351914128,0.519467591229544,0.00080472851028265,0.518662862719261,-0.0410651540320936,0.99,0.01,0.99,,,0.01
"2026-06-16 20:39:35",BTCUSDT,0.481478075910478,0.565370403944357,0.00080472851028265,0.564565675434074,0.383726498365228,0.99,0.01,0.99,,,0.01
"2026-06-16 20:39:35",BTCUSDT,0.481478075910478,0.554883862940122,0.00080472851028265,0.554079134429839,0.29053282525441,0.99,0.01,0.99,,,0.01
"2026-06-16 20:39:35",BTCUSDT,0.423446450047218,0.538454186328509,0.00080472851028265,0.537649457818226,0.153387745937276,0.99,0.01,0.99,,,0.01
"2026-06-16 20:39:34",BTCUSDT,0.494211967561692,0.605079359510963,0.00080472851028265,0.60427463100068,0.674660368272857,0.99,0.01,0.99,,,0.01
"2026-06-16 20:39:34",BTCUSDT,0.492858314244754,0.591051728852687,0.00080472851028265,0.590247000342404,0.584459751001482,0.99,0.01,0.99,,,0.01
"2026-06-16 20:39:34",BTCUSDT,0.481478075910478,0.577355022234911,0.00080472851028265,0.576550293724628,0.482584345024966,0.99,0.01,0.99,,,0.01
"2026-06-16 20:39:33",BTCUSDT,0.552916852243057,0.683714788520423,0.00080472851028265,0.68291006001014,0.98747479111226,0.99,0.01,0.99,,,0.01
"2026-06-16 20:39:33",BTCUSDT,0.492803286298669,0.659850850742704,0.00080472851028265,0.659046122232421,0.914123593020867,0.99,0.01,0.99,,,0.01
"2026-06-16 20:39:33",BTCUSDT,0.492760561592095,0.638964564598878,0.00080472851028265,0.638159836088595,0.836654312748924,0.99,0.01,0.99,,,0.01
"2026-06-16 20:39:33",BTCUSDT,0.494588514694726,0.620917558360859,0.00080472851028265,0.620112829850576,0.759291352308819,0.99,0.01,0.99,,,0.01
"2026-06-16 20:39:32",BTCUSDT,0.557509119560298,0.74686511921371,0.00080472851028265,0.746060390703428,1.18122654741813,0.99,0.01,0.99,,,0.01
"2026-06-16 20:39:32",BTCUSDT,0.55719938210818,0.723156902075519,0.00080472851028265,0.722352173565236,1.10606192174075,0.99,0.01,0.99,,,0.01
"2026-06-16 20:39:32",BTCUSDT,0.557103349380313,0.702400207988618,0.00080472851028265,0.701595479478336,1.04232163956159,0.99,0.01,0.99,,,0.01
"2026-06-16 20:39:31",BTCUSDT,0.973267987608013,0.841366425549549,0.000804680044675763,0.840561745504873,1.49063547208796,0.99,0.01,0.99,,,0.01
"2026-06-16 20:39:31",BTCUSDT,0.553656705864436,0.80540271058891,0.00080472851028265,0.804597982078627,1.3717860665715,0.99,0.01,0.99,,,0.01
"2026-06-16 20:39:31",BTCUSDT,0.55350883633407,0.773915976307055,0.00080472851028265,0.773111247796772,1.26867367658358,0.99,0.01,0.99,,,0.01
"2026-06-16 20:39:30",BTCUSDT,0.787445675191686,0.825735299227051,0.000804680044675763,0.824930619182375,1.48006080284462,0.99,0.01,0.99,,,0.01
"2026-06-16 20:39:30",BTCUSDT,0.800039667454506,0.822523345255483,0.000804680044675763,0.821718665210807,1.45075361228579,0.99,0.01,0.99,,,0.01
"2026-06-16 20:39:29",BTCUSDT,0.807365475191177,0.844295951579895,0.548734492126493,0.295561459453402,0.0524187649172715,0.99,0.01,0.99,,,0.01
"2026-06-16 20:39:29",BTCUSDT,0.807392704785633,0.839683045730612,0.550467985040833,0.289215060689779,0.0133451847352811,0.99,0.01,0.99,,,0.01
"2026-06-16 20:39:29",BTCUSDT,0.807392704785633,0.835646753112489,0.550254227413921,0.285392525698568,-0.0214532449913263,0.99,0.01,0.99,,,0.01
"2026-06-16 20:39:29",BTCUSDT,0.80011469235511,0.831205245517817,0.572713722657074,0.258491522860743,-0.123507782697003,0.99,0.01,0.99,,,0.01
"2026-06-16 20:39:28",BTCUSDT,0.806027828091029,0.862799625285104,0.551571272877598,0.311228352407507,0.152218918664567,0.99,0.01,0.99,,,0.01
"2026-06-16 20:39:28",BTCUSDT,0.806027828091029,0.855703150635845,0.550088477580435,0.30561467305541,0.118917905456613,0.99,0.01,0.99,,,0.01
"2026-06-16 20:39:28",BTCUSDT,0.806651816918205,0.84957173392114,0.549694311303128,0.299877422618012,0.0845490482860364,0.99,0.01,0.99,,,0.01
"2026-06-16 20:39:27",BTCUSDT,0.993003993783077,0.863999265839219,0.557954963817755,0.306044302021464,0.191568760401736,0.99,0.01,0.99,,,0.01
"2026-06-16 20:39:27",BTCUSDT,0.993573082410172,0.880195992910588,0.54075340099876,0.339442591911827,0.25814009669129,0.99,0.01,0.99,,,0.01
"2026-06-16 20:39:27",BTCUSDT,0.805907105842808,0.870909882027115,0.54494987940853,0.325960002618586,0.207204078627791,0.99,0.01,0.99,,,0.01
"2026-06-16 20:39:26",BTCUSDT,0.926266034564224,0.800472871429105,0.300482445103827,0.499990426325278,0.703811163275675,0.99,0.01,0.99,,,0.01
"2026-06-16 20:39:26",BTCUSDT,0.992831512744124,0.824517701593482,0.502404334674892,0.32211336691859,0.259089698068478,0.99,0.01,0.99,,,0.01
"2026-06-16 20:39:26",BTCUSDT,0.992936240766393,0.845570018990096,0.543395094872965,0.302174924117131,0.196818166743509,0.99,0.01,0.99,,,0.01
"2026-06-16 20:39:25",BTCUSDT,0.786084833193251,0.781462291059589,0.299753326091577,0.481708964968012,0.704802135909903,0.99,0.01,0.99,,,0.01
"2026-06-16 20:39:25",BTCUSDT,0.786084833193251,0.782040108826297,0.308574911330207,0.47346519749609,0.672800634718204,0.99,0.01,0.99,,,0.01
"2026-06-16 20:39:25",BTCUSDT,0.785738594637196,0.782502419552659,0.289128645153524,0.493373774399135,0.705734574165049,0.99,0.01,0.99,,,0.01
"2026-06-16 20:39:24",BTCUSDT,0.786026761692187,0.77919300791954,0.309398136006939,0.469794871912601,0.686483465974553,0.99,0.01,0.99,,,0.01
"2026-06-16 20:39:24",BTCUSDT,0.786026761692187,0.780047227141121,0.310311125015137,0.469736102125984,0.689616823839227,0.99,0.01,0.99,,,0.01
"2026-06-16 20:39:24",BTCUSDT,0.786084833193251,0.780801927897637,0.308957468773804,0.471844459123833,0.690215523440506,0.99,0.01,0.99,,,0.01
"2026-06-16 20:39:23",BTCUSDT,0.786095753364415,0.775777764190909,0.301418647276638,0.47435911691427,0.669541662072751,0.99,0.01,0.99,,,0.01
"2026-06-16 20:39:23",BTCUSDT,0.786363990495111,0.777101042478934,0.30114273151178,0.475958310967154,0.683558586951199,0.99,0.01,0.99,,,0.01
"2026-06-16 20:39:23",BTCUSDT,0.786026761692187,0.778216757380591,0.291516958319747,0.486699799060844,0.719121734602293,0.99,0.01,0.99,,,0.01
"2026-06-16 20:39:22",BTCUSDT,0.786045424821223,0.770692882703189,0.280627917372518,0.490064965330671,0.669450298897641,0.99,0.01,0.99,,,0.01
"2026-06-16 20:39:22",BTCUSDT,0.78610338969024,0.77261919607657,0.272325623727522,0.500293572349048,0.707461358173728,0.99,0.01,0.99,,,0.01
"2026-06-16 20:39:22",BTCUSDT,0.786095753364415,0.774303765737551,0.283261313558019,0.491042452179532,0.697840470949769,0.99,0.01,0.99,,,0.01
"2026-06-16 20:39:21",BTCUSDT,0.779802598668599,0.759668414601761,0.276314563001703,0.483353851600058,0.596019852310666,0.99,0.01,0.99,,,0.01
"2026-06-16 20:39:21",BTCUSDT,0.787352527207784,0.763128928677514,0.266435312073772,0.496693616603741,0.640271001922872,0.99,0.01,0.99,,,0.01
"2026-06-16 20:39:21",BTCUSDT,0.786046466344515,0.765993620885889,0.283167238910221,0.482826381975667,0.622870799894889,0.99,0.01,0.99,,,0.01
"2026-06-16 20:39:21",BTCUSDT,0.786041953003679,0.768499662400613,0.274801480993351,0.493698181407262,0.663492158491711,0.99,0.01,0.99,,,0.01
"2026-06-16 20:39:20",BTCUSDT,0.779805220201191,0.749756550394738,0.270482842445025,0.479273707949713,0.546517944574793,0.99,0.01,0.99,,,0.01
"2026-06-16 20:39:20",BTCUSDT,0.779805220201191,0.753512634120545,0.264521126399763,0.488991507720782,0.580728539369365,0.99,0.01,0.99,,,0.01
"2026-06-16 20:39:20",BTCUSDT,0.779748381893886,0.756792102592212,0.27511554719726,0.481676555394952,0.577883909640527,0.99,0.01,0.99,,,0.01
"2026-06-16 20:39:19",BTCUSDT,0.747955102405587,0.734951229119838,0.124389884393574,0.610561344726265,0.801820746438648,0.99,0.01,0.99,,,0.01
"2026-06-16 20:39:19",BTCUSDT,0.779805220201191,0.740557978005007,0.134108720270314,0.606449257734693,0.800992649453815,0.99,0.01,0.99,,,0.01
"2026-06-16 20:39:19",BTCUSDT,0.779805220201191,0.74546388327953,0.259531724524021,0.48593215875551,0.549230280408756,0.99,0.01,0.99,,,0.01
"2026-06-16 20:39:18",BTCUSDT,0.747877081573052,0.728554565828416,0.124259479921876,0.60429508590654,0.772052382456528,0.99,0.01,0.99,,,0.01
"2026-06-16 20:39:18",BTCUSDT,0.747867200506667,0.730968645163197,0.130946950571931,0.600021694591266,0.76723950506618,0.99,0.01,0.99,,,0.01
"2026-06-16 20:39:18",BTCUSDT,0.747967747346901,0.73309353293616,0.121042781378074,0.612050751558086,0.797695416662041,0.99,0.01,0.99,,,0.01
"2026-06-16 20:39:17",BTCUSDT,0.687653534297083,0.727637506515526,0.115144271191748,0.612493235323778,0.785804668855148,0.99,0.01,0.99,,,0.01
"2026-06-16 20:39:17",BTCUSDT,0.687653534297083,0.722639509988221,0.112861606331997,0.609777903656224,0.779464525813896,0.99,0.01,0.99,,,0.01
"2026-06-16 20:39:17",BTCUSDT,0.747877081573052,0.725794206436325,0.119625056089379,0.606169150346945,0.773291303305325,0.99,0.01,0.99,,,0.01
"2026-06-16 20:39:16",BTCUSDT,0.779760774028354,0.719135944009167,0.11954818995052,0.599587754058648,0.767576392636958,0.99,0.01,0.99,,,0.01
"2026-06-16 20:39:16",BTCUSDT,0.77978046043611,0.726716508562535,0.122888557934992,0.603827950627544,0.771812438379797,0.99,0.01,0.99,,,0.01
"2026-06-16 20:39:16",BTCUSDT,0.77978046043611,0.733349502546732,0.103289259715361,0.630060242831371,0.824520690174867,0.99,0.01,0.99,,,0.01
"2026-06-16 20:39:15",BTCUSDT,0.779732165810025,0.68927830413896,0.101067079620556,0.588211224518403,0.767691730828531,0.99,0.01,0.99,,,0.01
"2026-06-16 20:39:15",BTCUSDT,0.779709432196854,0.700582195146197,0.0908151285066086,0.609767066639588,0.804420202030099,0.99,0.01,0.99,,,0.01
"2026-06-16 20:39:15",BTCUSDT,0.779726666028036,0.710475254006427,0.100791343452392,0.609683910554035,0.795685833756572,0.99,0.01,0.99,,,0.01
"2026-06-16 20:39:14",BTCUSDT,0.783292059967557,0.644196641013844,0.0906712958875097,0.553525345126335,0.731413010566697,0.99,0.01,0.99,,,0.01
"2026-06-16 20:39:14",BTCUSDT,0.783268576597743,0.661580632961832,0.0914020122931828,0.570178620668649,0.753908132058628,0.99,0.01,0.99,,,0.01
"2026-06-16 20:39:14",BTCUSDT,0.779786160469067,0.676356323900236,0.0998540799404445,0.576502243959792,0.754241674243462,0.99,0.01,0.99,,,0.01
"2026-06-16 20:39:13",BTCUSDT,0.764743425655728,0.575598834269539,0.103737257428985,0.471861576840554,0.588238985236767,0.99,0.01,0.99,,,0.01
"2026-06-16 20:39:13",BTCUSDT,0.783459354312428,0.6015813992749,0.102600618568352,0.498980780706547,0.636907314209016,0.99,0.01,0.99,,,0.01
"2026-06-16 20:39:13",BTCUSDT,0.783537140096497,0.6243258668776,0.10418487712812,0.52014098974948,0.671227331388158,0.99,0.01,0.99,,,0.01
"2026-06-16 20:39:12",BTCUSDT,0.679552099717474,0.483920430142565,0.0540762920006717,0.429844138141894,0.536754585640794,0.99,0.01,0.99,,,0.01
"2026-06-16 20:39:12",BTCUSDT,0.671783724370754,0.507403341921089,0.0562203037108771,0.451183038210212,0.574739916688799,0.99,0.01,0.99,,,0.01
"2026-06-16 20:39:12",BTCUSDT,0.678902187472981,0.528840697615075,0.0693237703241222,0.459516927290953,0.583174058218338,0.99,0.01,0.99,,,0.01
"2026-06-16 20:39:12",BTCUSDT,0.686740543552281,0.548578178357226,0.0606203738967727,0.487957804460453,0.634896577147727,0.99,0.01,0.99,,,0.01
"2026-06-16 20:39:11",BTCUSDT,0.664311862580653,0.390043891619549,0.0527619747307755,0.337281916888773,0.348701193641579,0.99,0.01,0.99,,,0.01
"2026-06-16 20:39:11",BTCUSDT,0.679507663175336,0.426226863064022,0.0428891356695962,0.383337727394426,0.447220165651126,0.99,0.01,0.99,,,0.01
"2026-06-16 20:39:11",BTCUSDT,0.664196348749615,0.455973048774721,0.0626217106994462,0.393351338075275,0.463203047284354,0.99,0.01,0.99,,,0.01
"2026-06-16 20:39:10",BTCUSDT,0.682789417916235,0.268863878441574,0.0321106548560507,0.236753223585524,0.129461651508742,0.99,0.01,0.99,,,0.01
"2026-06-16 20:39:10",BTCUSDT,0.569295581235671,0.306417841290836,0.0190484649458768,0.28736937634496,0.241980053111885,0.99,0.01,0.99,,,0.01
"2026-06-16 20:39:10",BTCUSDT,0.661977134250702,0.35086275291082,0.0550749446349132,0.295787808275906,0.259010681319783,0.99,0.01,0.99,,,0.01
"2026-06-16 20:39:09",BTCUSDT,0.684420998266131,0.0645197853537393,0.0167545362303254,0.0477652491234138,-0.303875248944406,0.99,0.01,0.99,,,0.01
"2026-06-16 20:39:09",BTCUSDT,0.685322452902824,0.142120118797375,0.0211732232310333,0.120946895566342,-0.134256444892613,0.99,0.01,0.99,,,0.01
"2026-06-16 20:39:09",BTCUSDT,0.683012436551358,0.209731658516623,0.0217653552572098,0.187966303259413,0.0189311579129769,0.99,0.01,0.99,,,0.01
"2026-06-16 20:39:08",BTCUSDT,0.411072275773395,-0.24138129950131,0.0430443191037295,-0.28442561860504,-1.09014558318253,0.99,0.01,0.99,,,0.01
"2026-06-16 20:39:08",BTCUSDT,0.687770296626698,-0.125237349985309,0.0403486071302461,-0.165585957115555,-0.803754465281664,0.99,0.01,0.99,,,0.01
"2026-06-16 20:39:08",BTCUSDT,0.684361203684346,-0.0240375307766024,0.0391542192663302,-0.0631917500429326,-0.560911311810433,0.99,0.01,0.99,,,0.01
"2026-06-16 20:39:07",BTCUSDT,-0.467750524788324,-0.441487594182252,0.0340448895428739,-0.475532483725126,-1.64130576261297,0.99,0.01,0.99,,,0.01
"2026-06-16 20:39:07",BTCUSDT,-0.46804834950526,-0.444807688597628,0.0357531186266793,-0.480560807224307,-1.60186326509228,0.99,0.01,0.99,,,0.01
"2026-06-16 20:39:07",BTCUSDT,0.436942195287533,-0.334588953111983,0.0314824556323436,-0.366071408744326,-1.30267807075094,0.99,0.01,0.99,,,0.01
"2026-06-16 20:39:06",BTCUSDT,-0.466214789773095,-0.428843425444304,0.0475177136335536,-0.476361139077857,-1.81457649388753,0.99,0.01,0.99,,,0.01
"2026-06-16 20:39:06",BTCUSDT,-0.466609981952864,-0.433564245007874,0.0475580192331789,-0.481122264241053,-1.76539740141578,0.99,0.01,0.99,,,0.01
"2026-06-16 20:39:06",BTCUSDT,-0.466936260567386,-0.437735746952813,0.0438916695443579,-0.481627416497171,-1.70904213451565,0.99,0.01,0.99,,,0.01
"2026-06-16 20:39:05",BTCUSDT,-0.464862326238023,-0.410726836706475,0.0427974859439984,-0.453524322650474,-1.95146811716297,0.99,0.01,0.99,,,0.01
"2026-06-16 20:39:05",BTCUSDT,-0.465245545635088,-0.417541675322552,0.0460861131174126,-0.463627788439965,-1.91124651359352,0.99,0.01,0.99,,,0.01
"2026-06-16 20:39:05",BTCUSDT,-0.465245545635088,-0.423504659111619,0.045459204047254,-0.468963863158873,-1.85946485116911,0.99,0.01,0.99,,,0.01
"2026-06-16 20:39:04",BTCUSDT,-0.463302674974576,-0.373230913270683,0.0385940504610071,-0.41182496373169,-2.08625042968142,0.99,0.01,0.99,,,0.01
"2026-06-16 20:39:04",BTCUSDT,-0.462977994354646,-0.384449298406178,0.030041967721658,-0.414491266127836,-2.03112737766316,0.99,0.01,0.99,,,0.01
"2026-06-16 20:39:04",BTCUSDT,-0.463569925344408,-0.394339376773457,0.0200090315660294,-0.414348408339486,-1.97160623163862,0.99,0.01,0.99,,,0.01
"2026-06-16 20:39:04",BTCUSDT,-0.463569925344408,-0.402993195344826,0.0300763006692802,-0.433069496014106,-1.96147580020395,0.99,0.01,0.99,,,0.01
"2026-06-16 20:39:03",BTCUSDT,-0.46201622848262,-0.329220210696296,0.0138425495718009,-0.343062760268097,-2.06192434105342,0.99,0.01,0.99,,,0.01
"2026-06-16 20:39:03",BTCUSDT,-0.462098325022736,-0.345829974987101,0.0179845054539219,-0.363814480441023,-2.0671804070642,0.99,0.01,0.99,,,0.01
"2026-06-16 20:39:03",BTCUSDT,-0.462098325022736,-0.360363518741555,0.0165457873979759,-0.376909306139531,-2.0474461089292,0.99,0.01,0.99,,,0.01
"2026-06-16 20:39:02",BTCUSDT,-0.46202880922616,-0.26379368181814,0.0439746488162245,-0.307768330634364,-2.11729531852766,0.99,0.01,0.99,,,0.01
"2026-06-16 20:39:02",BTCUSDT,-0.46202880922616,-0.288573072744143,0.0282491030794187,-0.316822175823561,-2.09369032502707,0.99,0.01,0.99,,,0.01
"2026-06-16 20:39:02",BTCUSDT,-0.461983298891285,-0.310249351012535,0.033772743744328,-0.344022094756863,-2.12243670976521,0.99,0.01,0.99,,,0.01
"2026-06-16 20:39:01",BTCUSDT,-0.459752741054911,-0.203428730822089,0.0172254156540587,-0.220654146476147,-1.9123497723839,0.99,0.01,0.99,,,0.01
"2026-06-16 20:39:01",BTCUSDT,-0.459793907467047,-0.235474377902708,0.0120832989854235,-0.247557676888132,-1.96657702159186,0.99,0.01,0.99,,,0.01
"2026-06-16 20:39:00",BTCUSDT,-0.955092214820138,-0.077120190077099,0.0214845203909981,-0.0986047104680971,-1.54259914884504,0.99,0.01,0.99,,,0.01
"2026-06-16 20:39:00",BTCUSDT,-0.459818608428842,-0.124957492371067,0.0119795624382324,-0.136937054809299,-1.67045760212329,0.99,0.01,0.99,,,0.01
"2026-06-16 20:39:00",BTCUSDT,-0.459785673998872,-0.166811015074543,0.0172252114477351,-0.184036226522278,-1.81548863254122,0.99,0.01,0.99,,,0.01
"2026-06-16 20:38:59",BTCUSDT,-0.700262490792072,0.390454706139738,0.0257192377269961,0.364735468412742,0.111895225461267,0.99,0.01,0.99,,,0.01
"2026-06-16 20:38:59",BTCUSDT,-0.648645931206163,0.260567126471501,0.0197474776642004,0.2408196488073,-0.325505611920724,0.99,0.01,0.99,,,0.01
"2026-06-16 20:38:59",BTCUSDT,-0.644990106134197,0.147372472395788,0.00141265549399869,0.14595981690179,-0.671110686233913,0.99,0.01,0.99,,,0.01
"2026-06-16 20:38:59",BTCUSDT,-0.645172227680981,0.0483043848861922,0.0132241521848627,0.0350802327013296,-1.07362044798946,0.99,0.01,0.99,,,0.01
"2026-06-16 20:38:58",BTCUSDT,0.513736814868292,0.667884061138463,-0.005701964093189,0.673586025231652,1.17428947852507,0.99,0.01,0.99,,,0.01
"2026-06-16 20:38:58",BTCUSDT,0.513736814868292,0.648615655354691,0.00580538279023397,0.642810272564457,1.05666053764747,0.99,0.01,0.99,,,0.01
"2026-06-16 20:38:58",BTCUSDT,-0.170137999014293,0.546271448558568,0.00697541248813565,0.539296036070433,0.704799095261095,0.99,0.01,0.99,,,0.01
"2026-06-16 20:38:57",BTCUSDT,0.483753646774104,0.746444861900103,0.0100299996084472,0.736414862291656,1.42631449089421,0.99,0.01,0.99,,,0.01
"2026-06-16 20:38:57",BTCUSDT,0.496175628091199,0.71516120767399,0.00435851942078046,0.710802688253209,1.33016762498877,0.99,0.01,0.99,,,0.01
"2026-06-16 20:38:57",BTCUSDT,0.513112316841395,0.689905096319915,0.00828174226506366,0.681623354054852,1.22025931542511,0.99,0.01,0.99,,,0.01
"2026-06-16 20:38:56",BTCUSDT,0.789994947177141,0.783579013328377,-0.0273907717903749,0.810969785118752,1.68433750142143,0.99,0.01,0.99,,,0.01
"2026-06-16 20:38:56",BTCUSDT,0.789624363219266,0.784334682064738,0.000193529298419336,0.784141152766319,1.59949575421433,0.99,0.01,0.99,,,0.01
"2026-06-16 20:38:56",BTCUSDT,0.781434652320223,0.783972178346674,0.0108195351386383,0.773152643208036,1.55315095796489,0.99,0.01,0.99,,,0.01
"2026-06-16 20:38:55",BTCUSDT,0.791069468048307,0.780089506228644,-0.0267377180696451,0.806827224298289,1.69720641165074,0.99,0.01,0.99,,,0.01
"2026-06-16 20:38:55",BTCUSDT,0.791069468048307,0.781462001456102,-0.0156092337890374,0.797071235245139,1.65997888216217,0.99,0.01,0.99,,,0.01
"2026-06-16 20:38:55",BTCUSDT,0.79106560060715,0.782662451349983,-0.0111967291865296,0.793859180536512,1.64168464624577,0.99,0.01,0.99,,,0.01
"2026-06-16 20:38:54",BTCUSDT,0.848982676971015,0.773108338962874,0.000242692194532392,0.772865646768342,1.68566703341574,0.99,0.01,0.99,,,0.01
"2026-06-16 20:38:54",BTCUSDT,0.791118373501987,0.775359593280263,-0.0116981202811429,0.787057713561406,1.69078568718743,0.99,0.01,0.99,,,0.01
"2026-06-16 20:38:54",BTCUSDT,0.800650369073404,0.778520940254406,-0.0169706736397221,0.795491613894128,1.68619000331933,0.99,0.01,0.99,,,0.01
"2026-06-16 20:38:53",BTCUSDT,0.853234182882871,0.735681546595359,-0.0271471474400792,0.762828694035438,1.76914233743979,0.99,0.01,0.99,,,0.01
"2026-06-16 20:38:53",BTCUSDT,0.849121978482273,0.749861600581223,-0.0230239872640207,0.772885587845244,1.75220979563608,0.99,0.01,0.99,,,0.01
"2026-06-16 20:38:53",BTCUSDT,0.849121978482273,0.762269147818854,-0.0138850775469092,0.776154225365763,1.72411052060522,0.99,0.01,0.99,,,0.01
"2026-06-16 20:38:52",BTCUSDT,0.854350250057633,0.65273800911396,0.0103064835519585,0.642431525562001,1.66111455491113,0.99,0.01,0.99,,,0.01
"2026-06-16 20:38:52",BTCUSDT,0.853146029869773,0.677789011708436,0.0107158980993886,0.667073113609048,1.67265981500214,0.99,0.01,0.99,,,0.01
"2026-06-16 20:38:52",BTCUSDT,0.853146029869773,0.699708638978603,0.00218875001334595,0.697519888965258,1.69965470236536,0.99,0.01,0.99,,,0.01
"2026-06-16 20:38:52",BTCUSDT,0.853146029869773,0.71888831284,0.011664848737675,0.707223464102325,1.67946045861612,0.99,0.01,0.99,,,0.01
"2026-06-16 20:38:51",BTCUSDT,0.854282550549594,0.553422089956127,0.013332115344398,0.540089974611729,1.55740134403115,0.99,0.01,0.99,,,0.01
"2026-06-16 20:38:51",BTCUSDT,0.854282550549594,0.59102964753031,-0.0013468024713367,0.592376450001647,1.63698805460137,0.99,0.01,0.99,,,0.01
"2026-06-16 20:38:51",BTCUSDT,0.854282550549594,0.623936260407721,0.0255629189102981,0.598373341497422,1.60264569421405,0.99,0.01,0.99,,,0.01
"2026-06-16 20:38:50",BTCUSDT,0.853592252198834,0.405305879016122,0.0117117507215948,0.393594128294527,1.30585927728303,0.99,0.01,0.99,,,0.01
"2026-06-16 20:38:50",BTCUSDT,0.853595008070474,0.461342020147916,0.0180633768762069,0.443278643271709,1.39916664763196,0.99,0.01,0.99,,,0.01
"2026-06-16 20:38:50",BTCUSDT,0.854142052221066,0.51044202415706,0.0280881318031399,0.48235389235392,1.45799087151019,0.99,0.01,0.99,,,0.01
"2026-06-16 20:38:49",BTCUSDT,0.808271136669522,0.19235616933014,0.0108817398547572,0.181474429475383,0.788976598179502,0.99,0.01,0.99,,,0.01
"2026-06-16 20:38:49",BTCUSDT,0.812529516705445,0.269877837752053,0.0213656043591613,0.248512233392892,0.964753514533903,0.99,0.01,0.99,,,0.01
"2026-06-16 20:38:49",BTCUSDT,0.84097488422722,0.341264968561449,-0.00209358772378309,0.343358556285232,1.200920896132,0.99,0.01,0.99,,,0.01
"2026-06-16 20:38:48",BTCUSDT,0.130826327083407,0.0813974021463618,-0.046849118807301,0.128246520953663,0.611297529278937,0.99,0.01,0.99,,,0.01
"2026-06-16 20:38:48",BTCUSDT,0.136063995875526,0.0882307263625073,-0.054690365772521,0.142921092135028,0.665230601390114,0.99,0.01,0.99,,,0.01
"2026-06-16 20:38:48",BTCUSDT,0.217331450287135,0.104368316853086,-0.0440415957973605,0.148409912650446,0.692598591002524,0.99,0.01,0.99,,,0.01
"2026-06-16 20:38:47",BTCUSDT,0.00127384974163613,0.0689666280146635,-0.0480628348360216,0.117029462850685,0.517847071312252,0.99,0.01,0.99,,,0.01
"2026-06-16 20:38:47",BTCUSDT,0.0918764910149491,0.0718303608896992,-0.0579226958296896,0.129753056719389,0.574144926097088,0.99,0.01,0.99,,,0.01
"2026-06-16 20:38:47",BTCUSDT,0.0918764910149491,0.0743361271553554,-0.0596580929245998,0.133994220079955,0.607334009594265,0.99,0.01,0.99,,,0.01
"2026-06-16 20:38:46",BTCUSDT,-0.0855703996503298,0.108593325979807,-0.0523660988831383,0.160959424862945,0.536799619148681,0.99,0.01,0.99,,,0.01
"2026-06-16 20:38:46",BTCUSDT,-0.0194807047287577,0.0925840721412365,-0.0465016422578395,0.139085714399076,0.514638068774175,0.99,0.01,0.99,,,0.01
"2026-06-16 20:38:46",BTCUSDT,-0.0189923057021735,0.0786370249108103,-0.0585715345518117,0.137208559462622,0.539643674007602,0.99,0.01,0.99,,,0.01
"2026-06-16 20:38:45",BTCUSDT,0.113131947190146,0.175849748589963,-0.0300637029158511,0.205913451505814,0.558285608690981,0.99,0.01,0.99,,,0.01
"2026-06-16 20:38:45",BTCUSDT,0.113237100299209,0.168023167553618,-0.0450591671529458,0.213082334706564,0.599170677374471,0.99,0.01,0.99,,,0.01
"2026-06-16 20:38:45",BTCUSDT,-0.0855141643167152,0.136331001069827,-0.0461952177352907,0.182526218805117,0.557728413759084,0.99,0.01,0.99,,,0.01
"2026-06-16 20:38:44",BTCUSDT,0.113575429131827,0.219909173976967,-0.0332095588923123,0.25311873286928,0.563458444421765,0.99,0.01,0.99,,,0.01
"2026-06-16 20:38:44",BTCUSDT,0.113575429131827,0.206617455871325,-0.0419434624658789,0.248560918337204,0.575556939354465,0.99,0.01,0.99,,,0.01
"2026-06-16 20:38:44",BTCUSDT,0.113577609055545,0.194987475019352,-0.0309046345457803,0.225892109565133,0.55121746748112,0.99,0.01,0.99,,,0.01
"2026-06-16 20:38:44",BTCUSDT,0.113563150898311,0.184809434504222,-0.0441183018799733,0.228927736384196,0.583445284604501,0.99,0.01,0.99,,,0.01
"2026-06-16 20:38:43",BTCUSDT,0.114565698658679,0.271414760092479,-0.0294115806925893,0.300826340785068,0.60566462871833,0.99,0.01,0.99,,,0.01
"2026-06-16 20:38:43",BTCUSDT,0.118951303190127,0.252356827979685,-0.0193273172110848,0.27168414519077,0.56317776698481,0.99,0.01,0.99,,,0.01
"2026-06-16 20:38:43",BTCUSDT,0.114299875780958,0.235099708954844,-0.0421509783828625,0.277250687337707,0.592500633610456,0.99,0.01,0.99,,,0.01
"2026-06-16 20:38:42",BTCUSDT,0.137203401766744,0.367862645162742,-0.0211165062092361,0.388979151371978,0.739082642377572,0.99,0.01,0.99,,,0.01
"2026-06-16 20:38:42",BTCUSDT,0.0519050440966291,0.328367945029478,-0.0282935185643452,0.356661463593823,0.688592537491905,0.99,0.01,0.99,,,0.01
"2026-06-16 20:38:42",BTCUSDT,0.0519985357435459,0.293821768868736,-0.0182777534497032,0.312099522318439,0.614529023155595,0.99,0.01,0.99,,,0.01
"2026-06-16 20:38:41",BTCUSDT,0.554396839866302,0.31938141737343,-0.0383824867644357,0.357763904137865,0.64552611439932,0.99,0.01,0.99,,,0.01
"2026-06-16 20:38:41",BTCUSDT,0.554396839866302,0.348758345185039,-0.0220933078115191,0.370851652996558,0.68195193019597,0.99,0.01,0.99,,,0.01
"2026-06-16 20:38:41",BTCUSDT,0.765203308887805,0.400813965647884,-0.0224915468780149,0.423305512525899,0.794138028290126,0.99,0.01,0.99,,,0.01
"2026-06-16 20:38:40",BTCUSDT,0.551531510960334,0.203618155149469,-0.0393141444720813,0.24293229962155,0.394783780429813,0.99,0.01,0.99,,,0.01
"2026-06-16 20:38:40",BTCUSDT,0.554293911690333,0.247452624717077,-0.0374904612057035,0.28494308592278,0.484998542189218,0.99,0.01,0.99,,,0.01
"2026-06-16 20:38:40",BTCUSDT,0.554293911690333,0.285807785588734,-0.038543907054361,0.324351692643095,0.571020806863863,0.99,0.01,0.99,,,0.01
"2026-06-16 20:38:39",BTCUSDT,0.13203359950223,-0.0212874520766426,-0.0850137509905375,0.0637262989138949,0.0278497463149777,0.99,0.01,0.99,,,0.01
"2026-06-16 20:38:39",BTCUSDT,0.726978259236581,0.0722457618375103,-0.0380466786011086,0.110292440438619,0.125735070584302,0.99,0.01,0.99,,,0.01
"2026-06-16 20:38:39",BTCUSDT,0.725609644549329,0.153916247176488,-0.0304204556425032,0.184336702818991,0.274857261291328,0.99,0.01,0.99,,,0.01
"2026-06-16 20:38:38",BTCUSDT,-0.0244877590996775,-0.0639457191828715,-0.0711643191547256,0.00721859997185405,-0.11243274682294,0.99,0.01,0.99,,,0.01
"2026-06-16 20:38:38",BTCUSDT,-0.0244645083636353,-0.059010567830467,-0.0833290305223943,0.0243184626919273,-0.0691011954285854,0.99,0.01,0.99,,,0.01
"2026-06-16 20:38:38",BTCUSDT,0.0675502992528458,-0.0431904594450529,-0.0731060655388396,0.0299156060937867,-0.0464005596485186,0.99,0.01,0.99,,,0.01
"2026-06-16 20:38:37",BTCUSDT,-0.0245735822073918,-0.0833799875302327,-0.0816824032499384,-0.00169758428029428,-0.165083885641948,0.99,0.01,0.99,,,0.01
"2026-06-16 20:38:37",BTCUSDT,-0.0245110087274385,-0.0760213651798834,-0.0727148770630929,-0.00330648811679055,-0.155791644672105,0.99,0.01,0.99,,,0.01
"2026-06-16 20:38:37",BTCUSDT,-0.0245110087274385,-0.0695825706233278,-0.0729173331279925,0.0033347625046647,-0.131796473838028,0.99,0.01,0.99,,,0.01
"2026-06-16 20:38:36",BTCUSDT,-0.0245663168400903,-0.112354572077055,-0.0713669031549273,-0.0409876689221279,-0.270469326271444,0.99,0.01,0.99,,,0.01
"2026-06-16 20:38:36",BTCUSDT,-0.0245735822073918,-0.101381948343347,-0.0727835471744584,-0.0285984011688889,-0.236672698430194,0.99,0.01,0.99,,,0.01
"2026-06-16 20:38:36",BTCUSDT,-0.0245735822073918,-0.0917809025763529,-0.0734099464093591,-0.0183709561669937,-0.206613063558405,0.99,0.01,0.99,,,0.01
"2026-06-16 20:38:35",BTCUSDT,-0.0245791130424679,-0.174332763190786,-0.0752288732029552,-0.0991038899878305,-0.420035484938046,0.99,0.01,0.99,,,0.01
"2026-06-16 20:38:35",BTCUSDT,-0.0245546920272853,-0.155610504295348,-0.0814914909430248,-0.0741190133523235,-0.364444911907567,0.99,0.01,0.99,,,0.01
"2026-06-16 20:38:35",BTCUSDT,-0.0245546920272853,-0.13922852776184,-0.0833447038098846,-0.0558838239519558,-0.32059781486416,0.99,0.01,0.99,,,0.01
"2026-06-16 20:38:35",BTCUSDT,-0.0245663168400903,-0.124895751396622,-0.0850884268913004,-0.0398073245053212,-0.280543778307056,0.99,0.01,0.99,,,0.01
"2026-06-16 20:38:34",BTCUSDT,-0.0573568383454315,-0.23736305670865,-0.084365039852444,-0.152998016856206,-0.551835192201045,0.99,0.01,0.99,,,0.01
"2026-06-16 20:38:34",BTCUSDT,-0.0597060426616904,-0.21515592995278,-0.0697911406496479,-0.145364789303132,-0.525645997762548,0.99,0.01,0.99,,,0.01
"2026-06-16 20:38:34",BTCUSDT,-0.0597176245977613,-0.195726141783403,-0.0833607960496384,-0.112365345733764,-0.455599642909279,0.99,0.01,0.99,,,0.01
"2026-06-16 20:38:33",BTCUSDT,-0.0573480722401039,-0.326059132515181,-0.0850952485792575,-0.240963883935924,-0.745723455204504,0.99,0.01,0.99,,,0.01
"2026-06-16 20:38:33",BTCUSDT,-0.0573220812381606,-0.292467001105554,-0.072550674308059,-0.219916326797495,-0.695063457402332,0.99,0.01,0.99,,,0.01
"2026-06-16 20:38:33",BTCUSDT,-0.0573568383454315,-0.263078230760538,-0.0844680859942406,-0.178610144766298,-0.609435267630162,0.99,0.01,0.99,,,0.01
"2026-06-16 20:38:32",BTCUSDT,-0.0571803014729493,-0.458473472859526,-0.0852847188091265,-0.3731887540504,-1.02919343808496,0.99,0.01,0.99,,,0.01
"2026-06-16 20:38:32",BTCUSDT,-0.0572266528192373,-0.40831762035449,-0.0784020621017207,-0.32991555825277,-0.933439427212877,0.99,0.01,0.99,,,0.01
"2026-06-16 20:38:32",BTCUSDT,-0.0573480722401039,-0.364446426840192,-0.0733743173150238,-0.291072109525168,-0.848305238245571,0.99,0.01,0.99,,,0.01
"2026-06-16 20:38:31",BTCUSDT,-0.0237137977656016,-0.666456629274488,-0.0624026594174663,-0.604053969857022,-1.53210420851937,0.99,0.01,0.99,,,0.01
"2026-06-16 20:38:31",BTCUSDT,-0.0236895161290322,-0.586110740131306,-0.0811337755279091,-0.504976964603397,-1.31647374252006,0.99,0.01,0.99,,,0.01
"2026-06-16 20:38:31",BTCUSDT,-0.023633369256015,-0.515801068771895,-0.0696930739920653,-0.446107994779829,-1.18154524031493,0.99,0.01,0.99,,,0.01
"2026-06-16 20:38:30",BTCUSDT,-0.906009900333623,-0.860501831368171,-0.0637931822397372,-0.796708649128434,-2.07998719221563,0.99,0.01,0.99,,,0.01
"2026-06-16 20:38:30",BTCUSDT,-0.882307656678491,-0.863227559531961,-0.0604245979083123,-0.802802961623649,-2.01028676224965,0.99,0.01,0.99,,,0.01
"2026-06-16 20:38:30",BTCUSDT,-0.0236233534823302,-0.758277033775758,-0.0602235077774576,-0.6980535259983,-1.75250851953809,0.99,0.01,0.99,,,0.01
"2026-06-16 20:38:29",BTCUSDT,-0.928933058921977,-0.830101863546143,-0.0535462693341255,-0.776555594212018,-2.34533101759268,0.99,0.01,0.99,,,0.01
"2026-06-16 20:38:29",BTCUSDT,-0.928933058921977,-0.842455762968123,-0.0180020228943016,-0.824453740073821,-2.32783993881078,0.99,0.01,0.99,,,0.01
"2026-06-16 20:38:29",BTCUSDT,-0.934815088493711,-0.854000678658821,-0.028128738060612,-0.825871940598209,-2.22584544153942,0.99,0.01,0.99,,,0.01
"2026-06-16 20:38:28",BTCUSDT,-0.928864507207888,-0.781415194890287,-0.0231146213025814,-0.758300573587706,-2.71410950534555,0.99,0.01,0.99,,,0.01
"2026-06-16 20:38:28",BTCUSDT,-0.928905014450003,-0.799851422335252,-0.018296193380035,-0.781555228955217,-2.6105068903267,0.99,0.01,0.99,,,0.01
"2026-06-16 20:38:28",BTCUSDT,-0.928905014450003,-0.815983121349596,-0.0555632111388357,-0.76041991021076,-2.43088978053774,0.99,0.01,0.99,,,0.01
"2026-06-16 20:38:27",BTCUSDT,-0.976958447155437,-0.66647777761078,-0.0239240677030574,-0.642553709907723,-3.19144748990954,0.99,0.01,0.99,,,0.01
"2026-06-16 20:38:27",BTCUSDT,-0.952034494596833,-0.702172367234037,-0.0307310667789684,-0.671441300455068,-3.05610821720623,0.99,0.01,0.99,,,0.01
"2026-06-16 20:38:27",BTCUSDT,-0.975014631787877,-0.736277650303267,-0.0310550912320529,-0.705222559071214,-2.94222834711137,0.99,0.01,0.99,,,0.01
"2026-06-16 20:38:27",BTCUSDT,-0.928864507207888,-0.760351007416345,-0.0310425534745527,-0.729308453941792,-2.81627136489299,0.99,0.01,0.99,,,0.01
"2026-06-16 20:38:26",BTCUSDT,-0.976958099637083,-0.513500471124927,-0.0338860890795536,-0.479614382045374,-3.24431245293527,0.99,0.01,0.99,,,0.01
"2026-06-16 20:38:26",BTCUSDT,-0.976958099637083,-0.571432674688947,-0.0299243169830127,-0.541508357705934,-3.2842766136985,0.99,0.01,0.99,,,0.01
"2026-06-16 20:38:26",BTCUSDT,-0.976958447155437,-0.622123396247258,-0.0324560435678867,-0.589667352679371,-3.25006556277696,0.99,0.01,0.99,,,0.01
"2026-06-16 20:38:25",BTCUSDT,-0.976558022382432,-0.285184268460352,-0.0236290934206655,-0.261555175039686,-2.78593019671061,0.99,0.01,0.99,,,0.01
"2026-06-16 20:38:25",BTCUSDT,-0.976647460746014,-0.371617167496059,-0.0196795039820576,-0.351937663514002,-3.04930262030558,0.99,0.01,0.99,,,0.01
"2026-06-16 20:38:25",BTCUSDT,-0.977017735370252,-0.447292238480334,-0.0320561659867898,-0.415236072493544,-3.16587083312898,0.99,0.01,0.99,,,0.01
"2026-06-16 20:38:24",BTCUSDT,-0.719222146185185,0.0557257062263406,-0.0258000512658959,0.0815257574922364,-1.42935742411906,0.99,0.01,0.99,,,0.01
"2026-06-16 20:38:24",BTCUSDT,-0.978224015579794,-0.0735180089994262,-0.0337703828063346,-0.0397476261930916,-1.92906616512112,0.99,0.01,0.99,,,0.01
"2026-06-16 20:38:24",BTCUSDT,-0.976706651633023,-0.186416589328626,-0.0321224686869835,-0.154294120641642,-2.39528842787096,0.99,0.01,0.99,,,0.01
"2026-06-16 20:38:23",BTCUSDT,0.0409709501601393,0.357733130699144,-0.0187151056554485,0.376448236354593,-0.262877511267097,0.99,0.01,0.99,,,0.01
"2026-06-16 20:38:23",BTCUSDT,-0.182373712377841,0.290219775314521,-0.0265094503581584,0.31672922567268,-0.500487264194957,0.99,0.01,0.99,,,0.01
"2026-06-16 20:38:23",BTCUSDT,-0.700078088920609,0.16643254228513,-0.0148158725651162,0.181248414850246,-1.01796831667827,0.99,0.01,0.99,,,0.01
"2026-06-16 20:38:22",BTCUSDT,0.240520750565369,0.527809366315755,-0.0191500601147761,0.546959426430531,0.356366574309239,0.99,0.01,0.99,,,0.01
"2026-06-16 20:38:22",BTCUSDT,0.00622563918350598,0.462611400424224,-0.0169747116194869,0.479586112043711,0.123993712654574,0.99,0.01,0.99,,,0.01
"2026-06-16 20:38:22",BTCUSDT,-0.0144008367604061,0.402984870776145,-0.0170785125624012,0.420063383338546,-0.0909604938954259,0.99,0.01,0.99,,,0.01
"2026-06-16 20:38:21",BTCUSDT,0.619345085020495,0.708674797283354,-0.0141243195681434,0.722799116851497,0.950850438385656,0.99,0.01,0.99,,,0.01
"2026-06-16 20:38:21",BTCUSDT,0.233008718840277,0.649216537477969,-0.0244466635613253,0.673663201039294,0.782055115541296,0.99,0.01,0.99,,,0.01
"2026-06-16 20:38:21",BTCUSDT,0.00628901475212518,0.568850597137239,-0.0250548758799563,0.593905473017195,0.520169809827448,0.99,0.01,0.99,,,0.01
"2026-06-16 20:38:20",BTCUSDT,0.88272111301834,0.752653943859762,-0.0102106946924254,0.762864638552188,1.14501606411135,0.99,0.01,0.99,,,0.01
"2026-06-16 20:38:20",BTCUSDT,0.61958741352488,0.736020627567902,-0.0250187690224263,0.761039396590328,1.11327676655943,0.99,0.01,0.99,,,0.01
"2026-06-16 20:38:20",BTCUSDT,0.619345085020495,0.721436184749476,-0.0260730604598407,0.747509245209317,1.04778002070858,0.99,0.01,0.99,,,0.01
"2026-06-16 20:38:19",BTCUSDT,0.880245140147113,0.771151944969629,-0.00133015228608242,0.772482097255712,1.27719798725168,0.99,0.01,0.99,,,0.01
"2026-06-16 20:38:19",BTCUSDT,0.88107343000751,0.784892130599364,-0.0107783098701185,0.795670440469483,1.31603500553003,0.99,0.01,0.99,,,0.01
"2026-06-16 20:38:19",BTCUSDT,0.511422098525233,0.750708376590098,-0.00999379700781809,0.760702173597916,1.18920329893334,0.99,0.01,0.99,,,0.01
"2026-06-16 20:38:19",BTCUSDT,0.617624721423324,0.734072919694251,-0.00523533372631342,0.739308253420565,1.10199689908129,0.99,0.01,0.99,,,0.01
"2026-06-16 20:38:18",BTCUSDT,0.979961382330136,0.717587665249724,-0.00132937581991471,0.718917041069639,1.19817445178816,0.99,0.01,0.99,,,0.01
"2026-06-16 20:38:18",BTCUSDT,0.879469907165201,0.737822945489159,-0.00992784438292911,0.747750789872088,1.25691480416388,0.99,0.01,0.99,,,0.01
"2026-06-16 20:38:18",BTCUSDT,0.879777003987227,0.755567202801417,-0.000571277819106003,0.756138480620523,1.25626320908538,0.99,0.01,0.99,,,0.01
"2026-06-16 20:38:17",BTCUSDT,0.616526166533768,0.640280345871119,-0.020196434919981,0.6604767807911,1.07788098412669,0.99,0.01,0.99,,,0.01
"2026-06-16 20:38:17",BTCUSDT,0.616629580319098,0.637324000177116,-0.00855112288585318,0.645875123062969,1.03274840213699,0.99,0.01,0.99,,,0.01
"2026-06-16 20:38:17",BTCUSDT,0.979577644094656,0.680105705666809,0.000325288615639524,0.679780417051169,1.1094244872721,0.99,0.01,0.99,,,0.01
"2026-06-16 20:38:16",BTCUSDT,0.615711963871416,0.652228742923628,-0.0214390155385796,0.673667758462207,1.14054709478388,0.99,0.01,0.99,,,0.01
"2026-06-16 20:38:16",BTCUSDT,0.615685933957553,0.647660891802868,-0.0139650691920939,0.661625960994962,1.10110496174909,0.99,0.01,0.99,,,0.01
"2026-06-16 20:38:16",BTCUSDT,0.615764157877272,0.643673800062169,-0.0201925034756599,0.663866303537829,1.09543854798963,0.99,0.01,0.99,,,0.01
"2026-06-16 20:38:15",BTCUSDT,0.611000331821015,0.627979861107185,-0.0202306479171963,0.648210509024381,1.120258255626,0.99,0.01,0.99,,,0.01
"2026-06-16 20:38:15",BTCUSDT,0.613281698845056,0.626142590824419,-0.0185184245957263,0.644661015420145,1.09878330155921,0.99,0.01,0.99,,,0.01
"2026-06-16 20:38:15",BTCUSDT,0.876565269392049,0.657445425645372,0.000403169677897066,0.657042255967475,1.11407698851152,0.99,0.01,0.99,,,0.01
"2026-06-16 20:38:14",BTCUSDT,0.612679482928008,0.593192178195453,-0.0209058284201108,0.614098006615564,1.10016901998428,0.99,0.01,0.99,,,0.01
"2026-06-16 20:38:14",BTCUSDT,0.61325983959372,0.595700635870236,0.00216241393229152,0.593538221937945,1.04116854355114,0.99,0.01,0.99,,,0.01
"2026-06-16 20:38:14",BTCUSDT,0.873339614092874,0.630405508148066,0.000102261458591219,0.630303246689475,1.09897813111128,0.99,0.01,0.99,,,0.01
"2026-06-16 20:38:13",BTCUSDT,0.612288647530065,0.583660318556249,-0.00862278484729873,0.592283103403547,1.1204708588235,0.99,0.01,0.99,,,0.01
"2026-06-16 20:38:13",BTCUSDT,0.612211763101959,0.587229249124462,-0.00871349154772785,0.59594274067219,1.10547419758295,0.99,0.01,0.99,,,0.01
"2026-06-16 20:38:13",BTCUSDT,0.612661476283752,0.590408277519374,-0.00957193318103661,0.59998021070041,1.09245043089249,0.99,0.01,0.99,,,0.01
"2026-06-16 20:38:12",BTCUSDT,0.612269429281319,0.569554815359237,-0.00241733481059349,0.571972150169831,1.15481913564744,0.99,0.01,0.99,,,0.01
"2026-06-16 20:38:12",BTCUSDT,0.612288647530065,0.574896544380591,-0.0086036313305721,0.583500175711163,1.15116325216964,0.99,0.01,0.99,,,0.01
"2026-06-16 20:38:12",BTCUSDT,0.612288647530065,0.579570557274275,-0.00985087407397112,0.589421431348246,1.13800972036435,0.99,0.01,0.99,,,0.01
"2026-06-16 20:38:11",BTCUSDT,0.603311652910375,0.542110531110827,-0.00993971970017453,0.552050250811001,1.22635149239616,0.99,0.01,0.99,,,0.01
"2026-06-16 20:38:11",BTCUSDT,0.603311652910375,0.54976067133577,-0.0096760015203022,0.559436672856072,1.21166457061961,0.99,0.01,0.99,,,0.01
"2026-06-16 20:38:11",BTCUSDT,0.603550539713738,0.556484404883016,-0.0112914937259849,0.567775898609001,1.19956642231993,0.99,0.01,0.99,,,0.01
"2026-06-16 20:38:11",BTCUSDT,0.61223098706755,0.563452727656083,-0.0112155116803929,0.574668239336476,1.18554557862597,0.99,0.01,0.99,,,0.01
"2026-06-16 20:38:10",BTCUSDT,0.601144307418695,0.511947421912982,-0.0155752876635186,0.527522709576501,1.27257411029379,0.99,0.01,0.99,,,0.01
"2026-06-16 20:38:10",BTCUSDT,0.60337199721113,0.52337549382525,-0.0167013965575521,0.540076890382802,1.26405004427261,0.99,0.01,0.99,,,0.01
"2026-06-16 20:38:10",BTCUSDT,0.603311652910375,0.533367513710891,-0.0187243745623677,0.552091888273259,1.25546382741877,0.99,0.01,0.99,,,0.01
"2026-06-16 20:38:09",BTCUSDT,0.601019116343841,0.468015513187891,-0.0135266195035481,0.481542132691439,1.286180220826,0.99,0.01,0.99,,,0.01
"2026-06-16 20:38:09",BTCUSDT,0.601079924544545,0.484648564607472,-0.0119150455746541,0.496563610182127,1.28051883760758,0.99,0.01,0.99,,,0.01
"2026-06-16 20:38:09",BTCUSDT,0.601100125330734,0.49920500969788,-0.00638788701156266,0.505592896709443,1.26501397477901,0.99,0.01,0.99,,,0.01
"2026-06-16 20:38:08",BTCUSDT,0.865549701024214,0.402456289186001,-0.000623316237290519,0.403079605423292,1.24299958161341,0.99,0.01,0.99,,,0.01
"2026-06-16 20:38:08",BTCUSDT,0.601160641960308,0.42729433328279,0.00299230190591816,0.424302031376871,1.24871471737342,0.99,0.01,0.99,,,0.01
"2026-06-16 20:38:08",BTCUSDT,0.601059654631083,0.449014998451326,0.00894109941907092,0.440073899032255,1.24503772010427,0.99,0.01,0.99,,,0.01
"2026-06-16 20:38:07",BTCUSDT,0.249967862679118,0.287788370546551,-0.00344548502717073,0.291233855573722,1.13291691891915,0.99,0.01,0.99,,,0.01
"2026-06-16 20:38:07",BTCUSDT,0.494758784277551,0.313659672262926,0.000917871397276691,0.31274180086565,1.14228851221971,0.99,0.01,0.99,,,0.01
"2026-06-16 20:38:07",BTCUSDT,0.49478299411814,0.336300087494828,0.010477416202127,0.325822671292701,1.13686509909821,0.99,0.01,0.99,,,0.01
"2026-06-16 20:38:06",BTCUSDT,-0.0320251222142514,0.371357791463686,-0.0252623647496706,0.396620156213357,1.41523286537676,0.99,0.01,0.99,,,0.01
"2026-06-16 20:38:06",BTCUSDT,-0.0337588558313337,0.320718210551809,0.00640238804682089,0.314315822504988,1.23389184828013,0.99,0.01,0.99,,,0.01
"2026-06-16 20:38:06",BTCUSDT,0.100502928072531,0.293191300241899,-0.00509931976064555,0.298290620002544,1.17458440033985,0.99,0.01,0.99,,,0.01
"2026-06-16 20:38:05",BTCUSDT,-0.0527466357394009,0.60625337830648,-0.027755834921322,0.634009213227802,2.00468231792257,0.99,0.01,0.99,,,0.01
"2026-06-16 20:38:05",BTCUSDT,-0.142654471994239,0.512639897018891,-0.0351890009717574,0.547828897990648,1.78129292452083,0.99,0.01,0.99,,,0.01
"2026-06-16 20:38:05",BTCUSDT,-0.156607903219388,0.428983921989106,-0.0354761128616141,0.46446003485072,1.57903821104049,0.99,0.01,0.99,,,0.01
"2026-06-16 20:38:04",BTCUSDT,0.947151627286061,0.644591474285956,-0.0289443311088135,0.673535805394769,2.38134833674052,0.99,0.01,0.99,,,0.01
"2026-06-16 20:38:04",BTCUSDT,0.947151627286061,0.682411493410969,-0.0278492854454845,0.710260778856454,2.33845981097275,0.99,0.01,0.99,,,0.01
"2026-06-16 20:38:04",BTCUSDT,0.826289445770353,0.700396237455892,-0.0315508412768752,0.731947078732767,2.27235897316589,0.99,0.01,0.99,,,0.01
"2026-06-16 20:38:03",BTCUSDT,0.827581986432203,0.424118960180023,-0.0479582079746581,0.472077168154681,2.45080632563989,0.99,0.01,0.99,,,0.01
"2026-06-16 20:38:03",BTCUSDT,0.947095384056889,0.489491013164632,-0.0294867578326278,0.518977770997259,2.42978529735241,0.99,0.01,0.99,,,0.01
"2026-06-16 20:38:03",BTCUSDT,0.988218834917209,0.551831990883704,-0.038846003383088,0.590677994266792,2.45756182261789,0.99,0.01,0.99,,,0.01
"2026-06-16 20:38:03",BTCUSDT,0.9481248261016,0.601368595285941,-0.0394916605024124,0.640860255788353,2.43595510929956,0.99,0.01,0.99,,,0.01
"2026-06-16 20:38:02",BTCUSDT,0.830938659027558,0.209772132959366,-0.0540518091903317,0.263823942149698,2.31201094616189,0.99,0.01,0.99,,,0.01
"2026-06-16 20:38:02",BTCUSDT,0.943316779306946,0.301465213752814,-0.0333741625657605,0.334839376318574,2.37414084129926,0.99,0.01,0.99,,,0.01
"2026-06-16 20:38:02",BTCUSDT,0.82159458373943,0.366481385001141,-0.0371288207659346,0.403610205767075,2.41816179566962,0.99,0.01,0.99,,,0.01
"2026-06-16 20:38:01",BTCUSDT,0.184448232869393,-0.134332942970917,-0.0446268873454441,-0.089706055625473,1.61433798342064,0.99,0.01,0.99,,,0.01
"2026-06-16 20:38:01",BTCUSDT,0.919196526308108,-0.00264175931103898,-0.0528329287324433,0.0501911694214043,1.93996948634529,0.99,0.01,0.99,,,0.01
"2026-06-16 20:38:01",BTCUSDT,0.98676477763141,0.121034057806767,-0.0612817304795378,0.182315788286305,2.2069081063891,0.99,0.01,0.99,,,0.01
"2026-06-16 20:38:00",BTCUSDT,-0.00600287929492854,-0.200471155750732,-0.0444183322066533,-0.156052823544079,1.55344274150418,0.99,0.01,0.99,,,0.01
"2026-06-16 20:38:00",BTCUSDT,-0.11275690477942,-0.189506874379318,-0.052181042260379,-0.137325832118939,1.56853126652905,0.99,0.01,0.99,,,0.01
"2026-06-16 20:38:00",BTCUSDT,-0.112436766929609,-0.179873110948104,-0.0427546027724853,-0.137118508175619,1.52604352506873,0.99,0.01,0.99,,,0.01
"2026-06-16 20:37:59",BTCUSDT,-0.391418311591874,-0.303256392959221,-0.0456157567464821,-0.257640636212739,1.32622749326506,0.99,0.01,0.99,,,0.01
"2026-06-16 20:37:59",BTCUSDT,0.0427335541129958,-0.260007649575194,-0.0424847267850681,-0.217522922790125,1.43182323593069,0.99,0.01,0.99,,,0.01
"2026-06-16 20:37:59",BTCUSDT,-0.0059651577861319,-0.228252338101561,-0.0517196330590464,-0.176532705042515,1.52780214549934,0.99,0.01,0.99,,,0.01
"2026-06-16 20:37:58",BTCUSDT,-0.390710420366917,-0.259818013224765,-0.0374581260785708,-0.222359887146194,1.44796564014548,0.99,0.01,0.99,,,0.01
"2026-06-16 20:37:58",BTCUSDT,-0.391418311591874,-0.276268050520653,-0.038046345676744,-0.238221704843909,1.40309926463166,0.99,0.01,0.99,,,0.01
"2026-06-16 20:37:58",BTCUSDT,-0.391418311591874,-0.290661833154556,-0.0377697212258127,-0.252892111928743,1.35230283221679,0.99,0.01,0.99,,,0.01
"2026-06-16 20:37:57",BTCUSDT,-0.406574365358411,-0.190416570124549,-0.0452304307370845,-0.145186139387464,1.61139091320944,0.99,0.01,0.99,,,0.01
"2026-06-16 20:37:57",BTCUSDT,-0.406747355379777,-0.217457918281452,-0.0470176279879117,-0.170440290293541,1.57391434524057,0.99,0.01,0.99,,,0.01
"2026-06-16 20:37:57",BTCUSDT,-0.406747355379777,-0.241119097918743,-0.0375883218663233,-0.20353077605242,1.49631039088931,0.99,0.01,0.99,,,0.01
"2026-06-16 20:37:56",BTCUSDT,-0.128021398877226,-0.123808981024883,-0.0381158921668775,-0.0856930888580056,1.48283049518819,0.99,0.01,0.99,,,0.01
"2026-06-16 20:37:56",BTCUSDT,-0.127334090740062,-0.12424961973928,-0.047292079138408,-0.0769575406008724,1.6334109481825,0.99,0.01,0.99,,,0.01
"2026-06-16 20:37:56",BTCUSDT,-0.406547742554158,-0.15953688509114,-0.0358305852485636,-0.123706299842577,1.60496636243601,0.99,0.01,0.99,,,0.01
"2026-06-16 20:37:55",BTCUSDT,0.0845730783951542,-0.121656825058278,-0.0478909479218831,-0.0737658771363945,1.22773287223031,0.99,0.01,0.99,,,0.01
"2026-06-16 20:37:55",BTCUSDT,-0.128271788205795,-0.122483695451717,-0.0400617209939258,-0.0824219744577915,1.29219126317958,0.99,0.01,0.99,,,0.01
"2026-06-16 20:37:55",BTCUSDT,-0.128271788205795,-0.123207207045977,-0.0473276229138331,-0.0758795841321439,1.40088101383059,0.99,0.01,0.99,,,0.01
"2026-06-16 20:37:54",BTCUSDT,0.0850976199291928,-0.223345835046521,-0.0399125804132892,-0.183433254633232,0.810509463201128,0.99,0.01,0.99,,,0.01
"2026-06-16 20:37:54",BTCUSDT,0.0851134200755094,-0.184788428156267,-0.040339321193909,-0.144449106962358,0.94344920237005,0.99,0.01,0.99,,,0.01
"2026-06-16 20:37:54",BTCUSDT,0.0845730783951542,-0.151118239837339,-0.0477029804350098,-0.10341525940233,1.09029455633715,0.99,0.01,0.99,,,0.01
"2026-06-16 20:37:53",BTCUSDT,-0.127609447462398,-0.361882595781844,-0.0486263171405272,-0.313256278641317,0.440181603536769,0.99,0.01,0.99,,,0.01
"2026-06-16 20:37:53",BTCUSDT,-0.00896023637039316,-0.317767300855413,-0.0490353539563852,-0.268731946899027,0.557963300713839,0.99,0.01,0.99,,,0.01
"2026-06-16 20:37:53",BTCUSDT,0.0850976199291928,-0.267409185757337,-0.0378031674072009,-0.229606018350136,0.673239875638998,0.99,0.01,0.99,,,0.01
"2026-06-16 20:37:52",BTCUSDT,0.187998614077638,-0.563326434443439,-0.0467497262757187,-0.516576708167721,0.00659014924166434,0.99,0.01,0.99,,,0.01
"2026-06-16 20:37:52",BTCUSDT,0.187998614077638,-0.469410803378305,-0.0335497624847252,-0.435861040893579,0.166188749222227,0.99,0.01,0.99,,,0.01
"2026-06-16 20:37:52",BTCUSDT,0.123074116456872,-0.395350188398908,-0.0442306947925098,-0.351119493606398,0.339964915386693,0.99,0.01,0.99,,,0.01
"2026-06-16 20:37:51",BTCUSDT,-0.645490040228051,-0.847686296865715,-0.044739540501508,-0.802946756364207,-0.52678490348539,0.99,0.01,0.99,,,0.01
"2026-06-16 20:37:51",BTCUSDT,-0.664966546999019,-0.824846328132378,-0.0378195080876904,-0.787026820044687,-0.483978210192387,0.99,0.01,0.99,,,0.01
"2026-06-16 20:37:51",BTCUSDT,-0.696458650390018,-0.808797868414583,-0.0466648434533225,-0.76213302496126,-0.426714727168025,0.99,0.01,0.99,,,0.01
"2026-06-16 20:37:51",BTCUSDT,0.296316405044762,-0.670658584232165,-0.0449170051212741,-0.625741579110891,-0.193705544420543,0.99,0.01,0.99,,,0.01
"2026-06-16 20:37:50",BTCUSDT,-0.960553724332178,-0.962805888930346,-0.0240844146096228,-0.938721474320723,-0.777600452793496,0.99,0.01,0.99,,,0.01
"2026-06-16 20:37:50",BTCUSDT,-0.621919769682475,-0.920195124024362,-0.0166699838452807,-0.903525140179082,-0.708733112285216,0.99,0.01,0.99,,,0.01
"2026-06-16 20:37:50",BTCUSDT,-0.571205942912512,-0.876571476385381,-0.0354473183475267,-0.841124158037854,-0.601062542050047,0.99,0.01,0.99,,,0.01
"2026-06-16 20:37:49",BTCUSDT,-0.959642992077607,-0.963930495557116,-0.0138870593896506,-0.950043436167466,-0.855470618993785,0.99,0.01,0.99,,,0.01
"2026-06-16 20:37:49",BTCUSDT,-0.960504921895115,-0.963502298849366,-0.0247835518542359,-0.93871874699513,-0.818782223590994,0.99,0.01,0.99,,,0.01
"2026-06-16 20:37:49",BTCUSDT,-0.960504921895115,-0.963127626730085,-0.02310482420172,-0.940022802528365,-0.799736147086155,0.99,0.01,0.99,,,0.01
"2026-06-16 20:37:48",BTCUSDT,-0.992582977934359,-0.96605552500843,-0.0241941551972864,-0.941861369811143,-0.911567701365245,0.99,0.01,0.99,,,0.01
"2026-06-16 20:37:48",BTCUSDT,-0.959481716068496,-0.965233798890938,-0.025855955769571,-0.939377843121367,-0.885571875564622,0.99,0.01,0.99,,,0.01
"2026-06-16 20:37:48",BTCUSDT,-0.959707376196945,-0.964542996054189,-0.0138039751248455,-0.950739020929344,-0.878406359226604,0.99,0.01,0.99,,,0.01
"2026-06-16 20:37:47",BTCUSDT,-0.975353590937446,-0.952973471766327,-0.0221741219494052,-0.930799349816922,-0.966494152126945,0.99,0.01,0.99,,,0.01
"2026-06-16 20:37:47",BTCUSDT,-0.992621118101589,-0.957929427558235,-0.0166026713959905,-0.941326756162244,-0.957231170285652,0.99,0.01,0.99,,,0.01
"2026-06-16 20:37:47",BTCUSDT,-0.992621118101589,-0.962265888876154,-0.0237332636165829,-0.938532625259571,-0.930191037146847,0.99,0.01,0.99,,,0.01
"2026-06-16 20:37:46",BTCUSDT,-0.942079895433379,-0.957361764735169,-0.00796751853722395,-0.949394246197945,-1.05862039387449,0.99,0.01,0.99,,,0.01
"2026-06-16 20:37:46",BTCUSDT,-0.924997165906667,-0.953316189881606,-0.0245018259370815,-0.928814363944525,-1.00912729626441,0.99,0.01,0.99,,,0.01
"2026-06-16 20:37:46",BTCUSDT,-0.924997165906667,-0.949776311884739,-0.0138918374674836,-0.935884474417255,-0.996322878144998,0.99,0.01,0.99,,,0.01
"2026-06-16 20:37:45",BTCUSDT,-0.960093769382976,-0.962317703268535,-0.00918687212371452,-0.953130831144821,-1.13321525835607,0.99,0.01,0.99,,,0.01
"2026-06-16 20:37:45",BTCUSDT,-0.960095181046803,-0.962039887990819,0.000165942402900407,-0.962205830393719,-1.12199622798573,0.99,0.01,0.99,,,0.01
"2026-06-16 20:37:45",BTCUSDT,-0.942079895433379,-0.959544888921139,0.00170791171549768,-0.961252800636637,-1.09735581037822,0.99,0.01,0.99,,,0.01
"2026-06-16 20:37:44",BTCUSDT,-0.960089950801501,-0.963430759684289,-0.00916184995945618,-0.954268909724832,-1.21007548963506,0.99,0.01,0.99,,,0.01
"2026-06-16 20:37:44",BTCUSDT,-0.959984242597747,-0.962999945048471,-0.00909117743095551,-0.953908767617515,-1.18395877601222,0.99,0.01,0.99,,,0.01
"2026-06-16 20:37:44",BTCUSDT,-0.960083649535339,-0.962635408109329,0.00179846945949205,-0.964433877568821,-1.17351109649778,0.99,0.01,0.99,,,0.01
"2026-06-16 20:37:43",BTCUSDT,-0.993586455833398,-0.955558848973744,-0.00713668969121098,-0.948422159282533,-1.31080690853563,0.99,0.01,0.99,,,0.01
"2026-06-16 20:37:43",BTCUSDT,-0.993594831675203,-0.960313346811426,-0.000106371238521941,-0.960206975572904,-1.29939514647287,0.99,0.01,0.99,,,0.01
"2026-06-16 20:37:43",BTCUSDT,-0.993426022780102,-0.964452431307511,-0.00888484952664493,-0.955567581780866,-1.26487890848687,0.99,0.01,0.99,,,0.01
"2026-06-16 20:37:43",BTCUSDT,-0.960097125616349,-0.963908018096115,-0.00685949764664452,-0.957048520449471,-1.24020951005192,0.99,0.01,0.99,,,0.01
"2026-06-16 20:37:42",BTCUSDT,-0.959613177855337,-0.947200037777046,0.00188370389882562,-0.949083741675872,-1.40262083713264,0.99,0.01,0.99,,,0.01
"2026-06-16 20:37:42",BTCUSDT,-0.959634556438413,-0.948754352609717,-0.00925452495578912,-0.939499827653928,-1.356955665654,0.99,0.01,0.99,,,0.01
"2026-06-16 20:37:42",BTCUSDT,-0.95973020139661,-0.950126333708079,-0.00713129754000712,-0.942995036168072,-1.33200786347044,0.99,0.01,0.99,,,0.01
"2026-06-16 20:37:41",BTCUSDT,-0.959270351730082,-0.935656538708916,-0.00741025817508181,-0.928246280533834,-1.46774158274992,0.99,0.01,0.99,,,0.01
"2026-06-16 20:37:41",BTCUSDT,-0.959291342238179,-0.938610889150074,-0.000197285932534788,-0.938413603217539,-1.45066646491152,0.99,0.01,0.99,,,0.01
"2026-06-16 20:37:41",BTCUSDT,-0.993137632362093,-0.945426732051576,-0.00731964227254549,-0.938107089779031,-1.41769202415568,0.99,0.01,0.99,,,0.01
"2026-06-16 20:37:40",BTCUSDT,-0.959270351730082,-0.924021744538138,0.00332544193373061,-0.927347186471868,-1.56801896842742,0.99,0.01,0.99,,,0.01
"2026-06-16 20:37:40",BTCUSDT,-0.959270351730082,-0.928427820437131,-0.00925283228411573,-0.919174988153015,-1.51931018359747,0.99,0.01,0.99,,,0.01
"2026-06-16 20:37:40",BTCUSDT,-0.959270351730082,-0.93228313684875,-0.00741025817508181,-0.924872878673668,-1.49540621722504,0.99,0.01,0.99,,,0.01
"2026-06-16 20:37:39",BTCUSDT,-0.989241424985467,-0.902289683350206,0.00332544193373061,-0.905615125283937,-1.64932129618055,0.99,0.01,0.99,,,0.01
"2026-06-16 20:37:39",BTCUSDT,-0.989799064047806,-0.913228355937406,-0.000106753045407074,-0.913121602891999,-1.62060277979632,0.99,0.01,0.99,,,0.01
"2026-06-16 20:37:39",BTCUSDT,-0.959291342238179,-0.918986229225003,-0.00768200664840639,-0.911304222576597,-1.57858726670753,0.99,0.01,0.99,,,0.01
"2026-06-16 20:37:38",BTCUSDT,-0.989142651349072,-0.864215974214774,-0.000106753045407074,-0.864109221169367,-1.70312573081683,0.99,0.01,0.99,,,0.01
"2026-06-16 20:37:38",BTCUSDT,-0.955862606558819,-0.87567180325778,-0.000106753045407074,-0.875565050212373,-1.68036180346058,0.99,0.01,0.99,,,0.01
"2026-06-16 20:37:38",BTCUSDT,-0.989241424985467,-0.889868005973741,-0.00749948849286916,-0.882368517480871,-1.65050780921897,0.99,0.01,0.99,,,0.01
"2026-06-16 20:37:37",BTCUSDT,-0.854967711789851,-0.802660464685917,0.0108255306826021,-0.813485995368519,-1.73932441628048,0.99,0.01,0.99,,,0.01
"2026-06-16 20:37:37",BTCUSDT,-0.989161778106502,-0.82597312886349,0.00179290281113624,-0.827766031674626,-1.72312277749387,0.99,0.01,0.99,,,0.01
"2026-06-16 20:37:37",BTCUSDT,-0.989142546377425,-0.846369306052732,0.00152113960864152,-0.847890445661373,-1.71686848864141,0.99,0.01,0.99,,,0.01
"2026-06-16 20:37:36",BTCUSDT,-0.989840232915034,-0.749681860736658,0.003924492424384,-0.753606353161042,-1.80133018007214,0.99,0.01,0.99,,,0.01
"2026-06-16 20:37:36",BTCUSDT,-0.989816773127675,-0.779698724785535,0.0108274806289308,-0.790526205414466,-1.82904780979099,0.99,0.01,0.99,,,0.01
"2026-06-16 20:37:36",BTCUSDT,-0.8346576688224,-0.786568592790143,0.00192938157975115,-0.788497974369894,-1.77834813235892,0.99,0.01,0.99,,,0.01
"2026-06-16 20:37:36",BTCUSDT,-0.85552385698041,-0.795188000813926,0.00174770653296006,-0.796935707346886,-1.75057486057721,0.99,0.01,0.99,,,0.01
"2026-06-16 20:37:35",BTCUSDT,-0.989980309149903,-0.631200573589025,0.0399478366716957,-0.671148410260721,-1.7701766871008,0.99,0.01,0.99,,,0.01
"2026-06-16 20:37:35",BTCUSDT,-0.989814254346923,-0.676027283683762,0.0402272076905711,-0.716254491374333,-1.81960521865798,0.99,0.01,0.99,,,0.01
"2026-06-16 20:37:35",BTCUSDT,-0.990797189045924,-0.715373521854032,0.0403103557530944,-0.755683877607127,-1.85323158708094,0.99,0.01,0.99,,,0.01
"2026-06-16 20:37:34",BTCUSDT,-0.936704449955931,-0.470671921968219,0.00436321898307832,-0.475035140951297,-1.44188418624069,0.99,0.01,0.99,,,0.01
"2026-06-16 20:37:34",BTCUSDT,-0.936909377684647,-0.528951603932772,0.00264927144582059,-0.531600875378593,-1.53914094874837,0.99,0.01,0.99,,,0.01
"2026-06-16 20:37:34",BTCUSDT,-0.936909377684647,-0.579946325651757,0.00210622290493378,-0.582052548556691,-1.61669139312105,0.99,0.01,0.99,,,0.01
"2026-06-16 20:37:33",BTCUSDT,-0.936795307363558,-0.249563369311216,0.0461479220816389,-0.295711291392855,-1.09451443203881,0.99,0.01,0.99,,,0.01
"2026-06-16 20:37:33",BTCUSDT,-0.876649960164814,-0.327949193167915,0.0411775481590831,-0.369126741326999,-1.24697915248681,0.99,0.01,0.99,,,0.01
"2026-06-16 20:37:33",BTCUSDT,-0.937122420155816,-0.404095846541403,0.00264921494809556,-0.406745061489499,-1.31161421396227,0.99,0.01,0.99,,,0.01
"2026-06-16 20:37:32",BTCUSDT,-0.990970197662684,0.0720732356761958,0.101987461768277,-0.029914226092081,-0.494875590999155,0.99,0.01,0.99,,,0.01
"2026-06-16 20:37:32",BTCUSDT,-0.816897089374641,-0.0390480549551588,0.102255796965325,-0.141303851920483,-0.753531809075584,0.99,0.01,0.99,,,0.01
"2026-06-16 20:37:32",BTCUSDT,-0.937762640600938,-0.151387378160881,0.0462188378334851,-0.197606215994366,-0.876419920205584,0.99,0.01,0.99,,,0.01
"2026-06-16 20:37:31",BTCUSDT,-0.818577099304639,0.594242217164429,0.122285670717921,0.471956546446509,0.707430463376695,0.99,0.01,0.99,,,0.01
"2026-06-16 20:37:31",BTCUSDT,-0.986482443016809,0.396651634641775,0.127990912314655,0.26866072232712,0.21660124636753,0.99,0.01,0.99,,,0.01
"2026-06-16 20:37:31",BTCUSDT,-0.985068776124136,0.223936583296036,0.14257121616368,0.0813653671323553,-0.232791434467284,0.99,0.01,0.99,,,0.01
"2026-06-16 20:37:30",BTCUSDT,0.747310456741346,0.811001025031614,0.125734628318467,0.685266396713147,1.22923913031163,0.99,0.01,0.99,,,0.01
"2026-06-16 20:37:30",BTCUSDT,0.747310456741346,0.80303970399533,0.134154450268102,0.668885253727228,1.19346427881145,0.99,0.01,0.99,,,0.01
"2026-06-16 20:37:30",BTCUSDT,0.747310456741346,0.796073548088582,0.125137551714667,0.670935996373915,1.19189337327785,0.99,0.01,0.99,,,0.01
"2026-06-16 20:37:29",BTCUSDT,0.816613068470523,0.834243809866911,0.136693651188083,0.697550158678828,1.21424342472736,0.99,0.01,0.99,,,0.01
"2026-06-16 20:37:29",BTCUSDT,0.80519944015644,0.830613263653102,0.113472387807184,0.717140875845918,1.2762560789075,0.99,0.01,0.99,,,0.01
"2026-06-16 20:37:29",BTCUSDT,0.74650457558436,0.820099677644509,0.111658177565965,0.708441500078544,1.26987609847422,0.99,0.01,0.99,,,0.01
"2026-06-16 20:37:28",BTCUSDT,0.8146640941359,0.846991992677074,0.145999833259192,0.700992159417882,1.15306642267068,0.99,0.01,0.99,,,0.01
"2026-06-16 20:37:28",BTCUSDT,0.814674009355575,0.842952244761887,0.138430382930713,0.704521861831174,1.17925846521242,0.99,0.01,0.99,,,0.01
"2026-06-16 20:37:28",BTCUSDT,0.816462091470788,0.839640975600499,0.129369997018374,0.710270978582126,1.21038541749903,0.99,0.01,0.99,,,0.01
"2026-06-16 20:37:28",BTCUSDT,0.816613068470523,0.836762487209252,0.127700402553837,0.709062084655415,1.22457456823036,0.99,0.01,0.99,,,0.01
"2026-06-16 20:37:27",BTCUSDT,0.807830933534698,0.865089305871009,0.148034732706975,0.717054573164034,1.13338316483662,0.99,0.01,0.99,,,0.01
"2026-06-16 20:37:27",BTCUSDT,0.807604550072448,0.857903711396189,0.143682609129608,0.714221102266582,1.14432402887681,0.99,0.01,0.99,,,0.01
"2026-06-16 20:37:27",BTCUSDT,0.807556131404609,0.851610263897242,0.142693946677309,0.708916317219932,1.15101714873912,0.99,0.01,0.99,,,0.01
"2026-06-16 20:37:26",BTCUSDT,0.991767641861779,0.863856401235128,-0.00847004600249659,0.872326447237625,1.45105479267184,0.99,0.01,0.99,,,0.01
"2026-06-16 20:37:26",BTCUSDT,0.939157778135106,0.873269073347625,0.00157236781869552,0.87169670552893,1.45712997744643,0.99,0.01,0.99,,,0.01
"2026-06-16 20:37:25",BTCUSDT,0.991823503050304,0.800802800992952,-0.0254946217284633,0.826297422721416,1.31814320967313,0.99,0.01,0.99,,,0.01
"2026-06-16 20:37:25",BTCUSDT,0.99201077725063,0.824703798025162,0.022722466072263,0.801981331952899,1.27758207659926,0.99,0.01,0.99,,,0.01
"2026-06-16 20:37:25",BTCUSDT,0.991740348703003,0.845583366859892,0.0289789543061963,0.816604412553696,1.32111351209157,0.99,0.01,0.99,,,0.01
"2026-06-16 20:37:24",BTCUSDT,0.950595752700556,0.74152616364498,-0.0269923460524504,0.76851850969743,1.17196566776606,0.99,0.01,0.99,,,0.01
"2026-06-16 20:37:24",BTCUSDT,0.99742988864893,0.773514129270474,-0.0270803263880608,0.800594455658534,1.25244473585804,0.99,0.01,0.99,,,0.01
"2026-06-16 20:37:23",BTCUSDT,0.949778120664083,0.594021857338668,-0.0213608216371993,0.615382678975867,0.796903804271863,0.99,0.01,0.99,,,0.01
"2026-06-16 20:37:23",BTCUSDT,0.949778120664083,0.638491390254345,-0.0244137383800548,0.6629051286344,0.909843903886825,0.99,0.01,0.99,,,0.01
"2026-06-16 20:37:23",BTCUSDT,0.950671170052683,0.677513862729137,-0.0242307955702079,0.701744658299345,1.00510517185601,0.99,0.01,0.99,,,0.01
"2026-06-16 20:37:23",BTCUSDT,0.950675596849508,0.711659079494183,-0.0303977009811302,0.742056780475314,1.10352819154408,0.99,0.01,0.99,,,0.01
"2026-06-16 20:37:22",BTCUSDT,0.949787204781203,0.418735403625158,-0.0227574152085361,0.441492818833694,0.398159970310841,0.99,0.01,0.99,,,0.01
"2026-06-16 20:37:22",BTCUSDT,0.949787204781203,0.485116878769663,-0.032218995306033,0.517335874075696,0.56676428911639,0.99,0.01,0.99,,,0.01
"2026-06-16 20:37:22",BTCUSDT,0.949778120664083,0.543199534006466,-0.032218995306033,0.575418529312499,0.700001072966142,0.99,0.01,0.99,,,0.01
"2026-06-16 20:37:21",BTCUSDT,0.991452866695536,0.160013613481963,-0.00887815799525583,0.168891771477219,-0.188099787450298,0.99,0.01,0.99,,,0.01
"2026-06-16 20:37:21",BTCUSDT,0.937058580851305,0.257144234403131,-0.0164845369066434,0.273628771309774,0.032244957349456,0.99,0.01,0.99,,,0.01
"2026-06-16 20:37:21",BTCUSDT,0.942957244001007,0.342870860602866,-0.0190065243722988,0.361877384975164,0.222709326338124,0.99,0.01,0.99,,,0.01
"2026-06-16 20:37:20",BTCUSDT,-0.0726660279983929,-0.10825912164825,-0.00756715304993766,-0.100691968598312,-0.759020620312245,0.99,0.01,0.99,,,0.01
"2026-06-16 20:37:20",BTCUSDT,0.0891014540029455,-0.0835890496918502,-0.00935062820163347,-0.0742384214902167,-0.689121403061747,0.99,0.01,0.99,,,0.01
"2026-06-16 20:37:20",BTCUSDT,0.915015966311718,0.0412365773085959,-0.00172103346122948,0.0429576107698254,-0.447498982219763,0.99,0.01,0.99,,,0.01
"2026-06-16 20:37:19",BTCUSDT,-0.0679882094968113,-0.126444822784313,-0.00935062820163347,-0.11709419458268,-0.853390386495158,0.99,0.01,0.99,,,0.01
"2026-06-16 20:37:19",BTCUSDT,-0.0680385978731784,-0.119144044670421,-0.000495836447663499,-0.118648208222758,-0.834632944530556,0.99,0.01,0.99,,,0.01
"2026-06-16 20:37:19",BTCUSDT,-0.0727424818071683,-0.113343849312515,0.00125607112717235,-0.114599920439687,-0.805813441336004,0.99,0.01,0.99,,,0.01
"2026-06-16 20:37:18",BTCUSDT,-0.0655697516210617,-0.155451222480422,-0.00225434399749716,-0.153196878482925,-0.989165635404045,0.99,0.01,0.99,,,0.01
"2026-06-16 20:37:18",BTCUSDT,-0.0655697516210617,-0.144216038623002,-0.0111404283388835,-0.133075610284118,-0.928034467946167,0.99,0.01,0.99,,,0.01
"2026-06-16 20:37:18",BTCUSDT,-0.0688538699563515,-0.134795767539671,-0.00961699144621314,-0.125178776093458,-0.890534492855102,0.99,0.01,0.99,,,0.01
"2026-06-16 20:37:17",BTCUSDT,-0.195430214289982,-0.174225055635139,-0.0110447334298431,-0.163180322205296,-1.08658574077421,0.99,0.01,0.99,,,0.01
"2026-06-16 20:37:17",BTCUSDT,-0.244659536900656,-0.183029365793329,-0.0111404283388835,-0.171888937454445,-1.07557059739577,0.99,0.01,0.99,,,0.01
"2026-06-16 20:37:17",BTCUSDT,-0.0651259002722001,-0.168291432603188,-0.00058330819577833,-0.167708124407409,-1.04132132906884,0.99,0.01,0.99,,,0.01
"2026-06-16 20:37:16",BTCUSDT,-0.0927855145851057,-0.180231127494316,-0.00234243165710432,-0.177888695837212,-1.19971811487583,0.99,0.01,0.99,,,0.01
"2026-06-16 20:37:16",BTCUSDT,-0.0802537690813824,-0.1677339576927,-0.0110468702365845,-0.156687087456115,-1.13026899541834,0.99,0.01,0.99,,,0.01
"2026-06-16 20:37:16",BTCUSDT,-0.195428274198112,-0.171195747255876,-0.00943996771087071,-0.161755779545005,-1.11151642261274,0.99,0.01,0.99,,,0.01
"2026-06-16 20:37:15",BTCUSDT,-0.0564413396746011,-0.255021275807667,-0.00708392180182862,-0.247937354005838,-1.47734288840061,0.99,0.01,0.99,,,0.01
"2026-06-16 20:37:15",BTCUSDT,-0.0501421399624992,-0.229411383827021,-0.00965102942425877,-0.219760354402762,-1.38249678195295,0.99,0.01,0.99,,,0.01
"2026-06-16 20:37:15",BTCUSDT,-0.0501421399624992,-0.207002728343956,-0.000969849358258268,-0.206032878985697,-1.31933134765575,0.99,0.01,0.99,,,0.01
"2026-06-16 20:37:15",BTCUSDT,-0.0927677648716528,-0.192723357909918,0.000696062186693161,-0.193419420096611,-1.26103876423591,0.99,0.01,0.99,,,0.01
"2026-06-16 20:37:14",BTCUSDT,-0.385304535602016,-0.250921140233975,-0.00794475497069938,-0.242976385263276,-1.61085867309803,0.99,0.01,0.99,,,0.01
"2026-06-16 20:37:14",BTCUSDT,-0.38481243760966,-0.267657552405936,-0.00983324950945325,-0.257824302896482,-1.59063760264991,0.99,0.01,0.99,,,0.01
"2026-06-16 20:37:14",BTCUSDT,-0.393515838057575,-0.283389838112391,-0.00699233648695508,-0.276397501625436,-1.57828348221034,0.99,0.01,0.99,,,0.01
"2026-06-16 20:37:13",BTCUSDT,-0.189250214561785,-0.212744200628405,0.000869997166474814,-0.21361419779488,-1.70727168453325,0.99,0.01,0.99,,,0.01
"2026-06-16 20:37:13",BTCUSDT,-0.189250214561785,-0.209807452370078,-0.00981066334968271,-0.199996789020395,-1.62516247834046,0.99,0.01,0.99,,,0.01
"2026-06-16 20:37:13",BTCUSDT,-0.385135932003497,-0.231723512324255,-0.00812281822577859,-0.223600694098476,-1.62243966610456,0.99,0.01,0.99,,,0.01
"2026-06-16 20:37:12",BTCUSDT,-0.186695648513468,-0.22520392562431,0.000651218586659776,-0.22585514421097,-1.92346061583314,0.99,0.01,0.99,,,0.01
"2026-06-16 20:37:12",BTCUSDT,-0.186695648513468,-0.220390390985455,-0.00972643828877627,-0.210663952696679,-1.82198163087127,0.99,0.01,0.99,,,0.01
"2026-06-16 20:37:12",BTCUSDT,-0.186071137919479,-0.216100484352208,0.000695209805012333,-0.21679569415722,-1.77259120710746,0.99,0.01,0.99,,,0.01
"2026-06-16 20:37:11",BTCUSDT,-0.24136472222923,-0.23929910762318,0.0031385984396063,-0.242437706062786,-2.21243621597025,0.99,0.01,0.99,,,0.01
"2026-06-16 20:37:11",BTCUSDT,-0.206326636065673,-0.235177548678492,-0.00127481160786406,-0.233902737070628,-2.09957051678003,0.99,0.01,0.99,,,0.01
"2026-06-16 20:37:11",BTCUSDT,-0.199398023800285,-0.230705108068716,-0.0084260874319446,-0.222279020636771,-1.99050392893934,0.99,0.01,0.99,,,0.01
"2026-06-16 20:37:10",BTCUSDT,-0.339970953256117,-0.225040785116959,8.31103614423674e-05,-0.225123895478401,-2.50983766577351,0.99,0.01,0.99,,,0.01
"2026-06-16 20:37:10",BTCUSDT,-0.28467310930522,-0.232494825640491,-0.00937557463541597,-0.223119251005075,-2.38018004415608,0.99,0.01,0.99,,,0.01
"2026-06-16 20:37:10",BTCUSDT,-0.284568379095087,-0.239004019822316,-0.00802590007758824,-0.230978119744728,-2.2878013141716,0.99,0.01,0.99,,,0.01
"2026-06-16 20:37:09",BTCUSDT,-0.338157741765185,-0.169608634772997,-0.00963294802130162,-0.159975686751696,-2.79005846239068,0.99,0.01,0.99,,,0.01
"2026-06-16 20:37:09",BTCUSDT,-0.338157741765185,-0.190677273147021,-0.00105557073690262,-0.189621702410118,-2.70787918473235,0.99,0.01,0.99,,,0.01
"2026-06-16 20:37:09",BTCUSDT,-0.334236605318916,-0.208622189668508,0.00174530513967337,-0.210367494808181,-2.61072591845785,0.99,0.01,0.99,,,0.01
"2026-06-16 20:37:08",BTCUSDT,-0.294648183054568,-0.0869042905986827,-0.000967901269166267,-0.0859363893295164,-3.16663677666744,0.99,0.01,0.99,,,0.01
"2026-06-16 20:37:08",BTCUSDT,-0.340183268703534,-0.118564162861789,-0.00981326414834246,-0.108750898713447,-3.01646189042167,0.99,0.01,0.99,,,0.01
"2026-06-16 20:37:08",BTCUSDT,-0.33429238730324,-0.145530190916971,-0.00811494139385309,-0.137415249523117,-2.90465689973638,0.99,0.01,0.99,,,0.01
"2026-06-16 20:37:07",BTCUSDT,-0.294745051980584,0.0502083329023679,0.000485171996446001,0.0497231609059219,-3.89808499830613,0.99,0.01,0.99,,,0.01
"2026-06-16 20:37:07",BTCUSDT,-0.294773283796335,0.00708563081503,-0.0100256978540348,0.0171113286690648,-3.65203276847326,0.99,0.01,0.99,,,0.01
"2026-06-16 20:37:07",BTCUSDT,-0.294751893859435,-0.0306440597692781,-0.00793705216912906,-0.0227070076001491,-3.47930544095646,0.99,0.01,0.99,,,0.01
"2026-06-16 20:37:07",BTCUSDT,-0.24330431502636,-0.0572265916764133,-0.00811923595283628,-0.049107355723577,-3.29109430707638,0.99,0.01,0.99,,,0.01
"2026-06-16 20:37:06",BTCUSDT,-0.245984002578647,0.227019250551046,-0.00823919897881556,0.235258449529861,-4.48579925992425,0.99,0.01,0.99,,,0.01
"2026-06-16 20:37:06",BTCUSDT,-0.342530030387156,0.15582559043377,-0.0100256978540348,0.165851288287805,-4.29493928643766,0.99,0.01,0.99,,,0.01
"2026-06-16 20:37:06",BTCUSDT,-0.294880029951219,0.0994873878856468,-0.00823937676554299,0.10772676465119,-4.07772397710685,0.99,0.01,0.99,,,0.01
"2026-06-16 20:37:05",BTCUSDT,-0.367751589973812,0.460079545830139,0.00115649750981811,0.458923048320321,-5.14390533590288,0.99,0.01,0.99,,,0.01
"2026-06-16 20:37:05",BTCUSDT,-0.24609485170334,0.371807746138454,-0.000950903938668376,0.372758650077123,-5.01046800201131,0.99,0.01,0.99,,,0.01
"2026-06-16 20:37:05",BTCUSDT,-0.24592507212688,0.294591143855287,0.000485171996446001,0.294105971858841,-4.79091759110934,0.99,0.01,0.99,,,0.01
"2026-06-16 20:37:04",BTCUSDT,0.810967976142413,0.866909864628558,-3.68689361739407e-05,0.866946733564732,-0.678768593646302,0.99,0.01,0.99,,,0.01
"2026-06-16 20:37:04",BTCUSDT,-0.31328395717781,0.719385636902762,-0.00301832195609571,0.722403958858857,-3.08111595893977,0.99,0.01,0.99,,,0.01
"2026-06-16 20:37:04",BTCUSDT,-0.408970365045132,0.578341136659275,0.00092778486758146,0.577413351791694,-4.67942312907698,0.99,0.01,0.99,,,0.01
"2026-06-16 20:37:03",BTCUSDT,0.811142257669793,0.894471420120401,-0.00812719014768796,0.902598610268089,0.0225736312065079,0.99,0.01,0.99,,,0.01
"2026-06-16 20:37:03",BTCUSDT,0.810979519417031,0.884034932532479,-0.011241335649238,0.895276268181717,-0.131404929302631,0.99,0.01,0.99,,,0.01
"2026-06-16 20:37:03",BTCUSDT,0.810967976142413,0.874901562983721,-0.00108489556722956,0.875986458550951,-0.498672270690014,0.99,0.01,0.99,,,0.01
"2026-06-16 20:37:02",BTCUSDT,0.82505301423811,0.938186175901502,0.00100906836791165,0.93717710753359,0.640238665500133,0.99,0.01,0.99,,,0.01
"2026-06-16 20:37:02",BTCUSDT,0.79173414631703,0.919879672203443,-0.0115090498088945,0.931388722012337,0.535546880944222,0.99,0.01,0.99,,,0.01
"2026-06-16 20:37:02",BTCUSDT,0.811846984054085,0.906375586184773,-0.010083054648637,0.91645864083341,0.275156657250511,0.99,0.01,0.99,,,0.01
"2026-06-16 20:37:01",BTCUSDT,0.94989711764556,0.950423867326759,-0.000437085228138133,0.950860952554898,0.833138468984385,0.99,0.01,0.99,,,0.01
"2026-06-16 20:37:01",BTCUSDT,0.989606680589658,0.955321718984622,-0.00301156173036628,0.958333280714988,0.940815753470758,0.99,0.01,0.99,,,0.01
"2026-06-16 20:37:01",BTCUSDT,0.947532416220682,0.954348056139129,-0.00972524808982821,0.964073304228957,1.0339085194884,0.99,0.01,0.99,,,0.01
"2026-06-16 20:37:00",BTCUSDT,0.949879992024454,0.950683499425324,-0.0127012448315492,0.963384744256873,0.981353097210544,0.99,0.01,0.99,,,0.01
"2026-06-16 20:37:00",BTCUSDT,0.949896441856074,0.950585117229167,-0.0040198274920843,0.954604944721252,0.881737047996215,0.99,0.01,0.99,,,0.01
"2026-06-16 20:37:00",BTCUSDT,0.94989711764556,0.950499117281216,-0.00226877344631754,0.952767890727534,0.854614591281671,0.99,0.01,0.99,,,0.01
"2026-06-16 20:36:59",BTCUSDT,0.990402333724886,0.954245792734761,-0.00464156835821406,0.958887361092975,0.956874512395569,0.99,0.01,0.99,,,0.01
"2026-06-16 20:36:59",BTCUSDT,0.939536431506453,0.952407122581223,-0.00429813263243379,0.956705255213656,0.920996386157335,0.99,0.01,0.99,,,0.01
"2026-06-16 20:36:59",BTCUSDT,0.939536431506453,0.950798286196876,-0.0114521653863574,0.962250451583234,0.966965617495695,0.99,0.01,0.99,,,0.01
"2026-06-16 20:36:58",BTCUSDT,0.990404915532831,0.936431053879569,-0.0136567554845833,0.950087809364152,0.939253859899052,0.99,0.01,0.99,,,0.01
"2026-06-16 20:36:58",BTCUSDT,0.990402333724886,0.943177463860233,-0.00324178384333673,0.94641924770357,0.884769656926841,0.99,0.01,0.99,,,0.01
"2026-06-16 20:36:58",BTCUSDT,0.990402333724886,0.949080572593315,-0.0120561063789597,0.961136678972275,0.996936078095523,0.99,0.01,0.99,,,0.01
"2026-06-16 20:36:57",BTCUSDT,0.939495397253538,0.913902132292706,-0.00168890628057133,0.915591038573277,0.719076789241833,0.99,0.01,0.99,,,0.01
"2026-06-16 20:36:57",BTCUSDT,0.939495397253538,0.91710129041281,-0.00360889547167347,0.920710185884483,0.743206912751265,0.99,0.01,0.99,,,0.01
"2026-06-16 20:36:57",BTCUSDT,0.939558512465424,0.919908443169386,-0.0106529778854638,0.93056142105485,0.808899181745709,0.99,0.01,0.99,,,0.01
"2026-06-16 20:36:57",BTCUSDT,0.990404915532831,0.928720502214817,-0.0111125055399292,0.939833007754746,0.869554506382932,0.99,0.01,0.99,,,0.01
"2026-06-16 20:36:56",BTCUSDT,0.939427995519093,0.925050298155965,-0.00997952540175886,0.935029823557724,0.947808363647164,0.99,0.01,0.99,,,0.01
"2026-06-16 20:36:56",BTCUSDT,0.939520631869673,0.926859089870179,-0.0121073322000993,0.938966422070278,0.958209419743243,0.99,0.01,0.99,,,0.01
"2026-06-16 20:36:56",BTCUSDT,0.79395398358087,0.910245951584015,-0.0103322269333135,0.920578178517329,0.781758761741105,0.99,0.01,0.99,,,0.01
"2026-06-16 20:36:55",BTCUSDT,0.93936273958896,0.917975888141181,0.000102409646919209,0.917873478494262,0.873288699782993,0.99,0.01,0.99,,,0.01
"2026-06-16 20:36:55",BTCUSDT,0.93936273958896,0.920649244572154,-0.00320683483781631,0.92385607940997,0.899836156381389,0.99,0.01,0.99,,,0.01
"2026-06-16 20:36:55",BTCUSDT,0.93942601911336,0.922996341389804,-0.00111434121159187,0.924110682601396,0.879716393462165,0.99,0.01,0.99,,,0.01
"2026-06-16 20:36:54",BTCUSDT,0.939789484370864,0.907417708198778,-0.0246030290901109,0.932020737288889,1.06763801206268,0.99,0.01,0.99,,,0.01
"2026-06-16 20:36:54",BTCUSDT,0.939430850099692,0.911419350936392,-0.0287251759656535,0.940144526902046,1.10653247800161,0.99,0.01,0.99,,,0.01
"2026-06-16 20:36:54",BTCUSDT,0.939429532634387,0.914920623648641,-0.0275676537644326,0.942488277413074,1.0981539780838,0.99,0.01,0.99,,,0.01
"2026-06-16 20:36:53",BTCUSDT,0.989573913078429,0.885197068879712,-0.0248634037369742,0.910060472616686,0.964868773140344,0.99,0.01,0.99,,,0.01
"2026-06-16 20:36:53",BTCUSDT,0.989573913078429,0.898244174404552,-0.019335151356882,0.917579325761434,1.00119581710709,0.99,0.01,0.99,,,0.01
"2026-06-16 20:36:53",BTCUSDT,0.93463612913312,0.902793168745623,-0.0175116168719301,0.920304785617553,0.998342786758,0.99,0.01,0.99,,,0.01
"2026-06-16 20:36:52",BTCUSDT,0.989657056048868,0.833757533383693,-0.0194257623315505,0.853183295715243,0.568646667261632,0.99,0.01,0.99,,,0.01
"2026-06-16 20:36:52",BTCUSDT,0.989657056048868,0.853244973716839,-0.0265470210041094,0.879791994720949,0.764710002807191,0.99,0.01,0.99,,,0.01
"2026-06-16 20:36:52",BTCUSDT,0.989573913078429,0.870286091137038,-0.026369812695174,0.896655903832212,0.879662522532286,0.99,0.01,0.99,,,0.01
"2026-06-16 20:36:51",BTCUSDT,0.784417494628463,0.78626403022651,-0.0193382883379726,0.805602318564483,0.232783005649529,0.99,0.01,0.99,,,0.01
"2026-06-16 20:36:51",BTCUSDT,0.784417494628463,0.786033213276754,-0.026719503939079,0.812752717215834,0.276117813245029,0.99,0.01,0.99,,,0.01
"2026-06-16 20:36:51",BTCUSDT,0.989656891086345,0.811486173002953,-0.026630965778025,0.838117138780978,0.46429421859026,0.99,0.01,0.99,,,0.01
"2026-06-16 20:36:50",BTCUSDT,0.784405058910056,0.787173839311263,-0.0194224355324168,0.806596274843679,0.279715383858065,0.99,0.01,0.99,,,0.01
"2026-06-16 20:36:50",BTCUSDT,0.784417494628463,0.786829296225913,-0.0265470210041094,0.813376317230022,0.320281472156914,0.99,0.01,0.99,,,0.01
"2026-06-16 20:36:50",BTCUSDT,0.784417494628463,0.786527821026231,-0.0264584977169541,0.812986318743185,0.304344593112733,0.99,0.01,0.99,,,0.01
"2026-06-16 20:36:49",BTCUSDT,0.778836600532166,0.789913820826443,-0.0159454096198902,0.805859230446334,0.323453020787338,0.99,0.01,0.99,,,0.01
"2026-06-16 20:36:49",BTCUSDT,0.778836600532166,0.788529168289659,-0.0193384629218102,0.807867631211469,0.327486035590527,0.99,0.01,0.99,,,0.01
"2026-06-16 20:36:49",BTCUSDT,0.784467223159321,0.788021425148367,-0.0174214777023549,0.805442902850722,0.29639596408425,0.99,0.01,0.99,,,0.01
"2026-06-16 20:36:49",BTCUSDT,0.784405058910056,0.787569379368578,-0.017853603902072,0.80542298327065,0.283197140940109,0.99,0.01,0.99,,,0.01
"2026-06-16 20:36:48",BTCUSDT,0.780469965319899,0.795111734929309,-0.0246028526982742,0.819714587627583,0.467965714652232,0.99,0.01,0.99,,,0.01
"2026-06-16 20:36:48",BTCUSDT,0.780521178798188,0.793287915412919,-0.0284046353125122,0.821692550725431,0.471449699497204,0.99,0.01,0.99,,,0.01
"2026-06-16 20:36:48",BTCUSDT,0.778954839057433,0.791496280868483,-0.026719503939079,0.818215784807562,0.431364036324937,0.99,0.01,0.99,,,0.01
"2026-06-16 20:36:47",BTCUSDT,0.697289970836157,0.798807018113627,-0.0160211884828142,0.814828206596441,0.458453392703903,0.99,0.01,0.99,,,0.01
"2026-06-16 20:36:47",BTCUSDT,0.805098567017655,0.79959346172663,-0.0283206987261724,0.827914160452803,0.551636753108772,0.99,0.01,0.99,,,0.01
"2026-06-16 20:36:47",BTCUSDT,0.780473098330241,0.797203416302082,-0.0265424428856592,0.823745859187741,0.5084679198414,0.99,0.01,0.99,,,0.01
"2026-06-16 20:36:46",BTCUSDT,0.697499727652977,0.853748984419802,-0.0246030290901109,0.878352013509913,0.980981277877024,0.99,0.01,0.99,,,0.01
"2026-06-16 20:36:46",BTCUSDT,0.663283178090916,0.829940758628691,-0.0282316916417194,0.858172450270411,0.813138355676716,0.99,0.01,0.99,,,0.01
"2026-06-16 20:36:46",BTCUSDT,0.696890317110998,0.81330945343898,-0.026719503939079,0.840028957378059,0.662238833120875,0.99,0.01,0.99,,,0.01
"2026-06-16 20:36:45",BTCUSDT,0.697741279342218,0.8951087761091,-0.0248986953284062,0.920007471437506,1.32929563543033,0.99,0.01,0.99,,,0.01
"2026-06-16 20:36:45",BTCUSDT,0.697735154126549,0.870437073361281,-0.0183237461455228,0.888760819506804,1.0761680797951,0.99,0.01,0.99,,,0.01
"2026-06-16 20:36:45",BTCUSDT,0.915502940991534,0.876070306815063,-0.0183237461455228,0.894394052960585,1.11646515626364,0.99,0.01,0.99,,,0.01
"2026-06-16 20:36:44",BTCUSDT,0.697684611623305,0.912631396654612,-0.0195547063435282,0.93218610299814,1.49070143014591,0.99,0.01,0.99,,,0.01
"2026-06-16 20:36:44",BTCUSDT,0.915180893693158,0.91295008378443,-0.0267687754283175,0.939718859212747,1.52092455358514,0.99,0.01,0.99,,,0.01
"2026-06-16 20:36:44",BTCUSDT,0.995782475829655,0.923304132790083,-0.0178974216489513,0.941201554439034,1.5064481314382,0.99,0.01,0.99,,,0.01
"2026-06-16 20:36:43",BTCUSDT,0.918671543814815,0.950888628422152,-0.0194671808108876,0.970355809233039,1.98326570447358,0.99,0.01,0.99,,,0.01
"2026-06-16 20:36:43",BTCUSDT,0.918671766818849,0.946861520721739,-0.0269413536170231,0.973802874338762,1.93710547591617,0.99,0.01,0.99,,,0.01
"2026-06-16 20:36:43",BTCUSDT,0.918673996791928,0.943338080230512,-0.0181557796038139,0.961493859834326,1.77278733528924,0.99,0.01,0.99,,,0.01
"2026-06-16 20:36:42",BTCUSDT,0.995596847598135,0.955858680174678,-0.0281832702200408,0.984041950394719,2.38630793848644,0.99,0.01,0.99,,,0.01
"2026-06-16 20:36:42",BTCUSDT,0.995632810881723,0.960830446513058,-0.0179846778367604,0.978815124349819,2.23082752747936,0.99,0.01,0.99,,,0.01
"2026-06-16 20:36:42",BTCUSDT,0.918115427051331,0.955491069080343,-0.0179846778367604,0.973475746917103,2.09119781294186,0.99,0.01,0.99,,,0.01
"2026-06-16 20:36:41",BTCUSDT,0.998701141263876,0.927796652617754,-0.0160723083951345,0.943868961012888,2.49968620771977,0.99,0.01,0.99,,,0.01
"2026-06-16 20:36:41",BTCUSDT,0.995625057640874,0.936275203245644,-0.0281883184494878,0.964463521695132,2.57645275537008,0.99,0.01,0.99,,,0.01
"2026-06-16 20:36:41",BTCUSDT,0.995625057640874,0.943693935045048,-0.0265914309713302,0.970285366016378,2.49800899950237,0.99,0.01,0.99,,,0.01
"2026-06-16 20:36:41",BTCUSDT,0.995596847598135,0.950181799114184,-0.0178945342735814,0.968076333387765,2.35468846839687,0.99,0.01,0.99,,,0.01
"2026-06-16 20:36:40",BTCUSDT,0.99869528155824,0.892861219856239,-0.0161589048358184,0.909020124692057,2.53608650426287,0.99,0.01,0.99,,,0.01
"2026-06-16 20:36:40",BTCUSDT,0.998701036284386,0.906091196909757,-0.0283611352334539,0.934452332143211,2.68950508874964,0.99,0.01,0.99,,,0.01
"2026-06-16 20:36:40",BTCUSDT,0.998701141263876,0.917667439954022,-0.0266755808988134,0.944343020852836,2.64583532468536,0.99,0.01,0.99,,,0.01
"2026-06-16 20:36:39",BTCUSDT,0.998746891594984,0.84069978555918,-0.0162455271379678,0.856945312697148,2.23343161551588,0.99,0.01,0.99,,,0.01
"2026-06-16 20:36:39",BTCUSDT,0.998746891594984,0.860455673813655,-0.0196319785542076,0.880087652367863,2.4391198218739,0.99,0.01,0.99,,,0.01
"2026-06-16 20:36:39",BTCUSDT,0.998746828780609,0.877742068184524,-0.0265030473733928,0.904245115557917,2.61800006724441,0.99,0.01,0.99,,,0.01
"2026-06-16 20:36:38",BTCUSDT,0.919990365009299,0.762760681698786,-0.0257594661390896,0.788520147837875,1.42692941623139,0.99,0.01,0.99,,,0.01
"2026-06-16 20:36:38",BTCUSDT,0.998966884458591,0.792286457043761,-0.0270060898120121,0.819292546855773,1.85151955015947,0.99,0.01,0.99,,,0.01
"2026-06-16 20:36:38",BTCUSDT,0.998967821126191,0.818121627554065,-0.0269410177595098,0.845062645313575,2.15758954071022,0.99,0.01,0.99,,,0.01
"2026-06-16 20:36:37",BTCUSDT,0.902314356876276,0.710625867824188,-0.040262803291811,0.750888671115999,0.896133796850463,0.99,0.01,0.99,,,0.01
"2026-06-16 20:36:37",BTCUSDT,0.987525277663562,0.74523829405411,-0.0358211986809796,0.781059492735089,1.35969604658393,0.99,0.01,0.99,,,0.01
"2026-06-16 20:36:37",BTCUSDT,0.705726328570931,0.740299298368712,-0.0305117322290051,0.770811030597717,1.17532361776429,0.99,0.01,0.99,,,0.01
"2026-06-16 20:36:36",BTCUSDT,0.891765165874244,0.606478198034791,-0.028840620891169,0.63531881892596,-0.989288888974485,0.99,0.01,0.99,,,0.01
"2026-06-16 20:36:36",BTCUSDT,0.892018736419296,0.642170765332854,-0.0372983127292023,0.679469078062056,-0.260110399299749,0.99,0.01,0.99,,,0.01
"2026-06-16 20:36:36",BTCUSDT,0.970739026346854,0.683241797959604,-0.0412254731903436,0.724467271149948,0.474467935473539,0.99,0.01,0.99,,,0.01
"2026-06-16 20:36:35",BTCUSDT,0.627868223141217,0.585702944851718,-0.0423305649361519,0.62803350978787,-1.21456353261332,0.99,0.01,0.99,,,0.01
"2026-06-16 20:36:35",BTCUSDT,0.488591158877596,0.573563971604952,-0.0370522621595517,0.610616233764504,-1.46398721143767,0.99,0.01,0.99,,,0.01
"2026-06-16 20:36:35",BTCUSDT,0.510835534084284,0.565722916914869,-0.0367966599416191,0.602519576856488,-1.55028389229003,0.99,0.01,0.99,,,0.01
"2026-06-16 20:36:34",BTCUSDT,0.305731096099368,0.552975844784366,-0.0386388404772499,0.591614685261616,-2.01744575879387,0.99,0.01,0.99,,,0.01
"2026-06-16 20:36:34",BTCUSDT,0.305750868345097,0.522072722729457,-0.0438394880194421,0.565912210748899,-2.35310529017203,0.99,0.01,0.99,,,0.01
"2026-06-16 20:36:34",BTCUSDT,0.982925610233827,0.579679333667503,-0.0349851071047802,0.614664440772284,-1.47245707745028,0.99,0.01,0.99,,,0.01
"2026-06-16 20:36:33",BTCUSDT,0.652395520223241,0.649684201522512,-0.0196460568027955,0.669330258325307,-0.739550193498536,0.99,0.01,0.99,,,0.01
"2026-06-16 20:36:33",BTCUSDT,0.371397119100597,0.614898316219773,-0.0344513799035987,0.649349696123371,-1.08806966821215,0.99,0.01,0.99,,,0.01
"2026-06-16 20:36:33",BTCUSDT,0.402083971805087,0.588296523167937,-0.0368154250617172,0.625111948229654,-1.49108149790384,0.99,0.01,0.99,,,0.01
"2026-06-16 20:36:32",BTCUSDT,0.665522106744652,0.646246139138333,-0.00881816839913088,0.655064307537464,-1.0090133231989,0.99,0.01,0.99,,,0.01
"2026-06-16 20:36:32",BTCUSDT,0.662241640060494,0.648245576753603,-0.0199838791190675,0.668229455872671,-0.765705936507881,0.99,0.01,0.99,,,0.01
"2026-06-16 20:36:32",BTCUSDT,0.652731095797644,0.648806266634108,-0.0180064237128467,0.666812690346955,-0.797359513049968,0.99,0.01,0.99,,,0.01
"2026-06-16 20:36:32",BTCUSDT,0.652731095797644,0.64929687027955,-0.0247522735559957,0.674049143835546,-0.659690804092077,0.99,0.01,0.99,,,0.01
"2026-06-16 20:36:31",BTCUSDT,0.664606304778061,0.636835568471146,-0.0166003225988075,0.653435891069954,-1.06853355427573,0.99,0.01,0.99,,,0.01
"2026-06-16 20:36:31",BTCUSDT,0.664915710180174,0.640345586184775,-0.0205079326867809,0.660853518871556,-0.916152122604321,0.99,0.01,0.99,,,0.01
"2026-06-16 20:36:31",BTCUSDT,0.665520332548875,0.643492429480287,-0.0186137254584332,0.662106154938721,-0.884619063060108,0.99,0.01,0.99,,,0.01
"2026-06-16 20:36:30",BTCUSDT,0.642075277770153,0.647337326115865,-0.00825972396971572,0.655597050085581,-1.11000911105133,0.99,0.01,0.99,,,0.01
"2026-06-16 20:36:30",BTCUSDT,0.568051332144953,0.637426576869501,-0.0115924070298965,0.649018983899398,-1.20518127815676,0.99,0.01,0.99,,,0.01
"2026-06-16 20:36:30",BTCUSDT,0.600960525331901,0.632868320427301,-0.0105824842296645,0.643450804656966,-1.27889882671274,0.99,0.01,0.99,,,0.01
"2026-06-16 20:36:29",BTCUSDT,0.636781523860786,0.64981582858196,-0.0167654646034645,0.666581293185424,-0.964005143785159,0.99,0.01,0.99,,,0.01
"2026-06-16 20:36:29",BTCUSDT,0.642448228480201,0.64889487856924,-0.019900349377562,0.668795227946802,-0.906278327466799,0.99,0.01,0.99,,,0.01
"2026-06-16 20:36:29",BTCUSDT,0.642448228480201,0.64808904730811,-0.0179276302958912,0.666016677604001,-0.93722188436273,0.99,0.01,0.99,,,0.01
"2026-06-16 20:36:28",BTCUSDT,0.63802946336573,0.645179354193289,-0.0162678904385336,0.661447244631823,-1.06807051038155,0.99,0.01,0.99,,,0.01
"2026-06-16 20:36:28",BTCUSDT,0.697167497555424,0.651677872113556,-0.0101264443201949,0.661804316433751,-1.05540908941664,0.99,0.01,0.99,,,0.01
"2026-06-16 20:36:27",BTCUSDT,0.638242406333303,0.648671126645842,0.00070000938978662,0.647971117256055,-1.31864757278429,0.99,0.01,0.99,,,0.01
"2026-06-16 20:36:27",BTCUSDT,0.638246883745972,0.647368096283358,-0.0115924070298965,0.658960503313255,-1.12860809502446,0.99,0.01,0.99,,,0.01
"2026-06-16 20:36:27",BTCUSDT,0.63802946336573,0.646200767168655,-0.0180103540438047,0.66421112121246,-1.03056149749782,0.99,0.01,0.99,,,0.01
"2026-06-16 20:36:26",BTCUSDT,0.637976385588455,0.653846747678516,0.00146510873051758,0.652381638947998,-1.31420095005688,0.99,0.01,0.99,,,0.01
"2026-06-16 20:36:26",BTCUSDT,0.637976385588455,0.651862952417258,-0.00817841496590871,0.660041367383167,-1.17468018497313,0.99,0.01,0.99,,,0.01
"2026-06-16 20:36:26",BTCUSDT,0.638246883745972,0.650160943833347,-0.00850050510481003,0.658661448938157,-1.17413495009578,0.99,0.01,0.99,,,0.01
"2026-06-16 20:36:25",BTCUSDT,0.637613620348129,0.661720466007765,-0.00679561688332545,0.66851608289109,-1.1568713855316,0.99,0.01,0.99,,,0.01
"2026-06-16 20:36:25",BTCUSDT,0.637730296529773,0.658721694823016,-0.000528579039014539,0.65925027386203,-1.26312769626446,0.99,0.01,0.99,,,0.01
"2026-06-16 20:36:25",BTCUSDT,0.637859674341371,0.65611394226281,-0.000368887486442164,0.656482829749253,-1.27248582103839,0.99,0.01,0.99,,,0.01
"2026-06-16 20:36:24",BTCUSDT,0.696569450929237,0.665175923877921,-0.00172888852779302,0.666904812405714,-1.26791843207863,0.99,0.01,0.99,,,0.01
"2026-06-16 20:36:24",BTCUSDT,0.696659285645518,0.669111344098871,-0.000209095761389471,0.66932043986026,-1.20138023036063,0.99,0.01,0.99,,,0.01
"2026-06-16 20:36:24",BTCUSDT,0.637535000123894,0.665164301101999,-0.00801616075002263,0.673180461852021,-1.11619151681489,0.99,0.01,0.99,,,0.01
"2026-06-16 20:36:23",BTCUSDT,0.634984988004325,0.67034314248822,-0.0113976930331443,0.681740835521364,-1.14938039744589,0.99,0.01,0.99,,,0.01
"2026-06-16 20:36:23",BTCUSDT,0.61433572665449,0.663342215509004,-0.0101750670837624,0.673517282592766,-1.24007889257727,0.99,0.01,0.99,,,0.01
"2026-06-16 20:36:23",BTCUSDT,0.642133565830267,0.660691134299162,-0.000447269048408813,0.66113840334757,-1.38684324243433,0.99,0.01,0.99,,,0.01
"2026-06-16 20:36:22",BTCUSDT,0.474680442683873,0.696933629844214,-0.00228497268042482,0.699218602524639,-0.976493070678144,0.99,0.01,0.99,,,0.01
"2026-06-16 20:36:22",BTCUSDT,0.571152238979139,0.681210955986079,0.00284148955912706,0.678369466426952,-1.26094711318006,0.99,0.01,0.99,,,0.01
"2026-06-16 20:36:22",BTCUSDT,0.634677767413368,0.67539430741449,-0.00687646814226873,0.682270775556759,-1.17121330765029,0.99,0.01,0.99,,,0.01
"2026-06-16 20:36:21",BTCUSDT,0.656677356205923,0.783875947444396,0.0266740007311704,0.757201946713226,-0.141433384424753,0.99,0.01,0.99,,,0.01
"2026-06-16 20:36:21",BTCUSDT,0.656677356205923,0.767976123539587,0.0238494943375036,0.744126629202083,-0.336731602013378,0.99,0.01,0.99,,,0.01
"2026-06-16 20:36:21",BTCUSDT,0.596535008557388,0.746545984166812,0.0254028671219499,0.721143117044862,-0.676130305074369,0.99,0.01,0.99,,,0.01
"2026-06-16 20:36:21",BTCUSDT,0.603650792054986,0.728684085152834,-0.00378286386563287,0.732466949018467,-0.49050406043982,0.99,0.01,0.99,,,0.01
"2026-06-16 20:36:20",BTCUSDT,0.553093528998103,0.846951414424705,0.0165102918817873,0.830441122542918,0.998941211406836,0.99,0.01,0.99,,,0.01
"2026-06-16 20:36:20",BTCUSDT,0.648560357023257,0.822152532249524,0.0236402408379636,0.79851229141156,0.495973562806319,0.99,0.01,0.99,,,0.01
"2026-06-16 20:36:20",BTCUSDT,0.661309672366756,0.802047174764178,0.0285373655441834,0.773509809219995,0.107775783551216,0.99,0.01,0.99,,,0.01
"2026-06-16 20:36:19",BTCUSDT,0.946700103925223,0.871090017510882,-0.0184103857909554,0.889500403301837,2.04736513104281,0.99,0.01,0.99,,,0.01
"2026-06-16 20:36:19",BTCUSDT,0.947212022127027,0.8806052680879,0.0145310260527099,0.86607424203519,1.62866764854939,0.99,0.01,0.99,,,0.01
"2026-06-16 20:36:19",BTCUSDT,0.947212022127027,0.888931112342791,0.014915865809544,0.874015246533247,1.69681684011705,0.99,0.01,0.99,,,0.01
"2026-06-16 20:36:18",BTCUSDT,0.990682274257531,0.827457095689433,0.0646504356830549,0.762806660006378,0.149021353692179,0.99,0.01,0.99,,,0.01
"2026-06-16 20:36:18",BTCUSDT,0.991215481007887,0.84792689385424,0.0244273892084304,0.823499504645809,1.10336311855576,0.99,0.01,0.99,,,0.01
"2026-06-16 20:36:18",BTCUSDT,0.9468203557767,0.860288576594547,0.0150869903800906,0.845201586214457,1.41504028292137,0.99,0.01,0.99,,,0.01
"2026-06-16 20:36:17",BTCUSDT,0.799149181716615,0.782020788505751,0.0740474315434241,0.707973356962327,-0.705163639473502,0.99,0.01,0.99,,,0.01
"2026-06-16 20:36:17",BTCUSDT,0.74609595442007,0.777530184245041,0.0691191182111275,0.708411066033913,-0.700684535952082,0.99,0.01,0.99,,,0.01
"2026-06-16 20:36:17",BTCUSDT,0.990402414579496,0.804139213036848,0.0632144067828888,0.740924806253959,-0.190200016525544,0.99,0.01,0.99,,,0.01
"2026-06-16 20:36:16",BTCUSDT,0.773921491774327,0.780672592271525,0.0679837390666909,0.712688853204834,-0.656451660941819,0.99,0.01,0.99,,,0.01
"2026-06-16 20:36:16",BTCUSDT,0.77399946735104,0.779838451656464,0.0729544541113823,0.706883997545082,-0.735227528009332,0.99,0.01,0.99,,,0.01
"2026-06-16 20:36:16",BTCUSDT,0.777721839924059,0.779573875189913,0.0727973010955156,0.706776574094398,-0.72342251946936,0.99,0.01,0.99,,,0.01
"2026-06-16 20:36:15",BTCUSDT,0.812536146497308,0.782147169359885,0.067792904900373,0.714354264459512,-0.67487642102033,0.99,0.01,0.99,,,0.01
"2026-06-16 20:36:15",BTCUSDT,0.788828387774163,0.78298232166167,0.06922814161162,0.71375418005005,-0.66864841311739,0.99,0.01,0.99,,,0.01
"2026-06-16 20:36:15",BTCUSDT,0.772220029965876,0.781637035199696,0.0706418273569215,0.710995207842774,-0.697632672398297,0.99,0.01,0.99,,,0.01
"2026-06-16 20:36:14",BTCUSDT,0.763273214680605,0.773967901805533,0.0677457519701196,0.706222149835414,-0.864569143297497,0.99,0.01,0.99,,,0.01
"2026-06-16 20:36:14",BTCUSDT,0.765297132366562,0.772884055625662,0.0691527221198736,0.703731333505788,-0.884189427016264,0.99,0.01,0.99,,,0.01
"2026-06-16 20:36:14",BTCUSDT,0.812258705913821,0.777805886911682,0.0709997132932893,0.706806173618393,-0.813996454056458,0.99,0.01,0.99,,,0.01
"2026-06-16 20:36:13",BTCUSDT,0.760586755500084,0.781839795716536,0.0707398473511621,0.711099948365374,-0.838759505172306,0.99,0.01,0.99,,,0.01
"2026-06-16 20:36:13",BTCUSDT,0.760652626789905,0.779191399600707,0.0695808384786334,0.709610561122074,-0.853232452454117,0.99,0.01,0.99,,,0.01
"2026-06-16 20:36:13",BTCUSDT,0.763598150735448,0.77724224349255,0.069320702003862,0.707921541488688,-0.871141488795914,0.99,0.01,0.99,,,0.01
"2026-06-16 20:36:13",BTCUSDT,0.763270009567766,0.775495714251952,0.0705721864538728,0.704923527798079,-0.903985756923736,0.99,0.01,0.99,,,0.01
"2026-06-16 20:36:12",BTCUSDT,0.810068466805139,0.792352541553901,0.0709129040404735,0.721439637513428,-0.694381086928961,0.99,0.01,0.99,,,0.01
"2026-06-16 20:36:12",BTCUSDT,0.76045239335117,0.78836502302856,0.0692566910511971,0.719108331977363,-0.724684259962591,0.99,0.01,0.99,,,0.01
"2026-06-16 20:36:12",BTCUSDT,0.76045239335117,0.784875944318886,0.0690660967874289,0.715809847531457,-0.77085770405076,0.99,0.01,0.99,,,0.01
"2026-06-16 20:36:11",BTCUSDT,0.782773476627555,0.791730746014979,0.0706587934696645,0.721071952545314,-0.685944685707854,0.99,0.01,0.99,,,0.01
"2026-06-16 20:36:11",BTCUSDT,0.782962607091816,0.790634728649583,0.0693962701424749,0.721238458507108,-0.697365109815179,0.99,0.01,0.99,,,0.01
"2026-06-16 20:36:11",BTCUSDT,0.784130460168429,0.789821695089439,0.0693035488830182,0.720518146206421,-0.713647186633,0.99,0.01,0.99,,,0.01
"2026-06-16 20:36:10",BTCUSDT,0.758939655433433,0.796257549195055,0.0710863633068566,0.725171185888198,-0.497725797295613,0.99,0.01,0.99,,,0.01
"2026-06-16 20:36:10",BTCUSDT,0.781979293682831,0.794472767256027,0.0695581180463553,0.724914649209672,-0.556099271021848,0.99,0.01,0.99,,,0.01
"2026-06-16 20:36:10",BTCUSDT,0.782773476627555,0.793010355927468,0.0691700488709887,0.723840307056479,-0.614213867546989,0.99,0.01,0.99,,,0.01
"2026-06-16 20:36:09",BTCUSDT,0.782332386785505,0.807483621105169,0.0795729084114568,0.727910712693713,-0.239439611953586,0.99,0.01,0.99,,,0.01
"2026-06-16 20:36:09",BTCUSDT,0.782332386785505,0.804339716815211,0.0691700488709887,0.735169667944223,-0.224676111295565,0.99,0.01,0.99,,,0.01
"2026-06-16 20:36:09",BTCUSDT,0.782331397295811,0.801588676875286,0.0694014325787519,0.732187244296534,-0.332334149504623,0.99,0.01,0.99,,,0.01
"2026-06-16 20:36:08",BTCUSDT,0.908495353203588,0.820910318447977,0.0770600537103345,0.743850264737642,0.0960077104717402,0.99,0.01,0.99,,,0.01
"2026-06-16 20:36:08",BTCUSDT,0.779040881597381,0.815676638841652,0.078454937716394,0.737221701125258,-0.0111262370270781,0.99,0.01,0.99,,,0.01
"2026-06-16 20:36:08",BTCUSDT,0.778876764743692,0.811076654579407,0.0798278261059051,0.731248828473502,-0.129652370693536,0.99,0.01,0.99,,,0.01
"2026-06-16 20:36:07",BTCUSDT,0.778532141499245,0.777777380849264,0.0831197932903652,0.694657587558899,-0.06676582164976,0.99,0.01,0.99,,,0.01
"2026-06-16 20:36:07",BTCUSDT,0.908346918972162,0.794098573114626,0.081605891411557,0.712492681703069,-0.0217341087736522,0.99,0.01,0.99,,,0.01
"2026-06-16 20:36:07",BTCUSDT,0.908495353203588,0.808398170625747,0.0795938616473459,0.728804308978401,0.0317690841313213,0.99,0.01,0.99,,,0.01
"2026-06-16 20:36:06",BTCUSDT,0.688997858356104,0.756351451350129,0.0923801227860714,0.663971328564057,-0.0301777159236878,0.99,0.01,0.99,,,0.01
"2026-06-16 20:36:06",BTCUSDT,0.688963334204816,0.747927936706965,0.094145171527042,0.653782765179923,-0.134967376501566,0.99,0.01,0.99,,,0.01
"2026-06-16 20:36:06",BTCUSDT,0.985860906245382,0.777669557899267,0.0957495757023396,0.681919982196927,-0.0710110883898202,0.99,0.01,0.99,,,0.01
"2026-06-16 20:36:05",BTCUSDT,0.689195318074578,0.803982661445327,0.0950967036731896,0.708885957772137,0.267361713978876,0.99,0.01,0.99,,,0.01
"2026-06-16 20:36:05",BTCUSDT,0.688723148154986,0.789575222284034,0.0937363242639624,0.695838898020072,0.205165021665632,0.99,0.01,0.99,,,0.01
"2026-06-16 20:36:05",BTCUSDT,0.688866242790787,0.776986599847378,0.0935642524093406,0.683422347438038,0.133393270534269,0.99,0.01,0.99,,,0.01
"2026-06-16 20:36:05",BTCUSDT,0.688880946719695,0.765973393206418,0.0948860174216661,0.671087375784752,0.0489746121593718,0.99,0.01,0.99,,,0.01
"2026-06-16 20:36:04",BTCUSDT,0.681001096842681,0.862967565769148,0.0950553754076476,0.7679121903615,0.460969130725974,0.99,0.01,0.99,,,0.01
"2026-06-16 20:36:04",BTCUSDT,0.681054634091838,0.840228449309484,0.0934219395274671,0.746806509782017,0.39833300672959,0.99,0.01,0.99,,,0.01
"2026-06-16 20:36:04",BTCUSDT,0.68144768167708,0.820380853355434,0.0934219395274671,0.726958913827967,0.333900780953668,0.99,0.01,0.99,,,0.01
"2026-06-16 20:36:03",BTCUSDT,0.94132885176886,0.95862261247858,0.0886348757006859,0.869987736777894,0.704613970485233,0.99,0.01,0.99,,,0.01
"2026-06-16 20:36:03",BTCUSDT,0.638995111652645,0.918669174875338,0.0876682063382433,0.831000968537095,0.616850504999372,0.99,0.01,0.99,,,0.01
"2026-06-16 20:36:03",BTCUSDT,0.681017980798918,0.888962775615786,0.0926346712480159,0.79632810436777,0.534564520655634,0.99,0.01,0.99,,,0.01
"2026-06-16 20:36:02",BTCUSDT,0.993672784194396,0.959990828087597,0.0891297197384082,0.870861108349189,0.761799730040367,0.99,0.01,0.99,,,0.01
"2026-06-16 20:36:02",BTCUSDT,0.990799717947558,0.963841939320092,0.0873472631246517,0.876494676195441,0.752097672908475,0.99,0.01,0.99,,,0.01
"2026-06-16 20:36:02",BTCUSDT,0.94185162254196,0.961093149722826,0.0873332486179193,0.873759901104907,0.728941506809072,0.99,0.01,0.99,,,0.01
"2026-06-16 20:36:01",BTCUSDT,0.968219946358051,0.943429257905006,0.0843678138355073,0.859061444069499,0.801751513957959,0.99,0.01,0.99,,,0.01
"2026-06-16 20:36:01",BTCUSDT,0.993600574521826,0.949700672482108,0.0876822768540976,0.862018395628011,0.786505149828438,0.99,0.01,0.99,,,0.01
"2026-06-16 20:36:01",BTCUSDT,0.993528253203965,0.955179120072341,0.0875386298896912,0.867640490182649,0.775971783671928,0.99,0.01,0.99,,,0.01
"2026-06-16 20:36:00",BTCUSDT,0.966403832041096,0.962298691453879,0.130415236028986,0.831883455424893,0.821758279777851,0.99,0.01,0.99,,,0.01
"2026-06-16 20:36:00",BTCUSDT,0.994553811983008,0.96633058152002,0.0831943577975436,0.883136223722476,0.880992090799983,0.99,0.01,0.99,,,0.01
"2026-06-16 20:36:00",BTCUSDT,0.754787777225001,0.939887730983142,0.0828050072101608,0.857082723772982,0.818914972068004,0.99,0.01,0.99,,,0.01
"2026-06-16 20:35:59",BTCUSDT,0.967046572599034,0.961014360412019,0.129694255999317,0.831320104412702,0.884630770283653,0.99,0.01,0.99,,,0.01
"2026-06-16 20:35:59",BTCUSDT,0.964526982866715,0.961453438218856,0.128389299351517,0.833064138867339,0.865714160893437,0.99,0.01,0.99,,,0.01
"2026-06-16 20:35:59",BTCUSDT,0.963523874856504,0.961712242798562,0.128986355391187,0.832725887407375,0.843961871068958,0.99,0.01,0.99,,,0.01
"2026-06-16 20:35:58",BTCUSDT,0.994437040277537,0.954062682146981,0.129960324647256,0.824102357499725,0.940639124182951,0.99,0.01,0.99,,,0.01
"2026-06-16 20:35:58",BTCUSDT,0.994576102211396,0.959126859655033,0.128319733356565,0.830807126298469,0.928015679494052,0.99,0.01,0.99,,,0.01
"2026-06-16 20:35:58",BTCUSDT,0.967332908925757,0.960152615813874,0.129593276683524,0.83055933913035,0.905386109430101,0.99,0.01,0.99,,,0.01
"2026-06-16 20:35:57",BTCUSDT,0.994432905375587,0.946580472361468,0.126356279623151,0.820224192738317,1.00403584022941,0.99,0.01,0.99,,,0.01
"2026-06-16 20:35:57",BTCUSDT,0.907562223295384,0.941703191228207,0.127916412574574,0.813786778653633,0.971336660322646,0.99,0.01,0.99,,,0.01
"2026-06-16 20:35:57",BTCUSDT,0.99443699500062,0.948294916699759,0.129440668006107,0.818854248693652,0.95571697610349,0.99,0.01,0.99,,,0.01
"2026-06-16 20:35:56",BTCUSDT,0.993236538070522,0.92336371890047,0.1292263706511,0.79413734824937,1.0379555608571,0.99,0.01,0.99,,,0.01
"2026-06-16 20:35:56",BTCUSDT,0.993254698848807,0.932100091394013,0.128316610655576,0.803783480738437,1.02787500022516,0.99,0.01,0.99,,,0.01
"2026-06-16 20:35:56",BTCUSDT,0.993254644260378,0.939744410502308,0.130298031771486,0.809446378730822,1.01220070164367,0.99,0.01,0.99,,,0.01
"2026-06-16 20:35:55",BTCUSDT,0.993324195501713,0.88893218632191,0.123065326959338,0.765866859362572,1.07268987344814,0.99,0.01,0.99,,,0.01
"2026-06-16 20:35:55",BTCUSDT,0.993324954615277,0.901981282358581,0.128641818933237,0.773339463425344,1.05781941714577,0.99,0.01,0.99,,,0.01
"2026-06-16 20:35:55",BTCUSDT,0.993186124213638,0.913381887590463,0.128176806048013,0.78520508154245,1.04963332433208,0.99,0.01,0.99,,,0.01
"2026-06-16 20:35:54",BTCUSDT,0.970767178363182,0.822281365075811,0.119015664330422,0.703265700745389,1.09193004846633,0.99,0.01,0.99,,,0.01
"2026-06-16 20:35:54",BTCUSDT,0.970819696704724,0.840848656529425,0.117240078454556,0.723608578074869,1.09303759541187,0.99,0.01,0.99,,,0.01
"2026-06-16 20:35:54",BTCUSDT,0.970990400647619,0.857116374544199,0.116875054716786,0.740241319827413,1.08934110913306,0.99,0.01,0.99,,,0.01
"2026-06-16 20:35:54",BTCUSDT,0.992337715417541,0.874019042153367,0.119236224999145,0.754782817154222,1.08315542577248,0.99,0.01,0.99,,,0.01
"2026-06-16 20:35:53",BTCUSDT,0.786664835751667,0.805482403221494,0.11892425811238,0.686558145109115,1.15167898339379,0.99,0.01,0.99,,,0.01
"2026-06-16 20:35:53",BTCUSDT,0.786664835751667,0.803130207287766,0.117648355704205,0.685481851583561,1.12187613736697,0.99,0.01,0.99,,,0.01
"2026-06-16 20:35:53",BTCUSDT,0.786641397263702,0.801069106034758,0.117690362144908,0.68337874388985,1.0916371535047,0.99,0.01,0.99,,,0.01
"2026-06-16 20:35:52",BTCUSDT,0.788641654321734,0.814228405911162,0.119331890036772,0.69489651587439,1.25505306683471,0.99,0.01,0.99,,,0.01
"2026-06-16 20:35:52",BTCUSDT,0.788641654321734,0.811030061962484,0.117103252101554,0.69392680986093,1.22181053819024,0.99,0.01,0.99,,,0.01
"2026-06-16 20:35:52",BTCUSDT,0.788154583428659,0.808170627145755,0.116989255738885,0.69118137140687,1.18740696741832,0.99,0.01,0.99,,,0.01
"2026-06-16 20:35:51",BTCUSDT,0.788653794412753,0.82683063420395,0.0641496988790413,0.762680935324909,1.4550872787315,0.99,0.01,0.99,,,0.01
"2026-06-16 20:35:51",BTCUSDT,0.788653794412753,0.822058529230051,0.116964081154179,0.705094448075872,1.33739900414767,0.99,0.01,0.99,,,0.01
"2026-06-16 20:35:51",BTCUSDT,0.788659544495432,0.817883656138223,0.117648355704205,0.700235300434019,1.29571122778573,0.99,0.01,0.99,,,0.01
"2026-06-16 20:35:50",BTCUSDT,0.791931573075493,0.844656978722158,0.06334095059565,0.781316028126508,1.61697321607854,0.99,0.01,0.99,,,0.01
"2026-06-16 20:35:50",BTCUSDT,0.791867601602918,0.838058306582253,0.0632499808838096,0.774808325698443,1.55953856918386,0.99,0.01,0.99,,,0.01
"2026-06-16 20:35:50",BTCUSDT,0.791867601602918,0.832284468459836,0.0641496988790413,0.768134769580795,1.50505343418141,0.99,0.01,0.99,,,0.01
"2026-06-16 20:35:49",BTCUSDT,0.964825779467557,0.870511070908865,0.0641380161366038,0.806373054772261,1.82154539892617,0.99,0.01,0.99,,,0.01
"2026-06-16 20:35:49",BTCUSDT,0.792801775815201,0.860797409022157,0.0621749711684383,0.798622437853719,1.7495246504863,0.99,0.01,0.99,,,0.01
"2026-06-16 20:35:49",BTCUSDT,0.791931573075493,0.852189179528824,0.0630626016786434,0.789126577850181,1.67989681958217,0.99,0.01,0.99,,,0.01
"2026-06-16 20:35:48",BTCUSDT,0.964241239949148,0.824145781058827,0.0630317096708995,0.761114071387927,1.95874382297805,0.99,0.01,0.99,,,0.01
"2026-06-16 20:35:48",BTCUSDT,0.964483957297503,0.841688053088661,0.0642683467172661,0.777419706371395,1.91166418200083,0.99,0.01,0.99,,,0.01
"2026-06-16 20:35:48",BTCUSDT,0.964483957297503,0.857037541114766,0.0648401173125558,0.792197423802211,1.86552220645,0.99,0.01,0.99,,,0.01
"2026-06-16 20:35:47",BTCUSDT,0.790507374710224,0.808316879562142,0.0640347222435641,0.744282157318577,2.17884835824967,0.99,0.01,0.99,,,0.01
"2026-06-16 20:35:47",BTCUSDT,0.790437869048203,0.806082003247899,0.0639903783243565,0.742091624923543,2.0859953136478,0.99,0.01,0.99,,,0.01
"2026-06-16 20:35:47",BTCUSDT,0.790483129860667,0.804132144074495,0.0651822114473767,0.738949932627118,1.99985980343869,0.99,0.01,0.99,,,0.01
"2026-06-16 20:35:46",BTCUSDT,0.964264082374318,0.774857848360939,0.06719999229644,0.707657856064499,2.58248799533133,0.99,0.01,0.99,,,0.01
"2026-06-16 20:35:46",BTCUSDT,0.964398417273216,0.798550419474973,0.064027694675509,0.734522724799464,2.49527085390178,0.99,0.01,0.99,,,0.01
"2026-06-16 20:35:46",BTCUSDT,0.920297214095385,0.813768768802525,0.0640603466986385,0.749708422103886,2.39788197969508,0.99,0.01,0.99,,,0.01
"2026-06-16 20:35:46",BTCUSDT,0.790507374710224,0.810861094540987,0.0654230084520092,0.745438086088978,2.27968519880229,0.99,0.01,0.99,,,0.01
"2026-06-16 20:35:45",BTCUSDT,0.964268213068769,0.681533978765666,0.0673573837177246,0.614176595047941,2.89125042300659,0.99,0.01,0.99,,,0.01
"2026-06-16 20:35:45",BTCUSDT,0.964268213068769,0.716875758053554,0.0664089253343254,0.650466832719228,2.78511255866088,0.99,0.01,0.99,,,0.01
"2026-06-16 20:35:45",BTCUSDT,0.964268213068769,0.747799814930456,0.0664016512566033,0.681398163673853,2.68191058045069,0.99,0.01,0.99,,,0.01
"2026-06-16 20:35:44",BTCUSDT,0.964256982330429,0.542229211153287,0.0685184691257188,0.473710742027569,3.23283337578298,0.99,0.01,0.99,,,0.01
"2026-06-16 20:35:44",BTCUSDT,0.964256982330429,0.59498268255043,0.0670934333741952,0.527889249176235,3.1200743225774,0.99,0.01,0.99,,,0.01
"2026-06-16 20:35:44",BTCUSDT,0.964268213068769,0.641143373865223,0.0661197581544444,0.575023615710778,3.0064875922303,0.99,0.01,0.99,,,0.01
"2026-06-16 20:35:43",BTCUSDT,0.939179172870194,0.361976216250076,0.0695153757294074,0.292460840520668,3.61975186855418,0.99,0.01,0.99,,,0.01
"2026-06-16 20:35:43",BTCUSDT,0.770652863966911,0.41306079721468,0.0671633731558562,0.345897424058824,3.45249997521414,0.99,0.01,0.99,,,0.01
"2026-06-16 20:35:43",BTCUSDT,0.964090655949663,0.481939529556553,0.0684376294851017,0.413501900071451,3.34574026475117,0.99,0.01,0.99,,,0.01
"2026-06-16 20:35:42",BTCUSDT,0.765877551020408,0.130586358487817,0.0699809749092421,0.060605383578575,4.00314494027806,0.99,0.01,0.99,,,0.01
"2026-06-16 20:35:42",BTCUSDT,0.765856772415254,0.209995160228747,0.0694975079791833,0.140497652249563,3.87001746755096,0.99,0.01,0.99,,,0.01
"2026-06-16 20:35:42",BTCUSDT,0.766183086547814,0.27951865101863,0.0695037027691203,0.21001494824951,3.71717408304309,0.99,0.01,0.99,,,0.01
"2026-06-16 20:35:41",BTCUSDT,0.765968168709074,-0.182411717177695,0.0677267172311398,-0.250138434408834,3.94403170899177,0.99,0.01,0.99,,,0.01
"2026-06-16 20:35:41",BTCUSDT,0.765983296483741,-0.0638623404700151,0.0687574521781675,-0.132619792648183,4.10223804642487,0.99,0.01,0.99,,,0.01
"2026-06-16 20:35:41",BTCUSDT,0.765680174012539,0.0398304738403041,0.0697513123908933,-0.0299208385505891,4.09529628723474,0.99,0.01,0.99,,,0.01
"2026-06-16 20:35:40",BTCUSDT,0.894542396063419,-0.649248990973311,0.0593339447616564,-0.708582935734968,1.46883957297618,0.99,0.01,0.99,,,0.01
"2026-06-16 20:35:40",BTCUSDT,0.763222608452597,-0.472690041045073,0.0573091015336241,-0.529999142578697,2.74934105268443,0.99,0.01,0.99,,,0.01
"2026-06-16 20:35:40",BTCUSDT,0.765673823166218,-0.317894558018662,0.0626761291953661,-0.380570687214028,3.5372161984826,0.99,0.01,0.99,,,0.01
"2026-06-16 20:35:39",BTCUSDT,-0.981169591133894,-0.835614228983283,0.0585925879753325,-0.894206816958616,-0.0537566787155887,0.99,0.01,0.99,,,0.01
"2026-06-16 20:35:39",BTCUSDT,-0.981433487477411,-0.853841636295049,0.0584622729310551,-0.912303909226104,-0.192761823038863,0.99,0.01,0.99,,,0.01
"2026-06-16 20:35:39",BTCUSDT,-0.981433487477411,-0.869790617692844,0.0591462731920117,-0.928936890884856,-0.320449399077553,0.99,0.01,0.99,,,0.01
"2026-06-16 20:35:38",BTCUSDT,-0.966136409760058,-0.763904018861559,0.0556847700087465,-0.819588788870305,0.510963376226225,0.99,0.01,0.99,,,0.01
"2026-06-16 20:35:38",BTCUSDT,-0.981192445516925,-0.79106507219348,0.057706022826954,-0.848771095020434,0.29270621663767,0.99,0.01,0.99,,,0.01
"2026-06-16 20:35:38",BTCUSDT,-0.981109341196926,-0.81482060581891,0.0586396151248773,-0.873460220943788,0.105084776831741,0.99,0.01,0.99,,,0.01
"2026-06-16 20:35:37",BTCUSDT,-0.982741755715076,-0.626861087050327,0.0349651747855345,-0.661826261835862,1.55673671651953,0.99,0.01,0.99,,,0.01
"2026-06-16 20:35:37",BTCUSDT,-0.907187708182733,-0.661901914691878,0.0340757598791932,-0.695977674571071,1.36831278377111,0.99,0.01,0.99,,,0.01
"2026-06-16 20:35:37",BTCUSDT,-0.982637041328334,-0.701993805521435,0.0469586911243128,-0.748952496645748,1.01112092714113,0.99,0.01,0.99,,,0.01
"2026-06-16 20:35:37",BTCUSDT,-0.966152779787,-0.735013677304631,0.0546902987652405,-0.789703976069871,0.725616185767253,0.99,0.01,0.99,,,0.01
"2026-06-16 20:35:36",BTCUSDT,-0.537260022244789,-0.585017582904786,0.037824628652732,-0.622842211557518,1.49687212924902,0.99,0.01,0.99,,,0.01
"2026-06-16 20:35:36",BTCUSDT,-0.537742309090448,-0.579108173677994,0.0334060863803064,-0.6125142600583,1.70375210319643,0.99,0.01,0.99,,,0.01
"2026-06-16 20:35:36",BTCUSDT,-0.554410716468377,-0.576020991526792,0.0334514743855746,-0.609472465912366,1.83830859702664,0.99,0.01,0.99,,,0.01
"2026-06-16 20:35:35",BTCUSDT,-0.537287992166439,-0.608529455104938,0.0385894756039148,-0.647118930708853,0.895499543779053,0.99,0.01,0.99,,,0.01
"2026-06-16 20:35:35",BTCUSDT,-0.537393784825886,-0.599637496320057,0.0369738512206159,-0.636611347540673,1.10099837694391,0.99,0.01,0.99,,,0.01
"2026-06-16 20:35:35",BTCUSDT,-0.537258258323602,-0.5918400915705,0.0377694578911476,-0.629609549461647,1.29947708418138,0.99,0.01,0.99,,,0.01
"2026-06-16 20:35:34",BTCUSDT,-0.537330499972198,-0.643624861385183,0.038708656665123,-0.682333518050306,0.378597283961618,0.99,0.01,0.99,,,0.01
"2026-06-16 20:35:34",BTCUSDT,-0.537330499972198,-0.63033806620856,0.0377876818529185,-0.668125748061479,0.538369053356975,0.99,0.01,0.99,,,0.01
"2026-06-16 20:35:34",BTCUSDT,-0.537287992166439,-0.618706806953295,0.0386599351221027,-0.657366742075398,0.707599928916248,0.99,0.01,0.99,,,0.01
"2026-06-16 20:35:33",BTCUSDT,-0.534463639511887,-0.696406853342471,0.0393478267505636,-0.735754680093035,0.0520960749478116,0.99,0.01,0.99,,,0.01
"2026-06-16 20:35:33",BTCUSDT,-0.534463639511887,-0.676163951613648,0.0384980976970799,-0.714662049310728,0.150625062914752,0.99,0.01,0.99,,,0.01
"2026-06-16 20:35:33",BTCUSDT,-0.537330499972198,-0.658809770158467,0.0384897004706979,-0.697299470629165,0.255663599180911,0.99,0.01,0.99,,,0.01
"2026-06-16 20:35:32",BTCUSDT,-0.534580905153171,-0.776180683648177,0.0405460215227313,-0.816726705170908,-0.222879917302901,0.99,0.01,0.99,,,0.01
"2026-06-16 20:35:32",BTCUSDT,-0.534562389903719,-0.745978396930119,0.0384963246350118,-0.784474721565131,-0.127782133873537,0.99,0.01,0.99,,,0.01
"2026-06-16 20:35:32",BTCUSDT,-0.534484006892457,-0.719541598175412,0.0394871713451589,-0.759028769520571,-0.0399380837843082,0.99,0.01,0.99,,,0.01
"2026-06-16 20:35:31",BTCUSDT,-0.507150562916655,-0.895463587616794,0.0354585329625492,-0.930922120579343,-0.510723310320918,0.99,0.01,0.99,,,0.01
"2026-06-16 20:35:31",BTCUSDT,-0.53456871754281,-0.850351728857546,0.0389195347341926,-0.889271263591738,-0.412118500667152,0.99,0.01,0.99,,,0.01
"2026-06-16 20:35:31",BTCUSDT,-0.533097399748316,-0.810694937718892,0.0408074693195368,-0.851502407038429,-0.317012563957539,0.99,0.01,0.99,,,0.01
"2026-06-16 20:35:30",BTCUSDT,-0.956383119460246,-0.950107852074822,0.034182269231953,-0.984290121306775,-0.665999716347256,0.99,0.01,0.99,,,0.01
"2026-06-16 20:35:30",BTCUSDT,-0.980438505000251,-0.9538991836905,0.0342332607926488,-0.988132444483149,-0.65368829162909,0.99,0.01,0.99,,,0.01
"2026-06-16 20:35:30",BTCUSDT,-0.930200729043861,-0.95093687685967,0.0346631070077596,-0.98559998386743,-0.630320162077542,0.99,0.01,0.99,,,0.01
"2026-06-16 20:35:29",BTCUSDT,-0.956368022030963,-0.945682764128471,0.0355994439646181,-0.981282208093089,-0.739771683341517,0.99,0.01,0.99,,,0.01
"2026-06-16 20:35:29",BTCUSDT,-0.956368022030963,-0.947018421366283,0.0348063847097869,-0.981824806076069,-0.720670902083826,0.99,0.01,0.99,,,0.01
"2026-06-16 20:35:29",BTCUSDT,-0.956365865274372,-0.948186851854794,0.034719997817279,-0.982906849672073,-0.702660283245341,0.99,0.01,0.99,,,0.01
"2026-06-16 20:35:29",BTCUSDT,-0.956383119460246,-0.949211385305475,0.0355606190734931,-0.984772004378969,-0.68622066954626,0.99,0.01,0.99,,,0.01
"2026-06-16 20:35:28",BTCUSDT,-0.954053081055016,-0.941004673939815,0.0362727052570214,-0.977277379196837,-0.793041274195241,0.99,0.01,0.99,,,0.01
"2026-06-16 20:35:28",BTCUSDT,-0.954455458627806,-0.942686022025814,0.0355607316272338,-0.978246753653048,-0.774843405574795,0.99,0.01,0.99,,,0.01
"2026-06-16 20:35:28",BTCUSDT,-0.954448235529936,-0.944156298713829,0.0356075201837349,-0.979763818897564,-0.757336379623146,0.99,0.01,0.99,,,0.01
"2026-06-16 20:35:27",BTCUSDT,-0.954340695097015,-0.934534387118281,0.0363621535288152,-0.970896540647097,-0.837381734488376,0.99,0.01,0.99,,,0.01
"2026-06-16 20:35:27",BTCUSDT,-0.954341398959451,-0.937010263598428,0.0356471655474022,-0.97265742914583,-0.823200671169224,0.99,0.01,0.99,,,0.01
"2026-06-16 20:35:27",BTCUSDT,-0.954053081055016,-0.939140615780501,0.0362731912041107,-0.975413806984612,-0.809307920957125,0.99,0.01,0.99,,,0.01
"2026-06-16 20:35:26",BTCUSDT,-0.95646127241688,-0.924547273522735,0.0401808956672025,-0.964728169189937,-0.873100229359403,0.99,0.01,0.99,,,0.01
"2026-06-16 20:35:26",BTCUSDT,-0.95584055787772,-0.928458934067108,0.0365946644107279,-0.965053598477836,-0.859088276828389,0.99,0.01,0.99,,,0.01
"2026-06-16 20:35:26",BTCUSDT,-0.954426777929373,-0.931704914549891,0.0372715012841496,-0.96897641583404,-0.850310908585379,0.99,0.01,0.99,,,0.01
"2026-06-16 20:35:25",BTCUSDT,-0.898621065207255,-0.91334568088726,0.040939141935831,-0.954284822823091,-0.893307421987699,0.99,0.01,0.99,,,0.01
"2026-06-16 20:35:25",BTCUSDT,-0.956776695150757,-0.918774557670197,0.0394697803182803,-0.958244337988477,-0.887191729615336,0.99,0.01,0.99,,,0.01
"2026-06-16 20:35:25",BTCUSDT,-0.92848314289719,-0.919988130823571,0.0396464883226352,-0.959634619146206,-0.878018608006754,0.99,0.01,0.99,,,0.01
"2026-06-16 20:35:24",BTCUSDT,-0.893152879975102,-0.922286080176875,0.0387824862741125,-0.961068566450987,-0.954529140173856,0.99,0.01,0.99,,,0.01
"2026-06-16 20:35:24",BTCUSDT,-0.893115380384235,-0.918639742702795,0.0387817991237298,-0.957421541826525,-0.92962938317122,0.99,0.01,0.99,,,0.01
"2026-06-16 20:35:24",BTCUSDT,-0.893115380384235,-0.915449197412975,0.040061483358029,-0.955510680771004,-0.909935404618634,0.99,0.01,0.99,,,0.01
"2026-06-16 20:35:23",BTCUSDT,-0.893176542936745,-0.936640339168419,0.0385224722227885,-0.975162811391208,-1.04436051313092,0.99,0.01,0.99,,,0.01
"2026-06-16 20:35:23",BTCUSDT,-0.893152879975102,-0.931204406769254,0.03897118219248,-0.970175588961734,-1.01268378758783,0.99,0.01,0.99,,,0.01
"2026-06-16 20:35:23",BTCUSDT,-0.893152879975102,-0.926447965919985,0.0391087970839996,-0.965556763003985,-0.982604444227749,0.99,0.01,0.99,,,0.01
"2026-06-16 20:35:22",BTCUSDT,-0.896837393720875,-0.957534503244484,0.034794015827086,-0.99232851907157,-1.15006325046275,0.99,0.01,0.99,,,0.01
"2026-06-16 20:35:22",BTCUSDT,-0.896823140591088,-0.949945582912809,0.036831919626097,-0.986777502538906,-1.11389362609321,0.99,0.01,0.99,,,0.01
"2026-06-16 20:35:22",BTCUSDT,-0.893176542936745,-0.942849452915801,0.0389938355524358,-0.981843288468237,-1.08011428478003,0.99,0.01,0.99,,,0.01
"2026-06-16 20:35:21",BTCUSDT,-0.985129357959062,-0.972386422514071,0.0143859781318508,-0.986772400645922,-1.25932383182393,0.99,0.01,0.99,,,0.01
"2026-06-16 20:35:21",BTCUSDT,-0.985128138545888,-0.973979137018048,0.0296627733470215,-1.00364191036507,-1.25906341914515,0.99,0.01,0.99,,,0.01
"2026-06-16 20:35:21",BTCUSDT,-0.991871020546999,-0.976215622459167,0.0314024375247624,-1.00761805998393,-1.23536078905982,0.99,0.01,0.99,,,0.01
"2026-06-16 20:35:21",BTCUSDT,-0.896134793911541,-0.966205518890714,0.0359766829463783,-1.00218220183709,-1.19579198491163,0.99,0.01,0.99,,,0.01
"2026-06-16 20:35:20",BTCUSDT,-0.985072536222559,-0.966107876877596,0.0135800788818209,-0.979687955759417,-1.34808076440835,0.99,0.01,0.99,,,0.01
"2026-06-16 20:35:20",BTCUSDT,-0.985129053124516,-0.968485523908461,0.0121936075911131,-0.980679131499574,-1.314404053091,0.99,0.01,0.99,,,0.01
"2026-06-16 20:35:20",BTCUSDT,-0.985129357959062,-0.970566003164786,0.0128859254349766,-0.983451928599763,-1.28564901113316,0.99,0.01,0.99,,,0.01
"2026-06-16 20:35:19",BTCUSDT,-0.981107377023126,-0.957988749753207,0.0158968174525594,-0.973885567205766,-1.45395886525996,0.99,0.01,0.99,,,0.01
"2026-06-16 20:35:19",BTCUSDT,-0.981109833403639,-0.960878885209511,0.0128836557305216,-0.973762540940033,-1.41285691555835,0.99,0.01,0.99,,,0.01
"2026-06-16 20:35:19",BTCUSDT,-0.981036922159951,-0.963398639828316,0.0136630842640046,-0.977061724092321,-1.3803055058756,0.99,0.01,0.99,,,0.01
"2026-06-16 20:35:18",BTCUSDT,-0.979677174611816,-0.94682435421834,0.0165814214305997,-0.963405775648939,-1.5655279483495,0.99,0.01,0.99,,,0.01
"2026-06-16 20:35:18",BTCUSDT,-0.979625580957621,-0.95092450756075,0.0151281953968891,-0.966052702957639,-1.52521711038451,0.99,0.01,0.99,,,0.01
"2026-06-16 20:35:18",BTCUSDT,-0.981017156791928,-0.954686088714647,0.0157761953255811,-0.970462284040228,-1.48983258084303,0.99,0.01,0.99,,,0.01
"2026-06-16 20:35:17",BTCUSDT,-0.979424342321089,-0.930670737937537,0.0173177191692896,-0.947988457106827,-1.67374896119434,0.99,0.01,0.99,,,0.01
"2026-06-16 20:35:17",BTCUSDT,-0.979568257829127,-0.936782927923986,0.0157801448695796,-0.952563072793565,-1.63705469073119,0.99,0.01,0.99,,,0.01
"2026-06-16 20:35:17",BTCUSDT,-0.979568257829127,-0.942131094162129,0.0165512666122796,-0.958682360774408,-1.60261298478159,0.99,0.01,0.99,,,0.01
"2026-06-16 20:35:16",BTCUSDT,-0.979216901720554,-0.906649282716486,0.0162493237593118,-0.922898606475798,-1.75707751873827,0.99,0.01,0.99,,,0.01
"2026-06-16 20:35:16",BTCUSDT,-0.979424342321089,-0.915746165167062,0.0158127131717598,-0.931558878338822,-1.72823441226715,0.99,0.01,0.99,,,0.01
"2026-06-16 20:35:16",BTCUSDT,-0.979424342321089,-0.923705937311315,0.016543728187223,-0.940249665498538,-1.70102117408015,0.99,0.01,0.99,,,0.01
"2026-06-16 20:35:15",BTCUSDT,-0.979249246666307,-0.870908059221207,0.0141930361954457,-0.885101095416653,-1.82813890908428,0.99,0.01,0.99,,,0.01
"2026-06-16 20:35:15",BTCUSDT,-0.979172254550967,-0.884441083637427,0.0141223382026428,-0.89856342184007,-1.80440970749151,0.99,0.01,0.99,,,0.01
"2026-06-16 20:35:15",BTCUSDT,-0.979172254550967,-0.89628248000162,0.0148433434824495,-0.911125823484069,-1.78082110753521,0.99,0.01,0.99,,,0.01
"2026-06-16 20:35:14",BTCUSDT,-0.97946444764648,-0.817486030986019,0.0134698948652,-0.830955925851219,-1.84986274994444,0.99,0.01,0.99,,,0.01
"2026-06-16 20:35:14",BTCUSDT,-0.979394753076259,-0.837724621247299,0.0135821495376589,-0.851306770784958,-1.84868339885837,0.99,0.01,0.99,,,0.01
"2026-06-16 20:35:14",BTCUSDT,-0.979373625101308,-0.85543074672905,0.0142627496709698,-0.86969349640002,-1.84616616483152,0.99,0.01,0.99,,,0.01
"2026-06-16 20:35:13",BTCUSDT,-0.979447486986883,-0.737677423360311,0.0115062964065186,-0.74918371976683,-1.82153070838662,0.99,0.01,0.99,,,0.01
"2026-06-16 20:35:13",BTCUSDT,-0.97946444764648,-0.767900801396082,0.0120571347973433,-0.779957936193425,-1.83704155899689,0.99,0.01,0.99,,,0.01
"2026-06-16 20:35:13",BTCUSDT,-0.97946444764648,-0.794346257177382,0.0135449059202701,-0.807891163097652,-1.84769720246741,0.99,0.01,0.99,,,0.01
"2026-06-16 20:35:12",BTCUSDT,-0.990081099639725,-0.567513440639345,0.0114950484167032,-0.579008489056049,-1.65019711165538,0.99,0.01,0.99,,,0.01
"2026-06-16 20:35:12",BTCUSDT,-0.979079682676707,-0.618959220894016,0.0107744991019206,-0.629733719995936,-1.71483865998913,0.99,0.01,0.99,,,0.01
"2026-06-16 20:35:12",BTCUSDT,-0.978367731437869,-0.663885284711997,0.011388701517116,-0.675273986229113,-1.76483425479788,0.99,0.01,0.99,,,0.01
"2026-06-16 20:35:12",BTCUSDT,-0.977913749753852,-0.703138842842229,0.0119191146556906,-0.71505795749792,-1.79947454936038,0.99,0.01,0.99,,,0.01
"2026-06-16 20:35:11",BTCUSDT,-0.980842734583954,-0.361245651248347,0.0111302878536251,-0.372375939101972,-1.30834663462554,0.99,0.01,0.99,,,0.01
"2026-06-16 20:35:11",BTCUSDT,-0.983493713302888,-0.439026659005165,0.0112516169664937,-0.450278275971659,-1.44678825740761,0.99,0.01,0.99,,,0.01
"2026-06-16 20:35:11",BTCUSDT,-0.983986444649604,-0.50714663221072,0.0112287641562949,-0.518375396367015,-1.55906460224581,0.99,0.01,0.99,,,0.01
"2026-06-16 20:35:10",BTCUSDT,-0.954265617334706,-0.0595655501301914,0.0107167275119648,-0.0702822776421562,-0.715643076755318,0.99,0.01,0.99,,,0.01
"2026-06-16 20:35:10",BTCUSDT,-0.955393778496787,-0.171544078676016,0.0105332624470246,-0.18207734112304,-0.941226638181223,0.99,0.01,0.99,,,0.01
"2026-06-16 20:35:10",BTCUSDT,-0.981045706871116,-0.272731782200403,0.0105686834734051,-0.283300465673808,-1.14052220940232,0.99,0.01,0.99,,,0.01
"2026-06-16 20:35:09",BTCUSDT,-0.972860760679125,0.381098592721095,0.000437857282487881,0.380660735438608,0.207413175591334,0.99,0.01,0.99,,,0.01
"2026-06-16 20:35:09",BTCUSDT,-0.953629201533682,0.214257618439248,0.00385052594780396,0.210407092491444,-0.139756415783068,0.99,0.01,0.99,,,0.01
"2026-06-16 20:35:09",BTCUSDT,-0.953813367596824,0.0682487451847393,0.010603015230267,0.0576457299544723,-0.453848735824818,0.99,0.01,0.99,,,0.01
"2026-06-16 20:35:08",BTCUSDT,0.624642442668236,0.559178168153062,0.00155639575294203,0.557621772400119,0.53203371759107,0.99,0.01,0.99,,,0.01
"2026-06-16 20:35:08",BTCUSDT,0.624642442668236,0.567361202467458,-0.0134529698260576,0.580814172293516,0.59668620990542,0.99,0.01,0.99,,,0.01
"2026-06-16 20:35:08",BTCUSDT,0.624642442668236,0.574521357492556,-0.0104482396588922,0.584969597151448,0.621932958251367,0.99,0.01,0.99,,,0.01
"2026-06-16 20:35:07",BTCUSDT,0.624233590001699,0.526923175753457,0.00348994386788364,0.523433231885573,0.4147220709328,0.99,0.01,0.99,,,0.01
"2026-06-16 20:35:07",BTCUSDT,0.624642442668236,0.539138084117804,0.000126683292314686,0.539011400825489,0.461657075356698,0.99,0.01,0.99,,,0.01
"2026-06-16 20:35:07",BTCUSDT,0.624642442668236,0.549826128936608,0.00375978071715171,0.546066348219456,0.491972323063451,0.99,0.01,0.99,,,0.01
"2026-06-16 20:35:06",BTCUSDT,0.623918889335438,0.479088361588365,-0.000111929632070749,0.479200291220436,0.282454627282956,0.99,0.01,0.99,,,0.01
"2026-06-16 20:35:06",BTCUSDT,0.623849913743531,0.497183555607761,9.26140878712764e-05,0.497090941519889,0.332156259725367,0.99,0.01,0.99,,,0.01
"2026-06-16 20:35:06",BTCUSDT,0.623888614775338,0.513021688003708,0.00345678938502346,0.509564898618684,0.371789213041862,0.99,0.01,0.99,,,0.01
"2026-06-16 20:35:05",BTCUSDT,0.62417462500776,0.407601089855626,9.26759600400662e-05,0.407508413895585,0.101928242281863,0.99,0.01,0.99,,,0.01
"2026-06-16 20:35:05",BTCUSDT,0.624194270293934,0.434675237410414,-0.00021428820850146,0.434889525618916,0.168208503996782,0.99,0.01,0.99,,,0.01
"2026-06-16 20:35:05",BTCUSDT,0.624459627694509,0.458398286195926,-0.000180206037843529,0.45857849223377,0.228003997907238,0.99,0.01,0.99,,,0.01
"2026-06-16 20:35:04",BTCUSDT,0.630608470026075,0.298915750109825,0.00318534466818795,0.295730405441637,-0.149334881081429,0.99,0.01,0.99,,,0.01
"2026-06-16 20:35:04",BTCUSDT,0.630608470026075,0.340377340099356,-7.78910965156506e-05,0.340455231195872,-0.0521667862709576,0.99,0.01,0.99,,,0.01
"2026-06-16 20:35:04",BTCUSDT,0.630654726547073,0.376662013405321,-7.78910965156506e-05,0.376739904501836,0.02978948314311,0.99,0.01,0.99,,,0.01
"2026-06-16 20:35:03",BTCUSDT,0.598276385010406,0.0679773829115543,0.00655318459009375,0.0614241983214605,-0.637555381835933,0.99,0.01,0.99,,,0.01
"2026-06-16 20:35:03",BTCUSDT,0.624540989701211,0.137547833760261,0.000605737506270742,0.136942096253991,-0.48440871048532,0.99,0.01,0.99,,,0.01
"2026-06-16 20:35:03",BTCUSDT,0.623883542087278,0.198339797301138,0.00315689543552509,0.195182901865613,-0.363057244848583,0.99,0.01,0.99,,,0.01
"2026-06-16 20:35:03",BTCUSDT,0.623870025580628,0.251531075836075,0.0025072623399918,0.249023813496083,-0.249773562404135,0.99,0.01,0.99,,,0.01
"2026-06-16 20:35:02",BTCUSDT,0.605872071745443,-0.194439402022498,0.00826635629266011,-0.202705758315158,-1.17789245049487,0.99,0.01,0.99,,,0.01
"2026-06-16 20:35:02",BTCUSDT,0.605896335311319,-0.0943974348557708,0.00795298392360812,-0.102350418779379,-0.972034911514506,0.99,0.01,0.99,,,0.01
"2026-06-16 20:35:02",BTCUSDT,0.598545104884141,-0.00777961738828174,0.0102637466365439,-0.0180433640248256,-0.799191742418221,0.99,0.01,0.99,,,0.01
"2026-06-16 20:35:01",BTCUSDT,-0.087083917383007,-0.42289936467297,0.00664063859486987,-0.42954000326784,-1.71320163325756,0.99,0.01,0.99,,,0.01
"2026-06-16 20:35:01",BTCUSDT,-0.0370650116680892,-0.37467007054736,0.00785560853887786,-0.382525679086238,-1.57658667744949,0.99,0.01,0.99,,,0.01
"2026-06-16 20:35:01",BTCUSDT,0.152533593345318,-0.308769612560775,0.00468189784788396,-0.313451510408659,-1.40966598671894,0.99,0.01,0.99,,,0.01
"2026-06-16 20:35:00",BTCUSDT,-0.948975326543496,-0.600655593541783,0.00637318080858782,-0.607028774350371,-2.26757223287839,0.99,0.01,0.99,,,0.01
"2026-06-16 20:35:00",BTCUSDT,0.0610453918114634,-0.517942970372627,0.00643271675704169,-0.524375687129669,-2.02135394978867,0.99,0.01,0.99,,,0.01
"2026-06-16 20:35:00",BTCUSDT,-0.14138320739247,-0.470873000000108,0.00646364388335919,-0.477336643883467,-1.86150335774335,0.99,0.01,0.99,,,0.01
"2026-06-16 20:34:59",BTCUSDT,-0.986214944320516,-0.429044981235472,0.00637318080858782,-0.43541816204406,-2.23797659443604,0.99,0.01,0.99,,,0.01
"2026-06-16 20:34:59",BTCUSDT,-0.948954675272009,-0.494033692990039,0.00637318080858782,-0.500406873798627,-2.26875378076854,0.99,0.01,0.99,,,0.01
"2026-06-16 20:34:59",BTCUSDT,-0.948929202544892,-0.550895631684395,0.00637318080858782,-0.557268812492983,-2.27684800059706,0.99,0.01,0.99,,,0.01
"2026-06-16 20:34:58",BTCUSDT,-0.260680902624788,-0.236011273209383,0.00637318080858782,-0.242384454017971,-2.09851368007379,0.99,0.01,0.99,,,0.01
"2026-06-16 20:34:58",BTCUSDT,-0.705682815867188,-0.294720216041608,0.00637318080858782,-0.301093396850196,-2.14057725325299,0.99,0.01,0.99,,,0.01
"2026-06-16 20:34:58",BTCUSDT,-0.732552665495322,-0.349449272223323,0.00637318080858782,-0.35582245303191,-2.16718671434425,0.99,0.01,0.99,,,0.01
"2026-06-16 20:34:57",BTCUSDT,-0.276438422808169,-0.228742143020172,0.00645158120039954,-0.235193724220572,-2.38525631025198,0.99,0.01,0.99,,,0.01
"2026-06-16 20:34:57",BTCUSDT,-0.244701595736416,-0.230737074609702,0.00637318080858782,-0.23711025541829,-2.27810671002779,0.99,0.01,0.99,,,0.01
"2026-06-16 20:34:57",BTCUSDT,-0.24473680121811,-0.232487040435753,0.00637318080858782,-0.238860221244341,-2.18171377638199,0.99,0.01,0.99,,,0.01
"2026-06-16 20:34:56",BTCUSDT,-0.340789410715837,-0.187424320682933,0.00697100162071476,-0.194395322303648,-2.69314890089686,0.99,0.01,0.99,,,0.01
"2026-06-16 20:34:56",BTCUSDT,-0.326566615577246,-0.204817107544722,0.00786488001825749,-0.21268198756298,-2.59043964951632,0.99,0.01,0.99,,,0.01
"2026-06-16 20:34:56",BTCUSDT,-0.341707357304893,-0.221928388764744,0.00695846296625054,-0.228886851730994,-2.49427318279616,0.99,0.01,0.99,,,0.01
"2026-06-16 20:34:55",BTCUSDT,-0.340820956364539,-0.111857760980205,0.00697100162071476,-0.118828762600919,-2.95820614010435,0.99,0.01,0.99,,,0.01
"2026-06-16 20:34:55",BTCUSDT,-0.340802263011251,-0.140475823734085,0.00697100162071476,-0.1474468253548,-2.88363708885381,0.99,0.01,0.99,,,0.01
"2026-06-16 20:34:55",BTCUSDT,-0.340789410715837,-0.165515022106804,0.00697100162071476,-0.172486023727519,-2.79895307713845,0.99,0.01,0.99,,,0.01
"2026-06-16 20:34:54",BTCUSDT,-0.319574876885045,-0.0122184448750179,0.00697100162071476,-0.0191894464957326,-3.15877489421345,0.99,0.01,0.99,,,0.01
"2026-06-16 20:34:54",BTCUSDT,-0.331456030485157,-0.0521231430762852,0.00697100162071476,-0.059094144697,-3.11221000770492,0.99,0.01,0.99,,,0.01
"2026-06-16 20:34:54",BTCUSDT,-0.268327863011258,-0.0791487330681568,0.00697100162071476,-0.0861197346888716,-3.02226169483187,0.99,0.01,0.99,,,0.01
"2026-06-16 20:34:53",BTCUSDT,-0.252465960358556,0.129632575824389,0.00645778450017537,0.123174791324214,-3.15942878698095,0.99,0.01,0.99,,,0.01
"2026-06-16 20:34:53",BTCUSDT,-0.252465960358556,0.0818702588015209,0.00677413217376654,0.0750961266277544,-3.17662372055029,0.99,0.01,0.99,,,0.01
"2026-06-16 20:34:53",BTCUSDT,-0.319574876885045,0.0316896168407002,0.00697100162071476,0.0247186152199855,-3.18775208552727,0.99,0.01,0.99,,,0.01
"2026-06-16 20:34:52",BTCUSDT,-0.309626117798986,0.398793177439372,0.00639210218180315,0.392401075257569,-2.37066356965479,0.99,0.01,0.99,,,0.01
"2026-06-16 20:34:52",BTCUSDT,-0.25129434275447,0.317532237415141,0.00639210218180315,0.311140135233338,-2.72043744328951,0.99,0.01,0.99,,,0.01
"2026-06-16 20:34:52",BTCUSDT,-0.251273054841496,0.246431575883062,0.00639210218180315,0.240039473701259,-2.95649299211656,0.99,0.01,0.99,,,0.01
"2026-06-16 20:34:52",BTCUSDT,-0.251276383234383,0.184218080993381,0.00639210218180315,0.177825978811578,-3.09357061525541,0.99,0.01,0.99,,,0.01
"2026-06-16 20:34:51",BTCUSDT,0.524248309298514,0.629097426656036,0.00639210218180315,0.622705324474233,-1.1068527119757,0.99,0.01,0.99,,,0.01
"2026-06-16 20:34:51",BTCUSDT,0.577169539752134,0.622606440793048,0.00639210218180315,0.616214338611245,-1.15964783888638,0.99,0.01,0.99,,,0.01
"2026-06-16 20:34:51",BTCUSDT,-0.358277614335384,0.499995933901994,0.00639210218180315,0.493603831720191,-1.85119193962228,0.99,0.01,0.99,,,0.01
"2026-06-16 20:34:50",BTCUSDT,0.667817276188901,0.672335574701446,0.00639210218180315,0.665943472519643,-0.812653882197339,0.99,0.01,0.99,,,0.01
"2026-06-16 20:34:50",BTCUSDT,0.579511929687592,0.660732619074714,0.00639210218180315,0.654340516892911,-0.893733861483068,0.99,0.01,0.99,,,0.01
"2026-06-16 20:34:50",BTCUSDT,0.527478642419598,0.644075871992825,0.00639210218180315,0.637683769811022,-1.00459529251254,0.99,0.01,0.99,,,0.01
"2026-06-16 20:34:49",BTCUSDT,0.99680092559886,0.908172973908485,0.00639210218180315,0.901780871726681,0.503903301608147,0.99,0.01,0.99,,,0.01
"2026-06-16 20:34:49",BTCUSDT,-0.444415972805621,0.739099355569221,0.00639210218180315,0.732707253387418,-0.417708026659273,0.99,0.01,0.99,,,0.01
"2026-06-16 20:34:49",BTCUSDT,0.210152878355643,0.672981045917524,0.00639210218180315,0.666588943735721,-0.790753014762078,0.99,0.01,0.99,,,0.01
"2026-06-16 20:34:48",BTCUSDT,0.991802765306419,0.865995360812173,0.00639210218180315,0.85960325863037,0.338516659855638,0.99,0.01,0.99,,,0.01
"2026-06-16 20:34:48",BTCUSDT,0.9919062234084,0.881734218636702,0.00639210218180315,0.875342116454898,0.401988882397863,0.99,0.01,0.99,,,0.01
"2026-06-16 20:34:48",BTCUSDT,0.991955173164821,0.895511837952717,0.00639210218180315,0.889119735770913,0.455689338143392,0.99,0.01,0.99,,,0.01
"2026-06-16 20:34:47",BTCUSDT,0.721296471255137,0.808919760776201,0.00639210218180315,0.802527658594398,0.0974274836634031,0.99,0.01,0.99,,,0.01
"2026-06-16 20:34:47",BTCUSDT,0.95738934778016,0.827478459151696,0.00639210218180315,0.821086356969893,0.174854232872296,0.99,0.01,0.99,,,0.01
"2026-06-16 20:34:47",BTCUSDT,0.991833781584949,0.848022874455853,0.00639210218180315,0.841630772274049,0.263062461018331,0.99,0.01,0.99,,,0.01
"2026-06-16 20:34:46",BTCUSDT,0.799539652646997,0.850784407416481,0.00639210218180315,0.844392305234678,0.350532048917994,0.99,0.01,0.99,,,0.01
"2026-06-16 20:34:46",BTCUSDT,0.669099352374852,0.828073775536277,0.00639210218180315,0.821681673354474,0.223747713928853,0.99,0.01,0.99,,,0.01
"2026-06-16 20:34:46",BTCUSDT,0.774982559765456,0.821437373564925,0.00639210218180315,0.815045271383121,0.175123455171532,0.99,0.01,0.99,,,0.01
"2026-06-16 20:34:45",BTCUSDT,0.707496526760484,0.842277783894883,0.00639210218180315,0.83588568171308,0.360377377688913,0.99,0.01,0.99,,,0.01
"2026-06-16 20:34:45",BTCUSDT,0.909764541106208,0.850713628546299,0.00639210218180315,0.844321526364495,0.384152043787537,0.99,0.01,0.99,,,0.01
"2026-06-16 20:34:45",BTCUSDT,0.909845293530024,0.858105086669264,0.00639210218180315,0.851712984487461,0.402710966761889,0.99,0.01,0.99,,,0.01
"2026-06-16 20:34:44",BTCUSDT,0.707583237968122,0.908913043880622,0.00639210218180315,0.902520941698819,0.715673013065988,0.99,0.01,0.99,,,0.01
"2026-06-16 20:34:44",BTCUSDT,0.706138021073109,0.883566166029683,0.00639210218180315,0.87717406384788,0.580691523512957,0.99,0.01,0.99,,,0.01
"2026-06-16 20:34:44",BTCUSDT,0.707294831390596,0.861532249199797,0.00639210218180315,0.855140147017994,0.463134686750726,0.99,0.01,0.99,,,0.01
"2026-06-16 20:34:43",BTCUSDT,0.915617318015351,0.975692118222005,0.00639210218180315,0.969300016040202,1.12363071690429,0.99,0.01,0.99,,,0.01
"2026-06-16 20:34:43",BTCUSDT,0.986071538329314,0.976989545735419,0.00639210218180315,0.970597443553616,1.10347378578807,0.99,0.01,0.99,,,0.01
"2026-06-16 20:34:43",BTCUSDT,0.925356741080641,0.970535445153571,0.00639210218180315,0.964143342971768,1.04780236866905,0.99,0.01,0.99,,,0.01
"2026-06-16 20:34:43",BTCUSDT,0.707647441727119,0.937674444725265,0.00639210218180315,0.931282342543462,0.870065357935242,0.99,0.01,0.99,,,0.01
"2026-06-16 20:34:42",BTCUSDT,0.988435420752019,0.983269150248808,0.00639210218180315,0.976877048067005,1.24915028486064,0.99,0.01,0.99,,,0.01
"2026-06-16 20:34:42",BTCUSDT,0.989327338342306,0.984026423760496,0.00639210218180315,0.977634321578692,1.22166278501109,0.99,0.01,0.99,,,0.01
"2026-06-16 20:34:42",BTCUSDT,0.986008893974462,0.984274232537242,0.00639210218180315,0.977882130355438,1.1928657792106,0.99,0.01,0.99,,,0.01
"2026-06-16 20:34:41",BTCUSDT,0.988415419446529,0.980713218523591,0.006393254872363,0.974319963651228,1.33769900265801,0.99,0.01,0.99,,,0.01
"2026-06-16 20:34:41",BTCUSDT,0.988465021483577,0.981682193893589,0.00654805668722671,0.975134137206363,1.30672048083113,0.99,0.01,0.99,,,0.01
"2026-06-16 20:34:41",BTCUSDT,0.988473535588815,0.982531111605493,0.00639210218180315,0.976139009423689,1.27811071194984,0.99,0.01,0.99,,,0.01
"2026-06-16 20:34:40",BTCUSDT,0.986659563224218,0.977390387353384,0.006393254872363,0.970997132481021,1.43430778571284,0.99,0.01,0.99,,,0.01
"2026-06-16 20:34:40",BTCUSDT,0.986872975086583,0.978575710820034,0.006393254872363,0.972182455947671,1.4009762552269,0.99,0.01,0.99,,,0.01
"2026-06-16 20:34:40",BTCUSDT,0.986873257107992,0.979612904106029,0.006393254872363,0.973219649233666,1.36814317747249,0.99,0.01,0.99,,,0.01
"2026-06-16 20:34:39",BTCUSDT,0.984689509671269,0.973013205705843,0.006393254872363,0.96661995083348,1.53736628456408,0.99,0.01,0.99,,,0.01
"2026-06-16 20:34:39",BTCUSDT,0.985919408389139,0.974626481041255,0.006393254872363,0.968233226168892,1.5025397972358,0.99,0.01,0.99,,,0.01
"2026-06-16 20:34:39",BTCUSDT,0.98614438768591,0.976066219371837,0.006393254872363,0.969672964499474,1.46837127121038,0.99,0.01,0.99,,,0.01
"2026-06-16 20:34:38",BTCUSDT,0.991443271651283,0.966377687449472,0.006393254872363,0.959984432577109,1.6346872299225,0.99,0.01,0.99,,,0.01
"2026-06-16 20:34:38",BTCUSDT,0.991580493245071,0.969528038173922,0.006393254872363,0.963134783301559,1.60718154460847,0.99,0.01,0.99,,,0.01
"2026-06-16 20:34:38",BTCUSDT,0.984065031040228,0.97134516228221,0.006393254872363,0.964951907409847,1.57274573639414,0.99,0.01,0.99,,,0.01
"2026-06-16 20:34:37",BTCUSDT,0.963649452631753,0.9540690920539,0.006393254872363,0.947675837181537,1.69170312360475,0.99,0.01,0.99,,,0.01
"2026-06-16 20:34:37",BTCUSDT,0.991145306746879,0.958703618890522,0.006393254872363,0.952310364018159,1.67924882801882,0.99,0.01,0.99,,,0.01
"2026-06-16 20:34:37",BTCUSDT,0.991449785417195,0.962796889706356,0.006393254872363,0.956403634833993,1.65973021304491,0.99,0.01,0.99,,,0.01
"2026-06-16 20:34:36",BTCUSDT,0.990463009562154,0.941068285326944,0.006393254872363,0.934675030454581,1.69835148524934,0.99,0.01,0.99,,,0.01
"2026-06-16 20:34:36",BTCUSDT,0.990784944266258,0.947282867694358,0.006393254872363,0.940889612821995,1.70803194745828,0.99,0.01,0.99,,,0.01
"2026-06-16 20:34:36",BTCUSDT,0.990623679053145,0.952700469114206,0.006393254872363,0.946307214241843,1.71100155488948,0.99,0.01,0.99,,,0.01
"2026-06-16 20:34:35",BTCUSDT,0.990856119114754,0.907475561150316,0.006393254872363,0.901082306277953,1.60865815844715,0.99,0.01,0.99,,,0.01
"2026-06-16 20:34:35",BTCUSDT,0.991307344293638,0.917954534043232,0.006393254872363,0.911561279170869,1.63981498418649,0.99,0.01,0.99,,,0.01
"2026-06-16 20:34:35",BTCUSDT,0.98969148226628,0.926921652571113,0.006393254872363,0.92052839769875,1.6642295405388,0.99,0.01,0.99,,,0.01
"2026-06-16 20:34:35",BTCUSDT,0.983643601206092,0.934011896150485,0.006393254872363,0.927618641278122,1.67964025558705,0.99,0.01,0.99,,,0.01
"2026-06-16 20:34:34",BTCUSDT,0.691435366490944,0.922177961745738,0.006393254872363,0.915784706873375,1.85119489699163,0.99,0.01,0.99,,,0.01
"2026-06-16 20:34:34",BTCUSDT,0.652630881566556,0.888484576723341,0.006393254872363,0.882091321850978,1.56811841350069,0.99,0.01,0.99,,,0.01
"2026-06-16 20:34:34",BTCUSDT,0.945120385894076,0.895564052869682,0.006393254872363,0.889170797997319,1.57148447413425,0.99,0.01,0.99,,,0.01
"2026-06-16 20:34:33",BTCUSDT,0.998300486564402,0.941925187517788,0.006393254872363,0.935531932645425,2.23217186340779,0.99,0.01,0.99,,,0.01
"2026-06-16 20:34:33",BTCUSDT,0.998300486564402,0.948972099898615,0.006393254872363,0.942578845026252,2.19663572356368,0.99,0.01,0.99,,,0.01
"2026-06-16 20:34:33",BTCUSDT,0.998324817823938,0.95514118963928,0.006393254872363,0.948747934766917,2.15361348619096,0.99,0.01,0.99,,,0.01
"2026-06-16 20:34:32",BTCUSDT,0.998221777404299,0.914172508188628,0.006393254872363,0.907779253316265,2.1484092869644,0.99,0.01,0.99,,,0.01
"2026-06-16 20:34:32",BTCUSDT,0.998221852955107,0.924678676284438,0.006393254872363,0.918285421412075,2.22242690300657,0.99,0.01,0.99,,,0.01
"2026-06-16 20:34:32",BTCUSDT,0.998221852955107,0.933871573368272,0.006393254872363,0.927478318495909,2.24402012118051,0.99,0.01,0.99,,,0.01
"2026-06-16 20:34:31",BTCUSDT,0.996657427034078,0.872760481581453,0.00639287059598689,0.866367610985466,1.78945989794094,0.99,0.01,0.99,,,0.01
"2026-06-16 20:34:31",BTCUSDT,0.998221749420888,0.888443140061382,0.006393254872363,0.88204988518902,1.94643438046563,0.99,0.01,0.99,,,0.01
"2026-06-16 20:34:31",BTCUSDT,0.998221777404299,0.902165469729247,0.006393254872363,0.895772214856884,2.05077205345358,0.99,0.01,0.99,,,0.01
"2026-06-16 20:34:30",BTCUSDT,0.99306083070423,0.811903260266374,0.323708552050987,0.488194708215386,-0.271922148527713,0.99,0.01,0.99,,,0.01
"2026-06-16 20:34:30",BTCUSDT,0.99565178056476,0.834871825303672,0.00639287059598689,0.828478954707685,1.4702315964149,0.99,0.01,0.99,,,0.01
"2026-06-16 20:34:30",BTCUSDT,0.996384566437207,0.855060917945364,0.00639287059598689,0.848668047349377,1.62886859688388,0.99,0.01,0.99,,,0.01
"2026-06-16 20:34:29",BTCUSDT,0.719359299797109,0.762647268113475,0.303461182458729,0.459186085654746,-0.227712087611612,0.99,0.01,0.99,,,0.01
"2026-06-16 20:34:29",BTCUSDT,0.719396956582057,0.757240979172048,0.312625604053992,0.444615375118056,-0.347218099487518,0.99,0.01,0.99,,,0.01
"2026-06-16 20:34:29",BTCUSDT,0.987502004569103,0.78602360734668,0.336122267495102,0.449901339851578,-0.388776310710775,0.99,0.01,0.99,,,0.01
"2026-06-16 20:34:28",BTCUSDT,0.719352916289459,0.783976654228172,0.309382455851522,0.474594198376649,-0.0264401387133889,0.99,0.01,0.99,,,0.01
"2026-06-16 20:34:28",BTCUSDT,0.719352916289459,0.775898686985833,0.30095365907573,0.474945027910102,-0.0692233952627475,0.99,0.01,0.99,,,0.01
"2026-06-16 20:34:28",BTCUSDT,0.719359299797109,0.768831263587242,0.310696136421101,0.458135127166141,-0.178396670922324,0.99,0.01,0.99,,,0.01
"2026-06-16 20:34:27",BTCUSDT,0.812705562869554,0.806651628818311,0.280218024641165,0.526433604177146,0.231843910029102,0.99,0.01,0.99,,,0.01
"2026-06-16 20:34:27",BTCUSDT,0.783520613634658,0.803760251920354,0.288085161865412,0.515675090054943,0.172245779556671,0.99,0.01,0.99,,,0.01
"2026-06-16 20:34:27",BTCUSDT,0.719347170884276,0.793208616790845,0.299977378477469,0.493231238313376,0.071973625587831,0.99,0.01,0.99,,,0.01
"2026-06-16 20:34:26",BTCUSDT,0.812838615855365,0.805869021325361,0.272431838982766,0.533437182342596,0.323875438848992,0.99,0.01,0.99,,,0.01
"2026-06-16 20:34:26",BTCUSDT,0.812838615855365,0.806740220641612,0.281662073607973,0.525078147033638,0.281319267391251,0.99,0.01,0.99,,,0.01
"2026-06-16 20:34:26",BTCUSDT,0.799112704282359,0.805786781096705,0.2849751136757,0.520811667421005,0.245444060811909,0.99,0.01,0.99,,,0.01
"2026-06-16 20:34:25",BTCUSDT,0.808379369406316,0.803513736331972,0.280403084166488,0.523110652165484,0.369034774681053,0.99,0.01,0.99,,,0.01
"2026-06-16 20:34:25",BTCUSDT,0.805446017439012,0.803755271470352,0.272125456163411,0.531629815306942,0.364591484919747,0.99,0.01,0.99,,,0.01
"2026-06-16 20:34:25",BTCUSDT,0.81270001941899,0.804873364963932,0.27175541892495,0.533117946038982,0.345790734513679,0.99,0.01,0.99,,,0.01
"2026-06-16 20:34:24",BTCUSDT,0.808379369406316,0.801116383592718,0.271856849826999,0.52925953376572,0.442147868887667,0.99,0.01,0.99,,,0.01
"2026-06-16 20:34:24",BTCUSDT,0.808379369406316,0.802024256819418,0.265286165622592,0.536738091196826,0.435856898634048,0.99,0.01,0.99,,,0.01
"2026-06-16 20:34:24",BTCUSDT,0.808379369406316,0.80281864589278,0.275834648622306,0.526983997270474,0.397322602339945,0.99,0.01,0.99,,,0.01
"2026-06-16 20:34:23",BTCUSDT,0.808376769158629,0.795989407720544,0.264141734855846,0.531847672864698,0.524667597723688,0.99,0.01,0.99,,,0.01
"2026-06-16 20:34:23",BTCUSDT,0.808376769158629,0.797537827900304,0.269339381650688,0.528198446249617,0.499427678191122,0.99,0.01,0.99,,,0.01
"2026-06-16 20:34:23",BTCUSDT,0.808379369406316,0.798893020588556,0.261438489966424,0.537454530622132,0.496026711355918,0.99,0.01,0.99,,,0.01
"2026-06-16 20:34:23",BTCUSDT,0.808379369406316,0.800078814190776,0.253621583686101,0.546457230504675,0.492376846192656,0.99,0.01,0.99,,,0.01
"2026-06-16 20:34:22",BTCUSDT,0.806059205986863,0.790657701534571,0.238238827758101,0.55241887377647,0.61536059910781,0.99,0.01,0.99,,,0.01
"2026-06-16 20:34:22",BTCUSDT,0.806314515847091,0.792614803323636,0.237313420984196,0.55530138233944,0.600980137013791,0.99,0.01,0.99,,,0.01
"2026-06-16 20:34:22",BTCUSDT,0.805454653998227,0.79421978465796,0.261574242093547,0.532645542564413,0.54496942476677,0.99,0.01,0.99,,,0.01
"2026-06-16 20:34:21",BTCUSDT,0.814234513161392,0.783265362974833,0.251008661154852,0.532256701819982,0.640238928187104,0.99,0.01,0.99,,,0.01
"2026-06-16 20:34:21",BTCUSDT,0.805266284144787,0.786015478121078,0.24316602149543,0.542849456625648,0.63797575216069,0.99,0.01,0.99,,,0.01
"2026-06-16 20:34:21",BTCUSDT,0.805551546054981,0.788457486612815,0.246077511588878,0.542379975023937,0.618279748331295,0.99,0.01,0.99,,,0.01
"2026-06-16 20:34:20",BTCUSDT,0.801801830430914,0.768353390835698,0.256423532600994,0.511929858234704,0.664037814681151,0.99,0.01,0.99,,,0.01
"2026-06-16 20:34:20",BTCUSDT,0.812926506627632,0.77392503030969,0.252768774499437,0.521156255810253,0.660368569504572,0.99,0.01,0.99,,,0.01
"2026-06-16 20:34:20",BTCUSDT,0.813254377131915,0.778841198662468,0.241312979640097,0.537528219022371,0.667262112457629,0.99,0.01,0.99,,,0.01
"2026-06-16 20:34:19",BTCUSDT,0.78049541462716,0.752819344006847,0.109854202851407,0.642965141155441,0.92418517975501,0.99,0.01,0.99,,,0.01
"2026-06-16 20:34:19",BTCUSDT,0.796321700698592,0.758257138593315,0.109854202851407,0.648402935741909,0.911610939569211,0.99,0.01,0.99,,,0.01
"2026-06-16 20:34:19",BTCUSDT,0.80080036842356,0.763575042322096,0.245509429767554,0.518065612554542,0.690981780069045,0.99,0.01,0.99,,,0.01
"2026-06-16 20:34:18",BTCUSDT,0.683666240978786,0.7523031816975,0.107303889117664,0.644999292579836,0.988835871840869,0.99,0.01,0.99,,,0.01
"2026-06-16 20:34:18",BTCUSDT,0.688827795881074,0.744368758470447,0.107206935590517,0.63716182287993,0.955829960243485,0.99,0.01,0.99,,,0.01
"2026-06-16 20:34:18",BTCUSDT,0.780343647767006,0.748865619632517,0.10037611825186,0.648489501380657,0.952971985191318,0.99,0.01,0.99,,,0.01
"2026-06-16 20:34:17",BTCUSDT,0.800601553134612,0.754250750459943,0.0954121513762,0.658838599083744,1.07757542191515,0.99,0.01,0.99,,,0.01
"2026-06-16 20:34:17",BTCUSDT,0.80059908248071,0.760044291962539,0.0973642352513274,0.662680056711212,1.06106320908324,0.99,0.01,0.99,,,0.01
"2026-06-16 20:34:17",BTCUSDT,0.77655762780647,0.762108458943031,0.0958019899572578,0.666306468985773,1.04425934216904,0.99,0.01,0.99,,,0.01
"2026-06-16 20:34:16",BTCUSDT,0.80043485325637,0.731466112998228,0.0984141538818187,0.633051959116409,1.10128317942579,0.99,0.01,0.99,,,0.01
"2026-06-16 20:34:16",BTCUSDT,0.800442882543278,0.740088209191359,0.0946033544366947,0.645484854754664,1.10019464548522,0.99,0.01,0.99,,,0.01
"2026-06-16 20:34:16",BTCUSDT,0.800416193426127,0.747629207220705,0.0965734738554211,0.651055733365284,1.08734959449821,0.99,0.01,0.99,,,0.01
"2026-06-16 20:34:15",BTCUSDT,0.932075803730718,0.705236012470312,0.0652320594893398,0.640003952980972,1.18030547590075,0.99,0.01,0.99,,,0.01
"2026-06-16 20:34:15",BTCUSDT,0.774294131236703,0.71386827731611,0.0857066381854152,0.628161639130695,1.13722669741389,0.99,0.01,0.99,,,0.01
"2026-06-16 20:34:15",BTCUSDT,0.775829545335172,0.721613435818493,0.0842932012148948,0.637320234603598,1.13003930297199,0.99,0.01,0.99,,,0.01
"2026-06-16 20:34:14",BTCUSDT,0.626493533876863,0.709338009950104,0.060407548450743,0.648930461499361,1.29749651603211,0.99,0.01,0.99,,,0.01
"2026-06-16 20:34:14",BTCUSDT,0.587604877503076,0.694121368394226,0.0699623140634677,0.624159054330758,1.22700627062602,0.99,0.01,0.99,,,0.01
"2026-06-16 20:34:14",BTCUSDT,0.59109986730788,0.681243680758433,0.0601668596124991,0.621076821145933,1.19627410091287,0.99,0.01,0.99,,,0.01
"2026-06-16 20:34:14",BTCUSDT,0.613936858727287,0.672830328004539,0.0606935889144516,0.612136739090088,1.15712280759985,0.99,0.01,0.99,,,0.01
"2026-06-16 20:34:13",BTCUSDT,0.626386947322982,0.750167393771314,0.0564563326075188,0.693711061163795,1.47608478327843,0.99,0.01,0.99,,,0.01
"2026-06-16 20:34:13",BTCUSDT,0.626403274746952,0.734696878893269,0.067881621002615,0.666815257890654,1.39176864716066,0.99,0.01,0.99,,,0.01
"2026-06-16 20:34:13",BTCUSDT,0.626505328574512,0.721172935103424,0.0709420740417093,0.650230861061715,1.32976281385888,0.99,0.01,0.99,,,0.01
"2026-06-16 20:34:12",BTCUSDT,0.608537277051941,0.813710513418634,0.0701039735270699,0.743606539891564,1.70238089777779,0.99,0.01,0.99,,,0.01
"2026-06-16 20:34:12",BTCUSDT,0.608501343460481,0.788059367173865,0.0727447322131773,0.715314634960687,1.60016172263291,0.99,0.01,0.99,,,0.01
"2026-06-16 20:34:12",BTCUSDT,0.626386947322982,0.767850314692504,0.063340746181363,0.704509568511141,1.53618530787071,0.99,0.01,0.99,,,0.01
"2026-06-16 20:34:11",BTCUSDT,0.993315612009181,0.859695109780312,0.0310036925031803,0.828691417277132,2.07129672374913,0.99,0.01,0.99,,,0.01
"2026-06-16 20:34:11",BTCUSDT,0.993315876090615,0.8763977055691,0.0360421697313385,0.840355535837762,2.01345885853189,0.99,0.01,0.99,,,0.01
"2026-06-16 20:34:11",BTCUSDT,0.609383867070162,0.843020975756733,0.0710159065618312,0.772005069194902,1.81302821566731,0.99,0.01,0.99,,,0.01
"2026-06-16 20:34:10",BTCUSDT,0.993314803129966,0.793858992389398,-0.0181014025765325,0.811960394965931,2.33088218424165,0.99,0.01,0.99,,,0.01
"2026-06-16 20:34:10",BTCUSDT,0.993314803129966,0.818790968731969,-0.0194587396162866,0.838249708348256,2.27803907863063,0.99,0.01,0.99,,,0.01
"2026-06-16 20:34:10",BTCUSDT,0.993314951714294,0.84060646660476,0.0104651160390314,0.830141350565728,2.16223327711863,0.99,0.01,0.99,,,0.01
"2026-06-16 20:34:09",BTCUSDT,0.993231182400576,0.695610444755083,-0.00590302287518327,0.701513467630267,2.4375098103045,0.99,0.01,0.99,,,0.01
"2026-06-16 20:34:09",BTCUSDT,0.993231182400576,0.73281303696077,-0.0175883338810253,0.750401370841795,2.42927136059332,0.99,0.01,0.99,,,0.01
"2026-06-16 20:34:09",BTCUSDT,0.993231182400576,0.765365305140746,-0.0197315730797816,0.785096878220527,2.38709410093187,0.99,0.01,0.99,,,0.01
"2026-06-16 20:34:08",BTCUSDT,0.993319266885957,0.548939119623279,0.0118312771015943,0.537107842521685,2.37344455161094,0.99,0.01,0.99,,,0.01
"2026-06-16 20:34:08",BTCUSDT,0.993319266885957,0.604486638031114,-0.00192786174808955,0.606414499779204,2.44339676531173,0.99,0.01,0.99,,,0.01
"2026-06-16 20:34:08",BTCUSDT,0.993339105942304,0.653093196520013,-0.0059801187437279,0.659073315263741,2.45642892207937,0.99,0.01,0.99,,,0.01
"2026-06-16 20:34:07",BTCUSDT,0.906965998412119,0.340356250428283,-0.0250591259060742,0.365415376334357,2.20026620633954,0.99,0.01,0.99,,,0.01
"2026-06-16 20:34:07",BTCUSDT,0.921321173962174,0.412976865870019,-0.024954909774877,0.437931775644896,2.3083992006733,0.99,0.01,0.99,,,0.01
"2026-06-16 20:34:07",BTCUSDT,0.99281187045304,0.485456241442897,0.0224472667675879,0.463008974675309,2.2775760050259,0.99,0.01,0.99,,,0.01
"2026-06-16 20:34:06",BTCUSDT,0.983661583969906,0.0751417428135853,-0.046836377570276,0.121978120383861,1.74621051343137,0.99,0.01,0.99,,,0.01
"2026-06-16 20:34:06",BTCUSDT,0.325418188631502,0.106426298540825,-0.0343831078052951,0.14080940634612,1.74660610183809,0.99,0.01,0.99,,,0.01
"2026-06-16 20:34:06",BTCUSDT,0.551232517855136,0.162027075955114,-0.0270353920379639,0.189062467993078,1.83437270392376,0.99,0.01,0.99,,,0.01
"2026-06-16 20:34:06",BTCUSDT,0.941106474044654,0.259412000716306,-0.0316563534132576,0.291068354129564,2.06951439951716,0.99,0.01,0.99,,,0.01
"2026-06-16 20:34:05",BTCUSDT,0.0562534875903874,-0.171131492756819,-0.056592226951368,-0.114539265805451,1.07884130209499,0.99,0.01,0.99,,,0.01
"2026-06-16 20:34:05",BTCUSDT,0.219105829999129,-0.122351827412326,-0.0567753572408855,-0.06557647017144,1.21758851842859,0.99,0.01,0.99,,,0.01
"2026-06-16 20:34:05",BTCUSDT,0.419288344502024,-0.0546468059230319,-0.0464427223349025,-0.00820408358812935,1.37370465758702,0.99,0.01,0.99,,,0.01
"2026-06-16 20:34:04",BTCUSDT,0.12133460356219,-0.292675828747831,-0.0565011631262887,-0.236174665621542,0.699867751116913,0.99,0.01,0.99,,,0.01
"2026-06-16 20:34:04",BTCUSDT,0.0873230144470812,-0.245175973348467,-0.046836377570276,-0.198339595778191,0.82328991197714,0.99,0.01,0.99,,,0.01
"2026-06-16 20:34:04",BTCUSDT,0.0873113224164821,-0.203615061377848,-0.0569805337898786,-0.14663452758797,0.988707054945895,0.99,0.01,0.99,,,0.01
"2026-06-16 20:34:03",BTCUSDT,0.0563531850360588,-0.474184052450559,-0.0464942463413205,-0.427689806109238,0.037561584393076,0.99,0.01,0.99,,,0.01
"2026-06-16 20:34:03",BTCUSDT,0.0563531850360588,-0.407866897764732,-0.0565011631262887,-0.351365734638443,0.305579368176791,0.99,0.01,0.99,,,0.01
"2026-06-16 20:34:03",BTCUSDT,0.0405068745875919,-0.351820176220691,-0.0563991264550229,-0.295421049765668,0.499225974596745,0.99,0.01,0.99,,,0.01
"2026-06-16 20:34:02",BTCUSDT,0.219021666443761,-0.767499267366456,-0.0563991264550229,-0.711100140911433,-0.970534748132871,0.99,0.01,0.99,,,0.01
"2026-06-16 20:34:02",BTCUSDT,0.219019691108072,-0.64418439755714,-0.0560712755958952,-0.588113121961245,-0.533325199987484,0.99,0.01,0.99,,,0.01
"2026-06-16 20:34:02",BTCUSDT,0.109490091882229,-0.549975086377219,-0.0565011631262887,-0.49347392325093,-0.197148176829597,0.99,0.01,0.99,,,0.01
"2026-06-16 20:34:01",BTCUSDT,-0.967848065336034,-0.894354885053668,-0.0520483524042513,-0.842306532649416,-1.53519859255048,0.99,0.01,0.99,,,0.01
"2026-06-16 20:34:01",BTCUSDT,-0.967899513765878,-0.903547963642694,-0.0539639772600722,-0.849583986382622,-1.5153700817062,0.99,0.01,0.99,,,0.01
"2026-06-16 20:34:01",BTCUSDT,-0.942610889215892,-0.908430829339344,-0.053945749437483,-0.854485079901861,-1.48813781105196,0.99,0.01,0.99,,,0.01
"2026-06-16 20:34:00",BTCUSDT,-0.940846340279621,-0.861815445307768,-0.0378339503004798,-0.823981495007288,-1.60253174176832,0.99,0.01,0.99,,,0.01
"2026-06-16 20:34:00",BTCUSDT,-0.940361742822775,-0.871633732497143,-0.0417021911927614,-0.829931541304382,-1.5807467655782,0.99,0.01,0.99,,,0.01
"2026-06-16 20:34:00",BTCUSDT,-0.969410746912345,-0.883855859299044,-0.0517167057676253,-0.832139153531419,-1.54430497491187,0.99,0.01,0.99,,,0.01
"2026-06-16 20:33:59",BTCUSDT,-0.899199978423354,-0.847878736595594,-0.0477974605551495,-0.800081276040444,-1.63134590185565,0.99,0.01,0.99,,,0.01
"2026-06-16 20:33:59",BTCUSDT,-0.765771611178242,-0.837615345918425,-0.0497800891154183,-0.787835256803006,-1.54861210861876,0.99,0.01,0.99,,,0.01
"2026-06-16 20:33:59",BTCUSDT,-0.940895118208193,-0.850525317454646,-0.0499095231275625,-0.800615794327083,-1.56010845260187,0.99,0.01,0.99,,,0.01
"2026-06-16 20:33:58",BTCUSDT,-0.899206944502971,-0.82265998019479,-0.0360261664175332,-0.786633813777257,-1.74049270605046,0.99,0.01,0.99,,,0.01
"2026-06-16 20:33:58",BTCUSDT,-0.898722444763136,-0.832167788265833,-0.0398211903433964,-0.792346597922437,-1.70538567568648,0.99,0.01,0.99,,,0.01
"2026-06-16 20:33:58",BTCUSDT,-0.899202527100762,-0.840547130620199,-0.0379611796814998,-0.802585950938699,-1.68796106700357,0.99,0.01,0.99,,,0.01
"2026-06-16 20:33:57",BTCUSDT,-0.899238957295644,-0.784944420521079,-0.0423728117171395,-0.74257160880394,-1.75185220032506,0.99,0.01,0.99,,,0.01
"2026-06-16 20:33:57",BTCUSDT,-0.899206944502971,-0.799227236018816,-0.0385101783115955,-0.76071705770722,-1.76123458500809,0.99,0.01,0.99,,,0.01
"2026-06-16 20:33:57",BTCUSDT,-0.899206944502971,-0.811724699579335,-0.0360054323298876,-0.775719267249448,-1.75852471934701,0.99,0.01,0.99,,,0.01
"2026-06-16 20:33:56",BTCUSDT,-0.900115043195622,-0.728555468089395,-0.0524591928853299,-0.676096275204065,-1.66284066824275,0.99,0.01,0.99,,,0.01
"2026-06-16 20:33:56",BTCUSDT,-0.899588019934411,-0.749934537070022,-0.0504813048623934,-0.699453232207629,-1.70047533633904,0.99,0.01,0.99,,,0.01
"2026-06-16 20:33:56",BTCUSDT,-0.899391276936122,-0.768616629553285,-0.0385101783115955,-0.730106451241689,-1.7620808237263,0.99,0.01,0.99,,,0.01
"2026-06-16 20:33:55",BTCUSDT,-0.991393730364925,-0.635565055557193,-0.0383630911399764,-0.597201964417217,-1.49446707650148,0.99,0.01,0.99,,,0.01
"2026-06-16 20:33:55",BTCUSDT,-0.952190722097915,-0.675143263874783,-0.0286241203225295,-0.646519143552254,-1.64542723284795,0.99,0.01,0.99,,,0.01
"2026-06-16 20:33:55",BTCUSDT,-0.906372811755989,-0.704046957359934,-0.0406369178733265,-0.663410039486608,-1.66303504282936,0.99,0.01,0.99,,,0.01
"2026-06-16 20:33:54",BTCUSDT,-0.989514803906371,-0.385360264812331,-0.0585768027208403,-0.326783462091491,-0.533459023207389,0.99,0.01,0.99,,,0.01
"2026-06-16 20:33:54",BTCUSDT,-0.98964140155759,-0.460895406905488,-0.0572210579338822,-0.403674348971606,-0.813734750568156,0.99,0.01,0.99,,,0.01
"2026-06-16 20:33:54",BTCUSDT,-0.989023958456273,-0.526911475849336,-0.0445020303884321,-0.482409445460904,-1.10249055224039,0.99,0.01,0.99,,,0.01
"2026-06-16 20:33:54",BTCUSDT,-0.989478770874781,-0.584732387727517,-0.0346544950047883,-0.550077892722729,-1.34331219614524,0.99,0.01,0.99,,,0.01
"2026-06-16 20:33:53",BTCUSDT,-0.304656096542098,-0.200272462253756,-0.0558953809650237,-0.144377081288732,0.0739416413923444,0.99,0.01,0.99,,,0.01
"2026-06-16 20:33:53",BTCUSDT,-0.209372883988197,-0.201410014970561,-0.0580917006843639,-0.143318314286197,0.106691521333264,0.99,0.01,0.99,,,0.01
"2026-06-16 20:33:53",BTCUSDT,-0.982549683311533,-0.299052473513182,-0.0556073701409973,-0.243445103372185,-0.236481281265019,0.99,0.01,0.99,,,0.01
"2026-06-16 20:33:52",BTCUSDT,-0.285582804536172,-0.14884427313429,-0.0480263160409141,-0.100817957093376,0.140854695783564,0.99,0.01,0.99,,,0.01
"2026-06-16 20:33:52",BTCUSDT,-0.285620657363408,-0.16594132116293,-0.0479078813012534,-0.118033439861677,0.109030913088381,0.99,0.01,0.99,,,0.01
"2026-06-16 20:33:52",BTCUSDT,-0.321294867845717,-0.185360514498278,-0.0581365331238281,-0.12722398137445,0.104827112008194,0.99,0.01,0.99,,,0.01
"2026-06-16 20:33:51",BTCUSDT,-0.169813363747595,-0.0650941298386583,-0.0518453565262487,-0.0132487733124097,0.337774344965721,0.99,0.01,0.99,,,0.01
"2026-06-16 20:33:51",BTCUSDT,-0.392672167388523,-0.106041384532391,-0.0599771241084761,-0.0460642604239154,0.269833512135676,0.99,0.01,0.99,,,0.01
"2026-06-16 20:33:51",BTCUSDT,-0.292191886031148,-0.129310197219736,-0.0477274031492251,-0.0815827940705108,0.182399059494671,0.99,0.01,0.99,,,0.01
"2026-06-16 20:33:50",BTCUSDT,-0.0159300129345102,-0.060594360249551,-0.0657829292829913,0.00518856903344025,0.302489848497343,0.99,0.01,0.99,,,0.01
"2026-06-16 20:33:50",BTCUSDT,-0.0159300129345102,-0.0550113168351709,-0.06840373628847,0.0133924194532991,0.354099876538258,0.99,0.01,0.99,,,0.01
"2026-06-16 20:33:50",BTCUSDT,-0.0159946963957138,-0.0501342392802388,-0.0623021249031556,0.0121678856229168,0.381203673225594,0.99,0.01,0.99,,,0.01
"2026-06-16 20:33:49",BTCUSDT,0.01406216398131,-0.082307624195027,-0.0654062269775288,-0.0169013972174982,0.170252958227357,0.99,0.01,0.99,,,0.01
"2026-06-16 20:33:49",BTCUSDT,-0.0179835876884616,-0.0742671196317063,-0.0579100756921607,-0.0163570439395456,0.193572917205238,0.99,0.01,0.99,,,0.01
"2026-06-16 20:33:49",BTCUSDT,-0.0159300129345102,-0.0669749812945568,-0.0661332303149277,-0.000841750979629144,0.259336661774007,0.99,0.01,0.99,,,0.01
"2026-06-16 20:33:48",BTCUSDT,0.000638241566649639,-0.125693523847301,-0.0696968738270358,-0.0559966500202647,0.0123378974790738,0.99,0.01,0.99,,,0.01
"2026-06-16 20:33:48",BTCUSDT,0.000600024340610078,-0.109906830323812,-0.0677938324174673,-0.0421129979063444,0.0660381372664803,0.99,0.01,0.99,,,0.01
"2026-06-16 20:33:48",BTCUSDT,0.000749917933509175,-0.0960747367916466,-0.0656134208907575,-0.0304613159008891,0.115053477796405,0.99,0.01,0.99,,,0.01
"2026-06-16 20:33:47",BTCUSDT,-0.0695364020611367,-0.181991903323928,-0.0574486059177918,-0.124543297406136,-0.211149697144887,0.99,0.01,0.99,,,0.01
"2026-06-16 20:33:47",BTCUSDT,-0.041247355374029,-0.164398834830191,-0.0676462806838855,-0.0967525541463054,-0.125550741155584,0.99,0.01,0.99,,,0.01
"2026-06-16 20:33:47",BTCUSDT,0.000864492559846019,-0.143740918906436,-0.0552088552291116,-0.0885320636773246,-0.0878676527012322,0.99,0.01,0.99,,,0.01
"2026-06-16 20:33:46",BTCUSDT,-0.06937860716672,-0.237422549572436,-0.0532923893665129,-0.184130160205923,-0.405353975005182,0.99,0.01,0.99,,,0.01
"2026-06-16 20:33:46",BTCUSDT,-0.06937860716672,-0.216417056771722,-0.0529885515394048,-0.163428505232317,-0.338844384849195,0.99,0.01,0.99,,,0.01
"2026-06-16 20:33:46",BTCUSDT,-0.0695364020611367,-0.198056974932899,-0.0614425286844269,-0.136614446248472,-0.25718204346539,0.99,0.01,0.99,,,0.01
"2026-06-16 20:33:45",BTCUSDT,-0.0687750574387263,-0.355372342538703,-0.04429820148397,-0.311074141054734,-0.775254877737799,0.99,0.01,0.99,,,0.01
"2026-06-16 20:33:45",BTCUSDT,-0.0687750574387263,-0.319547681901206,-0.0585465336586155,-0.261001148242591,-0.639604316834362,0.99,0.01,0.99,,,0.01
"2026-06-16 20:33:45",BTCUSDT,-0.0715739012409853,-0.288550959318679,-0.0583415099279112,-0.230209449390768,-0.549509694519162,0.99,0.01,0.99,,,0.01
"2026-06-16 20:33:45",BTCUSDT,-0.0715739012409853,-0.261428827058967,-0.0463961052998485,-0.215032721759119,-0.496047622033402,0.99,0.01,0.99,,,0.01
"2026-06-16 20:33:44",BTCUSDT,0.00210302708443973,-0.508482140814345,-0.0541131829001866,-0.454368957914158,-1.1768639408416,0.99,0.01,0.99,,,0.01
"2026-06-16 20:33:44",BTCUSDT,-0.0299015371849278,-0.448659565360668,-0.0463961052998485,-0.402263460060819,-1.03017041597881,0.99,0.01,0.99,,,0.01
"2026-06-16 20:33:44",BTCUSDT,-0.0299015371849278,-0.3963148118387,-0.0459310186987174,-0.350383793139983,-0.887252346055343,0.99,0.01,0.99,,,0.01
"2026-06-16 20:33:43",BTCUSDT,-0.207001123351552,-0.734249138115529,-0.0389482518209263,-0.695300886294603,-1.85951590657279,0.99,0.01,0.99,,,0.01
"2026-06-16 20:33:43",BTCUSDT,-0.180978692015421,-0.665090332353015,-0.0409368366069417,-0.624153495746074,-1.64030020403993,0.99,0.01,0.99,,,0.01
"2026-06-16 20:33:43",BTCUSDT,0.00424929378630868,-0.5814228790856,-0.0537070243373163,-0.527715854748283,-1.37738196669039,0.99,0.01,0.99,,,0.01
"2026-06-16 20:33:42",BTCUSDT,-0.899460308916677,-0.782015515150232,-0.0389019744552416,-0.743113540694991,-2.21962340808022,0.99,0.01,0.99,,,0.01
"2026-06-16 20:33:42",BTCUSDT,-0.8995948323096,-0.796712929795153,-0.0513304265731183,-0.745382503222035,-2.13342023516619,0.99,0.01,0.99,,,0.01
"2026-06-16 20:33:42",BTCUSDT,-0.899571756088417,-0.809570283081811,-0.0390475005927519,-0.770522782489059,-2.10659666903106,0.99,0.01,0.99,,,0.01
"2026-06-16 20:33:41",BTCUSDT,-0.971673995296042,-0.724270975963294,-0.0509401859498562,-0.673330790013438,-2.35265910182849,0.99,0.01,0.99,,,0.01
"2026-06-16 20:33:41",BTCUSDT,-0.898608490764303,-0.74606316531342,-0.042907360428401,-0.703155804885019,-2.32109603376985,0.99,0.01,0.99,,,0.01
"2026-06-16 20:33:41",BTCUSDT,-0.899459342560554,-0.765237687469312,-0.0509399835824686,-0.714297703886843,-2.24641326205193,0.99,0.01,0.99,,,0.01
"2026-06-16 20:33:40",BTCUSDT,-0.942495913181356,-0.604729031547651,-0.0447040213405693,-0.560025010207082,-2.37814056105274,0.99,0.01,0.99,,,0.01
"2026-06-16 20:33:40",BTCUSDT,-0.942468734877163,-0.64694649446384,-0.0529677644896192,-0.593978729974221,-2.36155568614757,0.99,0.01,0.99,,,0.01
"2026-06-16 20:33:40",BTCUSDT,-0.982796038650614,-0.688927687487187,-0.0509399835824686,-0.637987703904718,-2.37000682770185,0.99,0.01,0.99,,,0.01
"2026-06-16 20:33:39",BTCUSDT,-0.933010341408131,-0.440538064760967,-0.0483780536803843,-0.392160011080583,-2.18085224571144,0.99,0.01,0.99,,,0.01
"2026-06-16 20:33:39",BTCUSDT,-0.93539109016235,-0.50239469293614,-0.0574390711392151,-0.444955621796925,-2.24952189775364,0.99,0.01,0.99,,,0.01
"2026-06-16 20:33:39",BTCUSDT,-0.935050108532565,-0.556476619885693,-0.0511327444125311,-0.505343875473162,-2.32853981947359,0.99,0.01,0.99,,,0.01
"2026-06-16 20:33:38",BTCUSDT,-0.439718208344474,-0.34891553831447,-0.0382087866556044,-0.310706751658865,-2.17597480215197,0.99,0.01,0.99,,,0.01
"2026-06-16 20:33:38",BTCUSDT,-0.440043454355485,-0.360306527819597,-0.0505543905346123,-0.309752137284984,-2.08421655353159,0.99,0.01,0.99,,,0.01
"2026-06-16 20:33:38",BTCUSDT,-0.439333364325229,-0.370184882382801,-0.048874924359905,-0.321309958022896,-2.0393628078169,0.99,0.01,0.99,,,0.01
"2026-06-16 20:33:37",BTCUSDT,-0.356601526975208,-0.27542272113363,-0.0462804574570991,-0.229142263676531,-2.27538543906408,0.99,0.01,0.99,,,0.01
"2026-06-16 20:33:37",BTCUSDT,-0.459261449945557,-0.298402562235121,-0.050962775289796,-0.247439786945325,-2.24228262749424,0.99,0.01,0.99,,,0.01
"2026-06-16 20:33:37",BTCUSDT,-0.458578204155387,-0.318424517475154,-0.0507534071140864,-0.267671110361068,-2.21727545965709,0.99,0.01,0.99,,,0.01
"2026-06-16 20:33:37",BTCUSDT,-0.458578204155387,-0.335943728310183,-0.0385588781097884,-0.297384850200395,-2.22530404857928,0.99,0.01,0.99,,,0.01
"2026-06-16 20:33:36",BTCUSDT,-0.461383127995097,-0.210453191614434,-0.048874924359905,-0.161578267254529,-2.33006899295338,0.99,0.01,0.99,,,0.01
"2026-06-16 20:33:36",BTCUSDT,-0.438301242225734,-0.238934197940847,-0.0508581853530687,-0.188076012587778,-2.33044260056362,0.99,0.01,0.99,,,0.01
"2026-06-16 20:33:36",BTCUSDT,-0.438066605378455,-0.263825748870548,-0.0405032826810736,-0.223322466189474,-2.360786106068,0.99,0.01,0.99,,,0.01
"2026-06-16 20:33:35",BTCUSDT,-0.481380396629801,-0.0810249725564192,-0.0383697188072652,-0.042655253749154,-2.10571899579039,0.99,0.01,0.99,,,0.01
"2026-06-16 20:33:35",BTCUSDT,-0.481307102571196,-0.131060238808266,-0.0502510742843178,-0.0808091645239485,-2.1891784124955,0.99,0.01,0.99,,,0.01
"2026-06-16 20:33:35",BTCUSDT,-0.479426791108278,-0.174606057845768,-0.0381654643285823,-0.136440593517186,-2.33118518025575,0.99,0.01,0.99,,,0.01
"2026-06-16 20:33:34",BTCUSDT,0.474789574693732,0.0990083711542942,-0.0611618158790404,0.160170187033335,-1.32028581672241,0.99,0.01,0.99,,,0.01
"2026-06-16 20:33:34",BTCUSDT,-0.360765078781038,0.0415366899123778,-0.0414737788623681,0.0830104687747458,-1.65007628447808,0.99,0.01,0.99,,,0.01
"2026-06-16 20:33:34",BTCUSDT,-0.481407553754133,-0.0238313405459361,-0.0497617702136302,0.0259304296676941,-1.86316652114251,0.99,0.01,0.99,,,0.01
"2026-06-16 20:33:33",BTCUSDT,-0.0251920197934806,-0.0865131881159584,-0.0586392354266982,-0.0278739526892603,-2.42196111198409,0.99,0.01,0.99,,,0.01
"2026-06-16 20:33:33",BTCUSDT,0.477357894051682,-0.0160293028450034,-0.0517387728705104,0.035709470025507,-2.02471785045179,0.99,0.01,0.99,,,0.01
"2026-06-16 20:33:33",BTCUSDT,0.474807856532878,0.0453253420772318,-0.0499557218444134,0.0952810639216452,-1.67637810961864,0.99,0.01,0.99,,,0.01
"2026-06-16 20:33:32",BTCUSDT,-0.166592166118343,-0.0734410659071778,-0.0632490730823749,-0.0101919928248029,-2.68965793328662,0.99,0.01,0.99,,,0.01
"2026-06-16 20:33:32",BTCUSDT,-0.166592166118343,-0.0850849534335734,-0.0525757435140921,-0.0325092099194813,-2.68145136868083,0.99,0.01,0.99,,,0.01
"2026-06-16 20:33:32",BTCUSDT,-0.166592166118343,-0.0952733550191696,-0.0606065763796165,-0.0346667786395531,-2.56925159667548,0.99,0.01,0.99,,,0.01
"2026-06-16 20:33:31",BTCUSDT,-0.166606072165071,-0.0275444596806856,-0.0623118150391057,0.0347673553584201,-2.81152262165132,0.99,0.01,0.99,,,0.01
"2026-06-16 20:33:31",BTCUSDT,-0.166592166118343,-0.0449254229853927,-0.0526268415708789,0.00770141858548626,-2.83261046979775,0.99,0.01,0.99,,,0.01
"2026-06-16 20:33:31",BTCUSDT,-0.166592166118343,-0.0601337658770114,-0.0453474586605484,-0.014786307216463,-2.82798004014107,0.99,0.01,0.99,,,0.01
"2026-06-16 20:33:30",BTCUSDT,-0.186143423471443,0.0423081041543455,-0.0398954227091006,0.0822035268634462,-2.95127830769471,0.99,0.01,0.99,,,0.01
"2026-06-16 20:33:30",BTCUSDT,-0.186405714216476,0.0137188768579928,-0.0514768351875122,0.0651957120455051,-2.91340076476156,0.99,0.01,0.99,,,0.01
"2026-06-16 20:33:30",BTCUSDT,-0.157460258326422,-0.00767851504005903,-0.0385482806051197,0.0308697655650607,-2.97020046777068,0.99,0.01,0.99,,,0.01
"2026-06-16 20:33:29",BTCUSDT,-0.187931571138033,0.203584796918074,-0.0280976432562829,0.231682440174357,-2.46302583678242,0.99,0.01,0.99,,,0.01
"2026-06-16 20:33:29",BTCUSDT,-0.186143423471443,0.154868769369384,-0.0407492697377412,0.195618039107125,-2.61532043449946,0.99,0.01,0.99,,,0.01
"2026-06-16 20:33:29",BTCUSDT,-0.186143423471443,0.112242245264281,-0.0304118022724425,0.142654047536723,-2.84855837678049,0.99,0.01,0.99,,,0.01
"2026-06-16 20:33:29",BTCUSDT,-0.186143423471443,0.0749440366723153,-0.0377053591200124,0.112649395792328,-2.90335369522627,0.99,0.01,0.99,,,0.01
"2026-06-16 20:33:28",BTCUSDT,0.453090458399623,0.401740196383823,-0.0451137353489244,0.446853931732748,-1.10585282987793,0.99,0.01,0.99,,,0.01
"2026-06-16 20:33:28",BTCUSDT,-0.224687404102729,0.323436746323004,-0.0335282352147467,0.356964981537751,-1.70944788566258,0.99,0.01,0.99,,,0.01
"2026-06-16 20:33:28",BTCUSDT,-0.187931571138033,0.259515706640375,-0.0313705398001576,0.290886246440532,-2.12576015747067,0.99,0.01,0.99,,,0.01
"2026-06-16 20:33:27",BTCUSDT,0.468136442443492,0.376184946618165,-0.0673666003725392,0.443551546990704,-1.18743845638867,0.99,0.01,0.99,,,0.01
"2026-06-16 20:33:27",BTCUSDT,0.454871201031266,0.386020728419803,-0.0749757091100799,0.460996437529883,-1.04963324376465,0.99,0.01,0.99,,,0.01
"2026-06-16 20:33:27",BTCUSDT,0.453090458399623,0.39440444466728,-0.0429381955477054,0.437342640214986,-1.19077322678508,0.99,0.01,0.99,,,0.01
"2026-06-16 20:33:26",BTCUSDT,-0.579518341982846,0.411734416781646,-0.0368307496883895,0.448565166470036,-1.24977799988805,0.99,0.01,0.99,,,0.01
"2026-06-16 20:33:26",BTCUSDT,-0.180892494820271,0.337656052831407,-0.015733412068948,0.353389464900355,-1.82772545973734,0.99,0.01,0.99,,,0.01
"2026-06-16 20:33:26",BTCUSDT,0.540799779325103,0.363049018643119,-0.0614873291778308,0.424536347820949,-1.33551420825932,0.99,0.01,0.99,,,0.01
"2026-06-16 20:33:25",BTCUSDT,0.628945592070519,0.542945558032449,-0.0450008342226773,0.587946392255126,-0.407508541955368,0.99,0.01,0.99,,,0.01
"2026-06-16 20:33:25",BTCUSDT,0.587297511920085,0.548489552268404,-0.0467886299352635,0.595278182203667,-0.342503137027806,0.99,0.01,0.99,,,0.01
"2026-06-16 20:33:25",BTCUSDT,0.587308764105192,0.553341953748002,-0.0366827750388232,0.590024728786825,-0.356355567730002,0.99,0.01,0.99,,,0.01
"2026-06-16 20:33:24",BTCUSDT,0.646830832341188,0.498028920243153,-0.0501407701584174,0.54816969040157,-0.70446896050183,0.99,0.01,0.99,,,0.01
"2026-06-16 20:33:24",BTCUSDT,0.646837795821287,0.516630029690419,-0.0604905309633953,0.577120560653815,-0.510805897147922,0.99,0.01,0.99,,,0.01
"2026-06-16 20:33:24",BTCUSDT,0.628868503240292,0.530659838884154,-0.0492743465749641,0.579934185459118,-0.475564690561282,0.99,0.01,0.99,,,0.01
"2026-06-16 20:33:23",BTCUSDT,0.464094036384822,0.451311929087558,-0.0470266568411202,0.498338585928678,-1.0703235619865,0.99,0.01,0.99,,,0.01
"2026-06-16 20:33:23",BTCUSDT,0.464094036384822,0.452909692499716,-0.0470175890544825,0.499927281554198,-1.03471421668541,0.99,0.01,0.99,,,0.01
"2026-06-16 20:33:23",BTCUSDT,0.64380418633517,0.476771504229148,-0.0606387240947068,0.537410228323854,-0.789118282872242,0.99,0.01,0.99,,,0.01
"2026-06-16 20:33:22",BTCUSDT,0.436371650591974,0.44502265257372,-0.0473664983726786,0.492389150946399,-1.18982577341815,0.99,0.01,0.99,,,0.01
"2026-06-16 20:33:22",BTCUSDT,0.464061108375158,0.4474024595489,-0.0577606334777354,0.505163093026636,-1.08498249788554,0.99,0.01,0.99,,,0.01
"2026-06-16 20:33:22",BTCUSDT,0.464070093232717,0.449485913759377,-0.0470175890544825,0.49650350281386,-1.10861843693365,0.99,0.01,0.99,,,0.01
"2026-06-16 20:33:21",BTCUSDT,0.436551961423708,0.449289375694307,-0.0482081265490765,0.497497502243384,-1.25726226550576,0.99,0.01,0.99,,,0.01
"2026-06-16 20:33:21",BTCUSDT,0.43635521114923,0.447672605126172,-0.035082109931466,0.482754715057639,-1.31171664468521,0.99,0.01,0.99,,,0.01
"2026-06-16 20:33:21",BTCUSDT,0.436359844114266,0.446258509999684,-0.0488992026143226,0.495157712614007,-1.2043069091518,0.99,0.01,0.99,,,0.01
"2026-06-16 20:33:20",BTCUSDT,0.436395091762347,0.458303837786149,-0.0414945821622549,0.499798419948404,-1.38060705925878,0.99,0.01,0.99,,,0.01
"2026-06-16 20:33:20",BTCUSDT,0.436395091762347,0.455565244533174,-0.0558152047216839,0.511380449254858,-1.27338731363326,0.99,0.01,0.99,,,0.01
"2026-06-16 20:33:20",BTCUSDT,0.436551961423708,0.453188584144491,-0.0562185245194316,0.509407108663922,-1.25211465440341,0.99,0.01,0.99,,,0.01
"2026-06-16 20:33:20",BTCUSDT,0.436551961423708,0.451109006304393,-0.0472365273586088,0.498345533663002,-1.28583862119156,0.99,0.01,0.99,,,0.01
"2026-06-16 20:33:19",BTCUSDT,0.436224670694622,0.469126245651582,-0.0501192400804859,0.519245485732068,-1.37397563344067,0.99,0.01,0.99,,,0.01
"2026-06-16 20:33:19",BTCUSDT,0.436201054623148,0.465010596773028,-0.0396621206728571,0.504672717445885,-1.426400585461,0.99,0.01,0.99,,,0.01
"2026-06-16 20:33:19",BTCUSDT,0.436395091762347,0.461433658646693,-0.0515536346352016,0.512987293281894,-1.33620725932991,0.99,0.01,0.99,,,0.01
"2026-06-16 20:33:18",BTCUSDT,0.437957528075383,0.485089674678022,-0.0432279797116582,0.52831765438968,-1.43631853708097,0.99,0.01,0.99,,,0.01
"2026-06-16 20:33:18",BTCUSDT,0.437957528075383,0.479198156352692,-0.0432894026118032,0.522487558964496,-1.43299151704204,0.99,0.01,0.99,,,0.01
"2026-06-16 20:33:18",BTCUSDT,0.436224670694622,0.473826470645433,-0.0429340882255557,0.516760558870989,-1.42887916285636,0.99,0.01,0.99,,,0.01
"2026-06-16 20:33:17",BTCUSDT,0.515935277989634,0.484432089206311,-0.0534587665764793,0.537890855782791,-1.50116279562383,0.99,0.01,0.99,,,0.01
"2026-06-16 20:33:17",BTCUSDT,0.515935277989634,0.488369987804227,-0.0406418213337871,0.529011809138014,-1.51551155810776,0.99,0.01,0.99,,,0.01
"2026-06-16 20:33:17",BTCUSDT,0.515992793197608,0.491822838478399,-0.0449698616522352,0.536792700130635,-1.42173821595844,0.99,0.01,0.99,,,0.01
"2026-06-16 20:33:16",BTCUSDT,0.451408866642405,0.476709598714699,-0.0532995756397779,0.530009174354477,-1.71003600647841,0.99,0.01,0.99,,,0.01
"2026-06-16 20:33:16",BTCUSDT,0.461338856239458,0.474788255905294,-0.0531997284321697,0.527987984337464,-1.6687208341506,0.99,0.01,0.99,,,0.01
"2026-06-16 20:33:16",BTCUSDT,0.515935277989634,0.479931633665837,-0.0435056861418033,0.52343731980764,-1.6464190023573,0.99,0.01,0.99,,,0.01
"2026-06-16 20:33:15",BTCUSDT,0.450816876143495,0.489238162583198,-0.0426643937872542,0.531902556370453,-1.87965265102403,0.99,0.01,0.99,,,0.01
"2026-06-16 20:33:15",BTCUSDT,0.450931042832384,0.484449772614347,-0.0528005288296895,0.537250301444036,-1.77637726974372,0.99,0.01,0.99,,,0.01
"2026-06-16 20:33:15",BTCUSDT,0.451443503785506,0.480323989010742,-0.0530000907960998,0.533324079806841,-1.74456679931968,0.99,0.01,0.99,,,0.01
"2026-06-16 20:33:14",BTCUSDT,0.494207493467999,0.501447159855697,-0.0529001007949496,0.554347260650646,-1.92030964449975,0.99,0.01,0.99,,,0.01
"2026-06-16 20:33:14",BTCUSDT,0.494207493467999,0.500542201557235,-0.0532590944862189,0.553801296043453,-1.85508251779211,0.99,0.01,0.99,,,0.01
"2026-06-16 20:33:14",BTCUSDT,0.45401993141032,0.49472691778887,-0.0407263207756751,0.535453238564545,-1.92315995116842,0.99,0.01,0.99,,,0.01
"2026-06-16 20:33:13",BTCUSDT,0.495546757813461,0.505012128089603,-0.0148868743365556,0.519899002426159,-2.45949770794977,0.99,0.01,0.99,,,0.01
"2026-06-16 20:33:13",BTCUSDT,0.494222177453532,0.503663384260094,-0.0529381014270746,0.556601485687169,-2.05678458596748,0.99,0.01,0.99,,,0.01
"2026-06-16 20:33:13",BTCUSDT,0.494207493467999,0.502481397911082,-0.0532590944862189,0.555740492397301,-1.98396497575587,0.99,0.01,0.99,,,0.01
"2026-06-16 20:33:12",BTCUSDT,0.495815172044292,0.525742404664835,-0.0244216528753514,0.550164057540186,-2.71169880371119,0.99,0.01,0.99,,,0.01
"2026-06-16 20:33:12",BTCUSDT,0.495815172044292,0.522001500587267,-0.0386368147117317,0.560638315298999,-2.47180277604985,0.99,0.01,0.99,,,0.01
"2026-06-16 20:33:12",BTCUSDT,0.455282879813168,0.513661672990505,-0.0387994437794223,0.552461116769927,-2.42292705761738,0.99,0.01,0.99,,,0.01
"2026-06-16 20:33:12",BTCUSDT,0.455282879813168,0.506364323843338,-0.0391067860343712,0.545471109877709,-2.36635556792287,0.99,0.01,0.99,,,0.01
"2026-06-16 20:33:11",BTCUSDT,0.495051332731108,0.540595090489981,-0.0526284257694266,0.593223516259408,-2.79093557627016,0.99,0.01,0.99,,,0.01
"2026-06-16 20:33:11",BTCUSDT,0.495051332731108,0.534902120770122,-0.0280491336872225,0.562951254457344,-2.94003208267333,0.99,0.01,0.99,,,0.01
"2026-06-16 20:33:11",BTCUSDT,0.495826943494161,0.530017723610627,-0.0260803482659363,0.556098071876563,-2.82397976659599,0.99,0.01,0.99,,,0.01
"2026-06-16 20:33:10",BTCUSDT,0.495127758670547,0.563012433529672,-0.0423836785243051,0.605396112053977,-3.2031021244681,0.99,0.01,0.99,,,0.01
"2026-06-16 20:33:10",BTCUSDT,0.495127758670547,0.554526849172281,-0.0529576039142774,0.607484453086559,-2.97396964617295,0.99,0.01,0.99,,,0.01
"2026-06-16 20:33:10",BTCUSDT,0.49512278858116,0.547101341598391,-0.0434503985129042,0.590551740111296,-2.99213772765492,0.99,0.01,0.99,,,0.01
"2026-06-16 20:33:09",BTCUSDT,0.495410271546635,0.596373501165832,-0.0417702972645586,0.638143798430391,-3.40379453504214,0.99,0.01,0.99,,,0.01
"2026-06-16 20:33:09",BTCUSDT,0.495410271546635,0.583753097463433,-0.0411121277119942,0.624865225175427,-3.36140769040011,0.99,0.01,0.99,,,0.01
"2026-06-16 20:33:09",BTCUSDT,0.495410271546635,0.572710244223833,-0.0514716583953842,0.624181902619217,-3.16203893628102,0.99,0.01,0.99,,,0.01
"2026-06-16 20:33:08",BTCUSDT,0.480580987630272,0.648230508706656,-0.0473885599797943,0.69561906868645,-3.08653172097764,0.99,0.01,0.99,,,0.01
"2026-06-16 20:33:08",BTCUSDT,0.480580987630272,0.627274318572108,-0.0508947163821189,0.678169034954227,-3.23791394178278,0.99,0.01,0.99,,,0.01
"2026-06-16 20:33:08",BTCUSDT,0.495454327458125,0.61079681968286,-0.0296704347180284,0.640467254400889,-3.63591127489644,0.99,0.01,0.99,,,0.01
"2026-06-16 20:33:07",BTCUSDT,0.427543819285651,0.736494351578075,-0.0388406132209401,0.775334964799015,-1.62703822590757,0.99,0.01,0.99,,,0.01
"2026-06-16 20:33:07",BTCUSDT,0.441052743841022,0.699564150610943,-0.0392943278367283,0.738858478447671,-2.35702094035639,0.99,0.01,0.99,,,0.01
"2026-06-16 20:33:07",BTCUSDT,0.480494468035373,0.672180440288997,-0.0388404169747456,0.711020857263742,-2.8965378022222,0.99,0.01,0.99,,,0.01
"2026-06-16 20:33:06",BTCUSDT,0.82723875260572,0.831598101339243,-0.0395074161137616,0.871105517453005,0.5360243613955,0.99,0.01,0.99,,,0.01
"2026-06-16 20:33:06",BTCUSDT,0.827393939393939,0.83107258109608,-0.0397933235589457,0.870865904655026,0.520116324398535,0.99,0.01,0.99,,,0.01
"2026-06-16 20:33:06",BTCUSDT,0.427533067571946,0.780630141905564,-0.0291199234667239,0.809750065372287,-0.850005036506555,0.99,0.01,0.99,,,0.01
"2026-06-16 20:33:05",BTCUSDT,0.824791719262812,0.834495176401615,-0.040033906748288,0.874529083149903,0.586743412367892,0.99,0.01,0.99,,,0.01
"2026-06-16 20:33:05",BTCUSDT,0.824791719262812,0.833282244259264,-0.0304854502637269,0.863767694522991,0.420467888496462,0.99,0.01,0.99,,,0.01
"2026-06-16 20:33:05",BTCUSDT,0.824791213737408,0.832220865444032,-0.0305800687726966,0.862800934216729,0.390540169247752,0.99,0.01,0.99,,,0.01
"2026-06-16 20:33:04",BTCUSDT,0.82479778534014,0.839276180064757,-0.0303073935142035,0.86958357357896,0.536396713225154,0.99,0.01,0.99,,,0.01
"2026-06-16 20:33:04",BTCUSDT,0.824791719262812,0.837465622464514,-0.0400415201182582,0.877507142582772,0.623227925216543,0.99,0.01,0.99,,,0.01
"2026-06-16 20:33:04",BTCUSDT,0.824791719262812,0.835881384564301,-0.0401304797075327,0.876011864271834,0.604638264140269,0.99,0.01,0.99,,,0.01
"2026-06-16 20:33:03",BTCUSDT,0.824601182515865,0.849503304388022,-0.0397324352915633,0.889235739679585,0.723990845347593,0.99,0.01,0.99,,,0.01
"2026-06-16 20:33:03",BTCUSDT,0.824755667433625,0.846409849768722,-0.0398285062208075,0.88623835598953,0.698069241305997,0.99,0.01,0.99,,,0.01
"2026-06-16 20:33:03",BTCUSDT,0.82479778534014,0.843708341715149,-0.0396361900243077,0.883344531739457,0.674270886497012,0.99,0.01,0.99,,,0.01
"2026-06-16 20:33:03",BTCUSDT,0.82479778534014,0.841344522168273,-0.0398285062208075,0.881173028389081,0.660375284358141,0.99,0.01,0.99,,,0.01
"2026-06-16 20:33:02",BTCUSDT,0.824816233743754,0.861772862978093,-0.0397324352915633,0.901505298269657,0.824572506218352,0.99,0.01,0.99,,,0.01
"2026-06-16 20:33:02",BTCUSDT,0.824601182515865,0.857126402920315,-0.0398285062208075,0.896954909141122,0.787035350531754,0.99,0.01,0.99,,,0.01
"2026-06-16 20:33:02",BTCUSDT,0.824601182515865,0.853060750369758,-0.0397324352915633,0.892793185661322,0.753991277756423,0.99,0.01,0.99,,,0.01
"2026-06-16 20:33:01",BTCUSDT,0.824871341220947,0.880023711263501,-0.0364108493407157,0.916434560604216,0.943428944467907,0.99,0.01,0.99,,,0.01
"2026-06-16 20:33:01",BTCUSDT,0.824679370683836,0.873105668691043,-0.0372895531778083,0.910395221868851,0.896916569183149,0.99,0.01,0.99,,,0.01
"2026-06-16 20:33:01",BTCUSDT,0.824679370683836,0.867052381440142,-0.0296486131633965,0.896700994603538,0.8030264725657,0.99,0.01,0.99,,,0.01
"2026-06-16 20:33:00",BTCUSDT,0.950841338007776,0.889202197253696,-0.0273489585424944,0.91655115579619,0.98639724563644,0.99,0.01,0.99,,,0.01
"2026-06-16 20:33:00",BTCUSDT,0.950841338007776,0.896907089847956,-0.0374099498839579,0.934317039731914,1.06725335902171,0.99,0.01,0.99,,,0.01
"2026-06-16 20:33:00",BTCUSDT,0.824871341220947,0.88790262126958,-0.0267179741130611,0.914620595382641,0.94509378362861,0.99,0.01,0.99,,,0.01
"2026-06-16 20:32:59",BTCUSDT,0.950841338007776,0.858831891750957,-0.0177399715114912,0.876571863262448,0.832683333139797,0.99,0.01,0.99,,,0.01
"2026-06-16 20:32:59",BTCUSDT,0.950841338007776,0.870333072533059,-0.0273437080791795,0.897676780612238,0.921791038393595,0.99,0.01,0.99,,,0.01
"2026-06-16 20:32:59",BTCUSDT,0.950841338007776,0.880396605717398,-0.0271588683055502,0.907555474022949,0.955628716479336,0.99,0.01,0.99,,,0.01
"2026-06-16 20:32:58",BTCUSDT,0.950809251230463,0.852088103664586,-0.0217285855347804,0.873816689199366,0.868415099028632,0.99,0.01,0.99,,,0.01
"2026-06-16 20:32:58",BTCUSDT,0.824644084721256,0.84865760129667,-0.0268738648099263,0.875531466106596,0.861389356256942,0.99,0.01,0.99,,,0.01
"2026-06-16 20:32:58",BTCUSDT,0.824898272066028,0.845687685142839,-0.0270588433329948,0.872746528475834,0.831672992558662,0.99,0.01,0.99,,,0.01
"2026-06-16 20:32:57",BTCUSDT,0.824346130232222,0.821502910376295,-0.0031070647454262,0.824609975121721,0.700452718313183,0.99,0.01,0.99,,,0.01
"2026-06-16 20:32:57",BTCUSDT,0.824538770680462,0.821882392914316,-0.017534618514525,0.839417011428841,0.747162338246802,0.99,0.01,0.99,,,0.01
"2026-06-16 20:32:57",BTCUSDT,0.950703910269761,0.837985082583746,-0.0210773064744123,0.859062389058159,0.817589317709504,0.99,0.01,0.99,,,0.01
"2026-06-16 20:32:56",BTCUSDT,0.824836208416301,0.820100858460019,-0.00999161219359014,0.830092470653609,0.782105005193559,0.99,0.01,0.99,,,0.01
"2026-06-16 20:32:56",BTCUSDT,0.824349936438229,0.820631993207295,-0.010477842668529,0.831109835875824,0.766681389800572,0.99,0.01,0.99,,,0.01
"2026-06-16 20:32:56",BTCUSDT,0.824349936438229,0.821096736111162,-0.0123355919328739,0.833432328044036,0.757301785477853,0.99,0.01,0.99,,,0.01
"2026-06-16 20:32:55",BTCUSDT,0.804341817279271,0.817141559278685,-0.0348953726208305,0.852036931899515,0.934842397213639,0.99,0.01,0.99,,,0.01
"2026-06-16 20:32:55",BTCUSDT,0.826816200871616,0.818350889477801,-0.0256701238544135,0.844021013332215,0.880848598377135,0.99,0.01,0.99,,,0.01
"2026-06-16 20:32:55",BTCUSDT,0.826938812814079,0.819424379894836,-0.0253903120514001,0.844814691946236,0.862933998415864,0.99,0.01,0.99,,,0.01
"2026-06-16 20:32:54",BTCUSDT,0.80693297446148,0.826200042889336,-0.0246839838086371,0.850884026697973,1.0267504080436,0.99,0.01,0.99,,,0.01
"2026-06-16 20:32:54",BTCUSDT,0.826686181415771,0.82626081020514,-0.0342870540387061,0.860547864243846,1.03919558296363,0.99,0.01,0.99,,,0.01
"2026-06-16 20:32:54",BTCUSDT,0.784653109730837,0.821059847645852,-0.0247088728821331,0.845768720527986,0.956562572281884,0.99,0.01,0.99,,,0.01
"2026-06-16 20:32:54",BTCUSDT,0.804341817279271,0.81897009385003,-0.0349017791361146,0.853871872986144,0.965173555918219,0.99,0.01,0.99,,,0.01
"2026-06-16 20:32:53",BTCUSDT,0.826491092176607,0.832899129758917,-0.0252116418796828,0.8581107716386,1.13875768527462,0.99,0.01,0.99,,,0.01
"2026-06-16 20:32:53",BTCUSDT,0.826491092176607,0.832098125061129,-0.0339625318577578,0.866060656918886,1.14088640101682,0.99,0.01,0.99,,,0.01
"2026-06-16 20:32:53",BTCUSDT,0.80693297446148,0.828952481236172,-0.0340568767835481,0.863009358019721,1.1006768218988,0.99,0.01,0.99,,,0.01
"2026-06-16 20:32:52",BTCUSDT,0.824310535516786,0.836357722328103,-0.023610250648073,0.859967972976176,1.23544719480343,0.99,0.01,0.99,,,0.01
"2026-06-16 20:32:52",BTCUSDT,0.824310535516786,0.834851823976689,-0.0145907820338841,0.849442606010573,1.16275254180266,0.99,0.01,0.99,,,0.01
"2026-06-16 20:32:52",BTCUSDT,0.826553741757158,0.833814563699247,-0.0143144940583658,0.848129057757613,1.12837065845451,0.99,0.01,0.99,,,0.01
"2026-06-16 20:32:51",BTCUSDT,0.82433213583794,0.845941429361145,-0.0129869940895454,0.858928423450691,1.33397548872498,0.99,0.01,0.99,,,0.01
"2026-06-16 20:32:51",BTCUSDT,0.824352191851396,0.843242774672426,-0.0231131517375541,0.866355926409981,1.32773792970181,0.99,0.01,0.99,,,0.01
"2026-06-16 20:32:51",BTCUSDT,0.801930569416488,0.838078749015434,-0.0140536604217461,0.85213240943718,1.23665087486492,0.99,0.01,0.99,,,0.01
"2026-06-16 20:32:50",BTCUSDT,0.813444203780529,0.865827997046505,-0.0100082150657741,0.875836212112279,1.52185255644677,0.99,0.01,0.99,,,0.01
"2026-06-16 20:32:50",BTCUSDT,0.813468942310607,0.859283115204518,-0.000805581584791718,0.860088696789309,1.41437191315525,0.99,0.01,0.99,,,0.01
"2026-06-16 20:32:50",BTCUSDT,0.777245963912631,0.849028471293032,-0.00910899175743552,0.858137463050467,1.36773160224512,0.99,0.01,0.99,,,0.01
"2026-06-16 20:32:49",BTCUSDT,0.956062951496388,0.865979980352987,-0.00189291375661526,0.867872894109602,1.63578150863867,0.99,0.01,0.99,,,0.01
"2026-06-16 20:32:49",BTCUSDT,0.991638556713578,0.881687302398061,-0.00847367298098873,0.890160975379049,1.67902380950254,0.99,0.01,0.99,,,0.01
"2026-06-16 20:32:49",BTCUSDT,0.814680051889585,0.873311396084501,0.0011405803244858,0.872170815760015,1.55245564611602,0.99,0.01,0.99,,,0.01
"2026-06-16 20:32:48",BTCUSDT,0.788453443567798,0.826034037201063,-0.00418349848444119,0.830217535685504,1.6231099792673,0.99,0.01,0.99,,,0.01
"2026-06-16 20:32:48",BTCUSDT,0.924990224514249,0.838403560615211,-0.0316390497969313,0.870042610412142,1.75195586974417,0.99,0.01,0.99,,,0.01
"2026-06-16 20:32:48",BTCUSDT,0.956062951496388,0.853110984475358,-0.00995194949349687,0.863062933968855,1.6660806776128,0.99,0.01,0.99,,,0.01
"2026-06-16 20:32:47",BTCUSDT,0.876489849592623,0.807745794525638,-0.0110296904912999,0.818775485016938,1.72828530658718,0.99,0.01,0.99,,,0.01
"2026-06-16 20:32:47",BTCUSDT,0.908681084272446,0.820362705743989,-0.012795902369021,0.83315860811301,1.74038066520504,0.99,0.01,0.99,,,0.01
"2026-06-16 20:32:47",BTCUSDT,0.908682607267166,0.831402693434386,-0.00536864412802123,0.836771337562408,1.70262145648994,0.99,0.01,0.99,,,0.01
"2026-06-16 20:32:46",BTCUSDT,0.956560050416187,0.819208842103826,-0.0161061615772456,0.835315003681072,1.99887739583573,0.99,0.01,0.99,,,0.01
"2026-06-16 20:32:46",BTCUSDT,0.730127920230504,0.808073726869661,-0.00519437426643203,0.813268101136093,1.81808629349772,0.99,0.01,0.99,,,0.01
"2026-06-16 20:32:46",BTCUSDT,0.726885633755213,0.797925215230355,-0.0131911568522317,0.811116372082586,1.74796714929847,0.99,0.01,0.99,,,0.01
"2026-06-16 20:32:45",BTCUSDT,0.807085794790516,0.771367292720791,-0.000625992159201574,0.771993284879993,1.8713264707283,0.99,0.01,0.99,,,0.01
"2026-06-16 20:32:45",BTCUSDT,0.807085794790516,0.775832105479507,-0.0183469751120645,0.794179080591571,1.92829465138173,0.99,0.01,0.99,,,0.01
"2026-06-16 20:32:45",BTCUSDT,0.965873188974219,0.799587240916346,-0.0167644217134101,0.816351662629756,1.97524464242871,0.99,0.01,0.99,,,0.01
"2026-06-16 20:32:44",BTCUSDT,0.736919681383219,0.753554533508015,-0.0102822951356019,0.763836828643617,2.0191302767642,0.99,0.01,0.99,,,0.01
"2026-06-16 20:32:44",BTCUSDT,0.808568606840164,0.760431292674534,-0.0165356719421171,0.776966964616651,2.02866987642871,0.99,0.01,0.99,,,0.01
"2026-06-16 20:32:44",BTCUSDT,0.80709814782205,0.766264649567973,-0.00548349208316532,0.771748141651139,1.93186822853583,0.99,0.01,0.99,,,0.01
"2026-06-16 20:32:43",BTCUSDT,0.798314980415343,0.769917427216381,-0.000267508055785336,0.770184935272167,2.24877659210582,0.99,0.01,0.99,,,0.01
"2026-06-16 20:32:43",BTCUSDT,0.679758814169668,0.758647600585542,-0.00651768159654596,0.765165282182088,2.15427851041237,0.99,0.01,0.99,,,0.01
"2026-06-16 20:32:43",BTCUSDT,0.736914323536525,0.755930940954415,0.00238357349448782,0.753547367459927,2.02023991465262,0.99,0.01,0.99,,,0.01
"2026-06-16 20:32:42",BTCUSDT,0.797667012314017,0.750056313977344,0.0106332050275042,0.73942310894984,2.22515474461411,0.99,0.01,0.99,,,0.01
"2026-06-16 20:32:42",BTCUSDT,0.79770495869295,0.756012394566795,0.00229166601907098,0.753720728547724,2.29742876732801,0.99,0.01,0.99,,,0.01
"2026-06-16 20:32:42",BTCUSDT,0.797707627521135,0.761224298686087,-0.00633590731674405,0.767560206002831,2.34564069317886,0.99,0.01,0.99,,,0.01
"2026-06-16 20:32:42",BTCUSDT,0.798314980415343,0.765860633902244,-0.00642959285987338,0.772290226762117,2.3210465019917,0.99,0.01,0.99,,,0.01
"2026-06-16 20:32:41",BTCUSDT,0.969298062978982,0.674287945138496,-0.0449948158656203,0.719282761004116,2.08906875970775,0.99,0.01,0.99,,,0.01
"2026-06-16 20:32:41",BTCUSDT,0.990561739362744,0.713822169416527,-0.055681566533855,0.769503735950382,2.47870591444422,0.99,0.01,0.99,,,0.01
"2026-06-16 20:32:41",BTCUSDT,0.949283099232577,0.743254785643533,-0.0582903220443829,0.801545107687916,2.6804403065778,0.99,0.01,0.99,,,0.01
"2026-06-16 20:32:40",BTCUSDT,0.849718840435739,0.553569982499111,-0.046165249675929,0.59973523217504,1.0563117992486,0.99,0.01,0.99,,,0.01
"2026-06-16 20:32:40",BTCUSDT,0.85092852490236,0.590739800299517,-0.04823817069372,0.638977970993237,1.36637950037177,0.99,0.01,0.99,,,0.01
"2026-06-16 20:32:40",BTCUSDT,0.92197053862222,0.632143642589855,-0.0465119423491688,0.678655584939024,1.70735684102785,0.99,0.01,0.99,,,0.01
"2026-06-16 20:32:39",BTCUSDT,0.656140071104941,0.466745037547562,-0.0552926357476702,0.522037673295232,0.473260256150307,0.99,0.01,0.99,,,0.01
"2026-06-16 20:32:39",BTCUSDT,0.656688355931846,0.490487952345597,-0.0480560123701912,0.538543964715788,0.597166981980738,0.99,0.01,0.99,,,0.01
"2026-06-16 20:32:39",BTCUSDT,0.656688355931846,0.511263002793878,-0.0458932970186289,0.557156299812507,0.745996520445187,0.99,0.01,0.99,,,0.01
"2026-06-16 20:32:38",BTCUSDT,0.407824681214107,0.345511513181447,-0.0530566170325051,0.398568130213952,-0.261369050807695,0.99,0.01,0.99,,,0.01
"2026-06-16 20:32:38",BTCUSDT,0.85092852490236,0.408688639646561,-0.0569752105109129,0.465663850157474,0.120222144011903,0.99,0.01,0.99,,,0.01
"2026-06-16 20:32:38",BTCUSDT,0.656688355931846,0.439688604182222,-0.0531782507024267,0.492866854884648,0.287413039633932,0.99,0.01,0.99,,,0.01
"2026-06-16 20:32:37",BTCUSDT,0.407262185828278,0.314886379835598,-0.0534605233901789,0.368346903225777,-0.468881811691007,0.99,0.01,0.99,,,0.01
"2026-06-16 20:32:37",BTCUSDT,0.407262185828278,0.326433355584683,-0.0569654188433911,0.383398774428074,-0.373940743441358,0.99,0.01,0.99,,,0.01
"2026-06-16 20:32:37",BTCUSDT,0.407843567178608,0.336609632033924,-0.0554866502564612,0.392096282290385,-0.312267248835688,0.99,0.01,0.99,,,0.01
"2026-06-16 20:32:36",BTCUSDT,0.320265009471173,0.296016652629558,-0.0565027290591225,0.35251938168868,-0.595868567832424,0.99,0.01,0.99,,,0.01
"2026-06-16 20:32:36",BTCUSDT,0.320233537238334,0.299043763205655,-0.0561421730252899,0.355185936230945,-0.567383263032168,0.99,0.01,0.99,,,0.01
"2026-06-16 20:32:36",BTCUSDT,0.320212346539283,0.301689836122359,-0.0459919033393092,0.347681739461668,-0.593420355263202,0.99,0.01,0.99,,,0.01
"2026-06-16 20:32:35",BTCUSDT,0.311027266137576,0.274759805198036,-0.0561419878573537,0.33090179305539,-0.760823104163644,0.99,0.01,0.99,,,0.01
"2026-06-16 20:32:35",BTCUSDT,0.320251370268699,0.280446250831869,-0.056492822726589,0.336939073558458,-0.710829977782454,0.99,0.01,0.99,,,0.01
"2026-06-16 20:32:35",BTCUSDT,0.377297057394392,0.292552601652184,-0.0455854544646913,0.338138056116876,-0.687830391722687,0.99,0.01,0.99,,,0.01
"2026-06-16 20:32:34",BTCUSDT,0.320768130041976,0.274032776941093,-0.0565854455693104,0.330618222510403,-0.822546000152179,0.99,0.01,0.99,,,0.01
"2026-06-16 20:32:34",BTCUSDT,0.255028883217092,0.271657290225593,-0.0545513028160203,0.326208593041613,-0.825260047222493,0.99,0.01,0.99,,,0.01
"2026-06-16 20:32:34",BTCUSDT,0.255028883217092,0.26957873934953,-0.053972036343018,0.323550775692548,-0.818962851148453,0.99,0.01,0.99,,,0.01
"2026-06-16 20:32:33",BTCUSDT,0.489448765360442,0.210600478082251,-0.0449137221712455,0.255514200253496,-1.31976627054189,0.99,0.01,0.99,,,0.01
"2026-06-16 20:32:33",BTCUSDT,0.533593604286417,0.250974618857771,-0.0559616420410835,0.306936260898855,-1.01722117517726,0.99,0.01,0.99,,,0.01
"2026-06-16 20:32:33",BTCUSDT,0.320985957562997,0.259726036195925,-0.0538434934148691,0.313569529610794,-0.957613908781144,0.99,0.01,0.99,,,0.01
"2026-06-16 20:32:33",BTCUSDT,0.320768130041976,0.267356297926681,-0.0545603512318903,0.321916649158571,-0.890270840751727,0.99,0.01,0.99,,,0.01
"2026-06-16 20:32:32",BTCUSDT,0.163011037484603,0.17314754460172,-0.0542114084065212,0.227358953008241,-1.60552844573335,0.99,0.01,0.99,,,0.01
"2026-06-16 20:32:32",BTCUSDT,0.163011037484603,0.17188048121208,-0.0559420890418019,0.227822570253882,-1.55477183791027,0.99,0.01,0.99,,,0.01
"2026-06-16 20:32:32",BTCUSDT,0.162956699284083,0.17076500847108,-0.0453499750436606,0.216114983514741,-1.56987257096351,0.99,0.01,0.99,,,0.01
"2026-06-16 20:32:31",BTCUSDT,0.145500288694222,0.180647000933506,-0.0526466270075224,0.233293627941028,-1.73392914111624,0.99,0.01,0.99,,,0.01
"2026-06-16 20:32:31",BTCUSDT,0.145500288694222,0.176253661903596,-0.0563111641918751,0.232564826095471,-1.68169059526003,0.99,0.01,0.99,,,0.01
"2026-06-16 20:32:31",BTCUSDT,0.162989303051008,0.174595617047022,-0.0537067347482319,0.228302351795254,-1.65166006872372,0.99,0.01,0.99,,,0.01
"2026-06-16 20:32:30",BTCUSDT,0.145827502994462,0.197932172846458,-0.0520243595668468,0.249956532413305,-1.81936943315997,0.99,0.01,0.99,,,0.01
"2026-06-16 20:32:30",BTCUSDT,0.145741129217939,0.191408292392893,-0.0556952029477804,0.247103495340674,-1.77370496407809,0.99,0.01,0.99,,,0.01
"2026-06-16 20:32:30",BTCUSDT,0.145485631848403,0.185667959824832,-0.0543886610534487,0.240056620878281,-1.75428634739583,0.99,0.01,0.99,,,0.01
"2026-06-16 20:32:29",BTCUSDT,0.146212432671957,0.221180991276311,-0.0526466270075224,0.273827618283834,-1.87134035295482,0.99,0.01,0.99,,,0.01
"2026-06-16 20:32:29",BTCUSDT,0.162793716944419,0.213882581984825,-0.0562286209680206,0.270111202952845,-1.82899900155709,0.99,0.01,0.99,,,0.01
"2026-06-16 20:32:29",BTCUSDT,0.145827502994462,0.205375697111029,-0.044938794556185,0.250314491667214,-1.88379521226065,0.99,0.01,0.99,,,0.01
"2026-06-16 20:32:28",BTCUSDT,0.161969250326727,0.255867878562177,-0.0522988007995829,0.30816667936176,-1.84345053459927,0.99,0.01,0.99,,,0.01
"2026-06-16 20:32:28",BTCUSDT,0.161969250326727,0.244130550032746,-0.0463340416524893,0.290464591685235,-1.89738621654483,0.99,0.01,0.99,,,0.01
"2026-06-16 20:32:28",BTCUSDT,0.146212432671957,0.231890785362648,-0.0540400756101517,0.285930860972799,-1.86047452846517,0.99,0.01,0.99,,,0.01
"2026-06-16 20:32:27",BTCUSDT,0.27339806526015,0.302105496117758,-0.0470100508685297,0.349115546986288,-1.71046350975516,0.99,0.01,0.99,,,0.01
"2026-06-16 20:32:27",BTCUSDT,0.162059168834201,0.284599705207314,-0.0561364704716351,0.340736175678949,-1.72996630622155,0.99,0.01,0.99,,,0.01
"2026-06-16 20:32:27",BTCUSDT,0.162057810029594,0.269281968310099,-0.0542966476740373,0.323578615984136,-1.79809589996444,0.99,0.01,0.99,,,0.01
"2026-06-16 20:32:26",BTCUSDT,0.284174265974704,0.316260054644626,-0.0478335432728684,0.364093597917494,-1.63081259908389,0.99,0.01,0.99,,,0.01
"2026-06-16 20:32:26",BTCUSDT,0.273338396704762,0.310894847402143,-0.0540496747276504,0.364944522129793,-1.63620938767473,0.99,0.01,0.99,,,0.01
"2026-06-16 20:32:26",BTCUSDT,0.273388529535764,0.306206557668845,-0.0539578585219019,0.360164416190747,-1.65764178289384,0.99,0.01,0.99,,,0.01
"2026-06-16 20:32:25",BTCUSDT,0.284325092447559,0.331963706285513,-0.0472164684062796,0.379180174691793,-1.33888909885475,0.99,0.01,0.99,,,0.01
"2026-06-16 20:32:25",BTCUSDT,0.284506341706043,0.326031535713079,-0.0457548678529692,0.371786403566048,-1.45775343304682,0.99,0.01,0.99,,,0.01
"2026-06-16 20:32:25",BTCUSDT,0.284529159931075,0.320843738740329,-0.0458450813820157,0.366688820122344,-1.5704329330143,0.99,0.01,0.99,,,0.01
"2026-06-16 20:32:24",BTCUSDT,0.28260123763658,0.366143305030481,-0.045971423253023,0.412114728283503,-0.933720149458721,0.99,0.01,0.99,,,0.01
"2026-06-16 20:32:24",BTCUSDT,0.282685357963033,0.35571106164705,-0.0475621006003977,0.403273162247447,-1.02094525524863,0.99,0.01,0.99,,,0.01
"2026-06-16 20:32:24",BTCUSDT,0.283403231595523,0.346672582890609,-0.0546702139487106,0.401342796839319,-1.07739132528528,0.99,0.01,0.99,,,0.01
"2026-06-16 20:32:24",BTCUSDT,0.283445700150361,0.338769222548078,-0.0548730280696416,0.393642250617719,-1.17730199245421,0.99,0.01,0.99,,,0.01
"2026-06-16 20:32:23",BTCUSDT,0.283315130557653,0.40957102426187,-0.043906130938543,0.453477155200413,-0.622133778390151,0.99,0.01,0.99,,,0.01
"2026-06-16 20:32:23",BTCUSDT,0.265501714512155,0.391562360543156,-0.0565331258480803,0.448095486391236,-0.669972354699156,0.99,0.01,0.99,,,0.01
"2026-06-16 20:32:23",BTCUSDT,0.283686564891925,0.378077886086752,-0.0452676991995113,0.423345585286263,-0.838601899640617,0.99,0.01,0.99,,,0.01
"2026-06-16 20:32:22",BTCUSDT,0.638094496865329,0.408660667464577,-0.0525080272596073,0.461168694724184,-0.544490349990335,0.99,0.01,0.99,,,0.01
"2026-06-16 20:32:22",BTCUSDT,0.635857638050172,0.437060288787776,-0.0566249631879848,0.493685251975761,-0.368105312150123,0.99,0.01,0.99,,,0.01
"2026-06-16 20:32:22",BTCUSDT,0.361438622528205,0.42760758050533,-0.0549552522748655,0.482562832780195,-0.442273616964967,0.99,0.01,0.99,,,0.01
"2026-06-16 20:32:21",BTCUSDT,0.355324038712875,0.382188549642754,-0.0595256972193091,0.441714246862063,-0.632137415229068,0.99,0.01,0.99,,,0.01
"2026-06-16 20:32:21",BTCUSDT,0.35529553933,0.37882692335366,-0.0472323832151822,0.426059306568842,-0.72815425303448,0.99,0.01,0.99,,,0.01
"2026-06-16 20:32:21",BTCUSDT,0.355286785497279,0.375884406121612,-0.0546082227263405,0.430492628847953,-0.710979147001299,0.99,0.01,0.99,,,0.01
"2026-06-16 20:32:20",BTCUSDT,0.305287247345751,0.402571814868239,-0.0536804357012003,0.456252250569439,-0.520413285961865,0.99,0.01,0.99,,,0.01
"2026-06-16 20:32:20",BTCUSDT,0.30529633207631,0.390412379519248,-0.0627456062441729,0.453157985763421,-0.54961381013838,0.99,0.01,0.99,,,0.01
"2026-06-16 20:32:20",BTCUSDT,0.355324038712875,0.386026336918451,-0.0521248640579691,0.43815120097642,-0.643519423209083,0.99,0.01,0.99,,,0.01
"2026-06-16 20:32:19",BTCUSDT,0.355197214792171,0.44895190802321,-0.0561799901579408,0.505131898181151,-0.209969538679796,0.99,0.01,0.99,,,0.01
"2026-06-16 20:32:19",BTCUSDT,0.33639713881181,0.434882561871785,-0.063481132424237,0.498363694296022,-0.261850532895754,0.99,0.01,0.99,,,0.01
"2026-06-16 20:32:19",BTCUSDT,0.287578948726259,0.416469610228594,-0.0644675297103181,0.480937139938912,-0.371553840191601,0.99,0.01,0.99,,,0.01
"2026-06-16 20:32:18",BTCUSDT,0.238851566124293,0.501491906550357,-0.064377294790985,0.565869201341342,0.164586649109131,0.99,0.01,0.99,,,0.01
"2026-06-16 20:32:18",BTCUSDT,0.33434940307297,0.480599093615684,-0.0630081014296378,0.543607195045321,0.0293383639424982,0.99,0.01,0.99,,,0.01
"2026-06-16 20:32:18",BTCUSDT,0.334569829711369,0.462345435627644,-0.0630994801339225,0.525444915761567,-0.0846876382316313,0.99,0.01,0.99,,,0.01
"2026-06-16 20:32:17",BTCUSDT,0.499782345626813,0.597519444315657,-0.0550317200826182,0.652551164398276,0.66538746508304,0.99,0.01,0.99,,,0.01
"2026-06-16 20:32:17",BTCUSDT,0.472212864221881,0.581856121803935,-0.0534831298134186,0.635339251617354,0.559442972693144,0.99,0.01,0.99,,,0.01
"2026-06-16 20:32:17",BTCUSDT,0.239102788833667,0.539011955182652,-0.0626375505936679,0.60164950577632,0.368407620278381,0.99,0.01,0.99,,,0.01
"2026-06-16 20:32:16",BTCUSDT,0.231714989731667,0.702660483533161,-0.0623633450415775,0.765023828574738,1.27989495542077,0.99,0.01,0.99,,,0.01
"2026-06-16 20:32:16",BTCUSDT,0.24632346581887,0.645618356318874,-0.0586513648795931,0.704269721198467,0.977297204594972,0.99,0.01,0.99,,,0.01
"2026-06-16 20:32:16",BTCUSDT,0.500183220347452,0.627438964322447,-0.0729018497621385,0.700340814084585,0.939274595557389,0.99,0.01,0.99,,,0.01
"2026-06-16 20:32:16",BTCUSDT,0.499782345626813,0.611481886985492,-0.0622020172752984,0.673683904260791,0.789583246234236,0.99,0.01,0.99,,,0.01
"2026-06-16 20:32:15",BTCUSDT,0.944720259972974,0.821760933324292,-0.0683036194292057,0.890064552753498,1.9206099625148,0.99,0.01,0.99,,,0.01
"2026-06-16 20:32:15",BTCUSDT,0.988100742269963,0.842553409442501,-0.0720367743490461,0.914590183791547,1.99940638513159,0.99,0.01,0.99,,,0.01
"2026-06-16 20:32:15",BTCUSDT,0.261633423655199,0.769938411219088,-0.0556932543215609,0.825631665540649,1.57642618896758,0.99,0.01,0.99,,,0.01
"2026-06-16 20:32:14",BTCUSDT,0.992778704423496,0.753190453154372,-0.0681089653904609,0.821299418544833,1.63906252917949,0.99,0.01,0.99,,,0.01
"2026-06-16 20:32:14",BTCUSDT,0.992794497068246,0.783140958643606,-0.0722986165826656,0.855439575226272,1.79011428177619,0.99,0.01,0.99,,,0.01
"2026-06-16 20:32:14",BTCUSDT,0.951575811347741,0.804195315231623,-0.0613525440304196,0.865547859262043,1.82971185904874,0.99,0.01,0.99,,,0.01
"2026-06-16 20:32:13",BTCUSDT,0.803234993983886,0.637250363924217,-0.0570860052069399,0.694336369131157,1.10990184585264,0.99,0.01,0.99,,,0.01
"2026-06-16 20:32:13",BTCUSDT,0.98632967100136,0.68088527730886,-0.0602140814358938,0.741099358744754,1.29293902743855,0.99,0.01,0.99,,,0.01
"2026-06-16 20:32:13",BTCUSDT,0.985511539765387,0.718963560115926,-0.0609123118609032,0.779875871976829,1.46078134973298,0.99,0.01,0.99,,,0.01
"2026-06-16 20:32:12",BTCUSDT,0.736906563305596,0.574722574371189,-0.0666165154485119,0.6413390898197,0.950333856354846,0.99,0.01,0.99,,,0.01
"2026-06-16 20:32:12",BTCUSDT,0.740323010693678,0.5954226289115,-0.0700705856526403,0.66549321456414,1.01473590748099,0.99,0.01,0.99,,,0.01
"2026-06-16 20:32:12",BTCUSDT,0.740347788945049,0.613538273915693,-0.0613076041580025,0.674845878073696,1.03991044401016,0.99,0.01,0.99,,,0.01
"2026-06-16 20:32:11",BTCUSDT,0.439430290651136,0.494459228105428,-0.0577634287141779,0.552222656819606,0.747598989426817,0.99,0.01,0.99,,,0.01
"2026-06-16 20:32:11",BTCUSDT,0.738051439233109,0.524908254496388,-0.0660025458646068,0.590910800360995,0.837040454479053,0.99,0.01,0.99,,,0.01
"2026-06-16 20:32:11",BTCUSDT,0.738069683284042,0.551553433094845,-0.0681143080103347,0.619667741105179,0.900775384657771,0.99,0.01,0.99,,,0.01
"2026-06-16 20:32:10",BTCUSDT,0.439551632474632,0.521558740046599,-0.0541503488093603,0.575709088855959,0.876702846731504,0.99,0.01,0.99,,,0.01
"2026-06-16 20:32:10",BTCUSDT,0.439563714387889,0.51130936183926,-0.0643000287850949,0.575609390624355,0.854532448700189,0.99,0.01,0.99,,,0.01
"2026-06-16 20:32:10",BTCUSDT,0.439398506202077,0.502320504884612,-0.0642420838786219,0.566562588763234,0.808088764306809,0.99,0.01,0.99,,,0.01
"2026-06-16 20:32:09",BTCUSDT,0.4259973387535,0.561966701487398,-0.0628561343437892,0.624822835831187,1.08287110705628,0.99,0.01,0.99,,,0.01
"2026-06-16 20:32:09",BTCUSDT,0.439565800976661,0.546666588923556,-0.052538046650253,0.599204635573809,0.988299066100755,0.99,0.01,0.99,,,0.01
"2026-06-16 20:32:09",BTCUSDT,0.439526206561575,0.533274041128309,-0.0613772983623146,0.594651339490623,0.951578134394034,0.99,0.01,0.99,,,0.01
"2026-06-16 20:32:08",BTCUSDT,0.599774347768649,0.597248493455198,-0.0474308152363948,0.644679308691593,1.25368008279633,0.99,0.01,0.99,,,0.01
"2026-06-16 20:32:08",BTCUSDT,0.616817461214808,0.599694614425149,-0.0633820641111541,0.663076678536303,1.27201033291258,0.99,0.01,0.99,,,0.01
"2026-06-16 20:32:08",BTCUSDT,0.616819484309626,0.601835223160709,-0.0523591864867152,0.654194409647424,1.2176092971107,0.99,0.01,0.99,,,0.01
"2026-06-16 20:32:08",BTCUSDT,0.438280607184395,0.58139089616367,-0.0592793334516806,0.64067022961535,1.15243793368483,0.99,0.01,0.99,,,0.01
"2026-06-16 20:32:07",BTCUSDT,0.611000428077239,0.596003976315334,-0.0561720528306932,0.652176029146027,1.37347430300099,0.99,0.01,0.99,,,0.01
"2026-06-16 20:32:07",BTCUSDT,0.599774347768649,0.596475272746999,-0.0598097971327936,0.656285069879792,1.34947274136928,0.99,0.01,0.99,,,0.01
"2026-06-16 20:32:07",BTCUSDT,0.599774347768649,0.596887657124705,-0.048850916570397,0.645738573695102,1.28804988158798,0.99,0.01,0.99,,,0.01
"2026-06-16 20:32:06",BTCUSDT,0.627623295318373,0.588617184138288,-0.0656152423934158,0.654232426531704,1.49389274967857,0.99,0.01,0.99,,,0.01
"2026-06-16 20:32:06",BTCUSDT,0.610985517239783,0.591413225775975,-0.0607237380445571,0.652136963820532,1.4486299530653,0.99,0.01,0.99,,,0.01
"2026-06-16 20:32:06",BTCUSDT,0.611000428077239,0.593861626063633,-0.0678576152668838,0.661719241330517,1.43586389506784,0.99,0.01,0.99,,,0.01
"2026-06-16 20:32:05",BTCUSDT,0.610755970617097,0.569394565224356,-0.0659546742998114,0.635349239524167,1.56869725980215,0.99,0.01,0.99,,,0.01
"2026-06-16 20:32:05",BTCUSDT,0.627618506489711,0.576672557882525,-0.0603552724558281,0.637027830338353,1.5305335613129,0.99,0.01,0.99,,,0.01
"2026-06-16 20:32:05",BTCUSDT,0.627651155151392,0.583044882541133,-0.0675175774070685,0.650562459948202,1.52550425929697,0.99,0.01,0.99,,,0.01
"2026-06-16 20:32:04",BTCUSDT,0.610463873123706,0.549103971041641,-0.0657202664361704,0.614824237477811,1.64654458192887,0.99,0.01,0.99,,,0.01
"2026-06-16 20:32:04",BTCUSDT,0.610463873123706,0.556773958801899,-0.0674268360228609,0.62420079482476,1.62690084381549,0.99,0.01,0.99,,,0.01
"2026-06-16 20:32:04",BTCUSDT,0.61046863258985,0.563485793025393,-0.0588563342233539,0.622342127248746,1.57684534874989,0.99,0.01,0.99,,,0.01
"2026-06-16 20:32:03",BTCUSDT,0.584620046129968,0.521797901480594,-0.0603889495501677,0.582186851030761,1.69113785971517,0.99,0.01,0.99,,,0.01
"2026-06-16 20:32:03",BTCUSDT,0.601068153664827,0.531706683003623,-0.0678402525458041,0.599546935549427,1.69492201185052,0.99,0.01,0.99,,,0.01
"2026-06-16 20:32:03",BTCUSDT,0.600759384928263,0.540338270744203,-0.0587887612677884,0.599127032011991,1.64823673712728,0.99,0.01,0.99,,,0.01
"2026-06-16 20:32:02",BTCUSDT,0.751120846394139,0.471161822880797,-0.0678216652712223,0.53898348815202,1.70258167738376,0.99,0.01,0.99,,,0.01
"2026-06-16 20:32:02",BTCUSDT,0.701403370490331,0.499942016331989,-0.0700508401825464,0.569992856514536,1.74525688988933,0.99,0.01,0.99,,,0.01
"2026-06-16 20:32:02",BTCUSDT,0.602992360778682,0.512823309387826,-0.0586035118464118,0.571426821234238,1.70468993906536,0.99,0.01,0.99,,,0.01
"2026-06-16 20:32:01",BTCUSDT,0.752572545580467,0.33634022948749,-0.0681624331370852,0.404502662624575,1.4399411684916,0.99,0.01,0.99,,,0.01
"2026-06-16 20:32:01",BTCUSDT,0.74298269874927,0.387170538145212,-0.0574422485720908,0.444612786717303,1.51691407663619,0.99,0.01,0.99,,,0.01
"2026-06-16 20:32:01",BTCUSDT,0.73914764630036,0.431167676664606,-0.0573530746160715,0.488520751280677,1.602278039849,0.99,0.01,0.99,,,0.01
"2026-06-16 20:32:00",BTCUSDT,0.162190982215335,0.131140713944449,-0.0453140510746124,0.176454765019062,0.86989580260066,0.99,0.01,0.99,,,0.01
"2026-06-16 20:32:00",BTCUSDT,0.753570084896864,0.208944385313501,-0.0511873983077179,0.260131783621219,1.08721724858235,0.99,0.01,0.99,,,0.01
"2026-06-16 20:32:00",BTCUSDT,0.752417063170578,0.276878470045636,-0.0559205146954778,0.332798984741114,1.26767701257745,0.99,0.01,0.99,,,0.01
"2026-06-16 20:31:59",BTCUSDT,-0.00163369148672323,0.13922026524829,-0.0539742594208523,0.193194524669143,0.986159103993621,0.99,0.01,0.99,,,0.01
"2026-06-16 20:31:59",BTCUSDT,-0.00143556520778881,0.12163828644128,-0.0435443398157004,0.165182626256981,0.882336203644309,0.99,0.01,0.99,,,0.01
"2026-06-16 20:31:59",BTCUSDT,0.162171685585621,0.126704961334323,-0.0507434624179671,0.17744842375229,0.895133311871345,0.99,0.01,0.99,,,0.01
"2026-06-16 20:31:58",BTCUSDT,-0.00125108389941409,0.238671658804106,-0.0415392781780868,0.280210936982193,1.35396762838856,0.99,0.01,0.99,,,0.01
"2026-06-16 20:31:58",BTCUSDT,-0.00156416432361883,0.208642180913141,-0.045145169184189,0.25378735009733,1.24355188257674,0.99,0.01,0.99,,,0.01
"2026-06-16 20:31:58",BTCUSDT,-0.00158023869921402,0.182364378461596,-0.052316029150554,0.23468040761215,1.15785332247131,0.99,0.01,0.99,,,0.01
"2026-06-16 20:31:58",BTCUSDT,-0.00181257669055173,0.159342259067578,-0.0415532649426799,0.200895524010258,1.03347646855809,0.99,0.01,0.99,,,0.01
"2026-06-16 20:31:57",BTCUSDT,0.350712122315396,0.326479427063535,-0.0560493017310766,0.382528728794611,1.7951211054196,0.99,0.01,0.99,,,0.01
"2026-06-16 20:31:57",BTCUSDT,0.149414045860836,0.304346254413197,-0.0594431233643714,0.363789377777569,1.68357574964019,0.99,0.01,0.99,,,0.01
"2026-06-16 20:31:57",BTCUSDT,0.0531469097730662,0.272946336333181,-0.0454430084130687,0.31838934474625,1.50388519639013,0.99,0.01,0.99,,,0.01
"2026-06-16 20:31:56",BTCUSDT,0.350658960265592,0.314547297159382,-0.046893661695122,0.361440958854504,1.92969040001712,0.99,0.01,0.99,,,0.01
"2026-06-16 20:31:56",BTCUSDT,0.350658960265592,0.319061255047658,-0.0506905621084916,0.36975181715615,1.88452157464557,0.99,0.01,0.99,,,0.01
"2026-06-16 20:31:56",BTCUSDT,0.350712122315396,0.323017613456126,-0.0489183216672277,0.371935935123353,1.82550230518122,0.99,0.01,0.99,,,0.01
"2026-06-16 20:31:55",BTCUSDT,0.349868701304326,0.296868960465492,-0.0561682929151951,0.353037253380687,2.14988938846397,0.99,0.01,0.99,,,0.01
"2026-06-16 20:31:55",BTCUSDT,0.350285611894687,0.303546041894141,-0.0579340664447026,0.361480108338844,2.0896224785286,0.99,0.01,0.99,,,0.01
"2026-06-16 20:31:55",BTCUSDT,0.350285611894687,0.309388488144209,-0.057541558133866,0.366930046278075,2.02340197210911,0.99,0.01,0.99,,,0.01
"2026-06-16 20:31:54",BTCUSDT,0.349868701304326,0.270755385533239,-0.055708359443411,0.32646374497665,2.31280076569273,0.99,0.01,0.99,,,0.01
"2026-06-16 20:31:54",BTCUSDT,0.349868701304326,0.280644550004624,-0.057541558133866,0.33818610813849,2.27311154558122,0.99,0.01,0.99,,,0.01
"2026-06-16 20:31:54",BTCUSDT,0.349868701304326,0.289297568917087,-0.0489183216672277,0.338215890584315,2.18808659016057,0.99,0.01,0.99,,,0.01
"2026-06-16 20:31:53",BTCUSDT,0.349847443947954,0.231778392078861,-0.0506647609992402,0.282443153078101,2.26508155500489,0.99,0.01,0.99,,,0.01
"2026-06-16 20:31:53",BTCUSDT,0.349847443947954,0.246537023562498,-0.057863656139322,0.304400679701819,2.31381895381029,0.99,0.01,0.99,,,0.01
"2026-06-16 20:31:53",BTCUSDT,0.349868701304326,0.259453483280226,-0.0556986793483424,0.315152162628568,2.33057609703459,0.99,0.01,0.99,,,0.01
"2026-06-16 20:31:52",BTCUSDT,0.347098264714954,0.174442662718378,-0.059060172519953,0.233502835238331,2.25850508819454,0.99,0.01,0.99,,,0.01
"2026-06-16 20:31:52",BTCUSDT,0.347098264714954,0.19602461296795,-0.0576122558702062,0.253636868838156,2.26982609774493,0.99,0.01,0.99,,,0.01
"2026-06-16 20:31:52",BTCUSDT,0.347118786576274,0.21491138466899,-0.046765527224185,0.261676911893175,2.2353910624547,0.99,0.01,0.99,,,0.01
"2026-06-16 20:31:51",BTCUSDT,0.355682493330589,0.0893283640477601,-0.0593319170373018,0.148660281085062,2.09281755977658,0.99,0.01,0.99,,,0.01
"2026-06-16 20:31:51",BTCUSDT,0.347267581956831,0.121570766286394,-0.0506561664651964,0.17222693275159,2.13707994994351,0.99,0.01,0.99,,,0.01
"2026-06-16 20:31:51",BTCUSDT,0.347225249746179,0.149777576718867,-0.0579540486897543,0.207731625408621,2.22157792237611,0.99,0.01,0.99,,,0.01
"2026-06-16 20:31:50",BTCUSDT,0.297932028564897,-0.0336197186932786,-0.0467149085777998,0.0130951898845212,1.60073060787666,0.99,0.01,0.99,,,0.01
"2026-06-16 20:31:50",BTCUSDT,0.297932028564897,0.00782424971399334,-0.0466992834997241,0.0545235332137174,1.76245245306868,0.99,0.01,0.99,,,0.01
"2026-06-16 20:31:50",BTCUSDT,0.355452445203751,0.051277774150213,-0.0573252369597381,0.108603011109951,1.96670023962933,0.99,0.01,0.99,,,0.01
"2026-06-16 20:31:49",BTCUSDT,0.297975895120728,-0.267741525882122,-0.0467009812825959,-0.221040544599526,0.521867426652414,0.99,0.01,0.99,,,0.01
"2026-06-16 20:31:49",BTCUSDT,0.298246634068441,-0.196993005888301,-0.0484876354498346,-0.148505370438467,0.873381081779062,0.99,0.01,0.99,,,0.01
"2026-06-16 20:31:49",BTCUSDT,0.298196314333943,-0.135094340860521,-0.0552670112810512,-0.0798273295794696,1.19738050846495,0.99,0.01,0.99,,,0.01
"2026-06-16 20:31:49",BTCUSDT,0.297786353896645,-0.0809842540158751,-0.0537986636245888,-0.0271855903912863,1.43261865913462,0.99,0.01,0.99,,,0.01
"2026-06-16 20:31:48",BTCUSDT,-0.000835494700018334,-0.546513756528817,-0.0404511762507141,-0.506062580278103,-0.882524248127453,0.99,0.01,0.99,,,0.01
"2026-06-16 20:31:48",BTCUSDT,0.298223116722616,-0.440921647372388,-0.0495027840637542,-0.391418863308634,-0.318062129176659,0.99,0.01,0.99,,,0.01
"2026-06-16 20:31:48",BTCUSDT,0.297985129117915,-0.3485583003111,-0.0270022282953691,-0.321556072015731,0.0288436218003167,0.99,0.01,0.99,,,0.01
"2026-06-16 20:31:47",BTCUSDT,-0.889281256281532,-0.574513403758032,-0.050264771135236,-0.524248632622796,-1.0519357481866,0.99,0.01,0.99,,,0.01
"2026-06-16 20:31:47",BTCUSDT,-0.788061059801349,-0.601206860763447,-0.0326777437949876,-0.568529116968459,-1.23850435417677,0.99,0.01,0.99,,,0.01
"2026-06-16 20:31:47",BTCUSDT,-0.787294326119324,-0.624467793932931,-0.0404350634019672,-0.584032730530964,-1.28006696900645,0.99,0.01,0.99,,,0.01
"2026-06-16 20:31:46",BTCUSDT,-0.7878125810177,-0.419799390790978,-0.0607560557143986,-0.35904333507658,-0.268101695407998,0.99,0.01,0.99,,,0.01
"2026-06-16 20:31:46",BTCUSDT,-0.888448629965436,-0.478380545687785,-0.013137330578244,-0.465243215109541,-0.794843416252515,0.99,0.01,0.99,,,0.01
"2026-06-16 20:31:46",BTCUSDT,-0.887708721651472,-0.529546567683246,-0.012967623362104,-0.516578944321142,-1.0351243700363,0.99,0.01,0.99,,,0.01
"2026-06-16 20:31:45",BTCUSDT,-0.997400068839086,-0.24175240931204,-0.0596018539267017,-0.182150555385338,0.637836958082926,0.99,0.01,0.99,,,0.01
"2026-06-16 20:31:45",BTCUSDT,-0.650398522244076,-0.292833173428544,-0.0617807791576548,-0.23105239427089,0.383035666993713,0.99,0.01,0.99,,,0.01
"2026-06-16 20:31:45",BTCUSDT,-0.887976409211761,-0.367226077901446,-0.0610278595574305,-0.306198218344016,0.000784915734121385,0.99,0.01,0.99,,,0.01
"2026-06-16 20:31:44",BTCUSDT,0.642616263915797,-0.201761672993124,-0.0492102674915237,-0.152551405501601,0.862937539376229,0.99,0.01,0.99,,,0.01
"2026-06-16 20:31:44",BTCUSDT,0.5824694039963,-0.103732788369446,-0.0529040890974894,-0.050828699271957,1.33444949888133,0.99,0.01,0.99,,,0.01
"2026-06-16 20:31:44",BTCUSDT,-0.344292430736427,-0.133802743665319,-0.0506430720006277,-0.0831596716646913,1.1442627254856,0.99,0.01,0.99,,,0.01
"2026-06-16 20:31:43",BTCUSDT,-0.291253527826225,-0.331917775630721,-0.0582849251325733,-0.273632850498147,0.309811465035051,0.99,0.01,0.99,,,0.01
"2026-06-16 20:31:43",BTCUSDT,-0.291253527826225,-0.326834744655159,-0.049291070538048,-0.277543674117111,0.27494772180535,0.99,0.01,0.99,,,0.01
"2026-06-16 20:31:43",BTCUSDT,-0.291253527826225,-0.322387092551542,-0.0475994921327066,-0.274787600418835,0.27433801765715,0.99,0.01,0.99,,,0.01
"2026-06-16 20:31:42",BTCUSDT,-0.32890882412837,-0.355207934157985,-0.0459571197364267,-0.309250814421558,0.209614409042573,0.99,0.01,0.99,,,0.01
"2026-06-16 20:31:42",BTCUSDT,-0.329172563991414,-0.351953512887163,-0.0567585307471666,-0.295194982139997,0.256599059159768,0.99,0.01,0.99,,,0.01
"2026-06-16 20:31:42",BTCUSDT,-0.291253527826225,-0.344366014754546,-0.0581033559869868,-0.286262658767559,0.281387304737409,0.99,0.01,0.99,,,0.01
"2026-06-16 20:31:42",BTCUSDT,-0.291253527826225,-0.337726953888506,-0.0564738409871824,-0.281253112901323,0.288747432618886,0.99,0.01,0.99,,,0.01
"2026-06-16 20:31:41",BTCUSDT,-0.290989885052807,-0.368165804697358,-0.0547657913371189,-0.313400013360239,0.253793954511435,0.99,0.01,0.99,,,0.01
"2026-06-16 20:31:41",BTCUSDT,-0.32890882412837,-0.363258682126234,-0.0475670189204064,-0.315691663205828,0.222228540843824,0.99,0.01,0.99,,,0.01
"2026-06-16 20:31:41",BTCUSDT,-0.32890882412837,-0.358964949876501,-0.054856379956862,-0.304108569919639,0.253463967897605,0.99,0.01,0.99,,,0.01
"2026-06-16 20:31:40",BTCUSDT,-0.291087878576546,-0.406183679855377,-0.0458916629188198,-0.360292016936557,0.118923947331541,0.99,0.01,0.99,,,0.01
"2026-06-16 20:31:40",BTCUSDT,-0.29104293078196,-0.3917910862212,-0.0566677965950347,-0.335123289626165,0.202505418329087,0.99,0.01,0.99,,,0.01
"2026-06-16 20:31:40",BTCUSDT,-0.290989885052807,-0.379190936075151,-0.0458916629188198,-0.333299273156331,0.188525898921713,0.99,0.01,0.99,,,0.01
"2026-06-16 20:31:39",BTCUSDT,-0.291087878576546,-0.462892689814917,-0.0549185572419437,-0.407974132572974,-0.0148083251828153,0.99,0.01,0.99,,,0.01
"2026-06-16 20:31:39",BTCUSDT,-0.291087878576546,-0.441417088410121,-0.0564861936354073,-0.384930894774713,0.0583410748004447,0.99,0.01,0.99,,,0.01
"2026-06-16 20:31:39",BTCUSDT,-0.291087878576546,-0.422625937180924,-0.0459805557755915,-0.376645381405332,0.0722922052801069,0.99,0.01,0.99,,,0.01
"2026-06-16 20:31:38",BTCUSDT,-0.254752682757037,-0.547516373914119,-0.0442055647512132,-0.503310809162905,-0.339282883041215,0.99,0.01,0.99,,,0.01
"2026-06-16 20:31:38",BTCUSDT,-0.2912163661845,-0.515478872947916,-0.0476723956809863,-0.46780647726693,-0.215995709434063,0.99,0.01,0.99,,,0.01
"2026-06-16 20:31:38",BTCUSDT,-0.29113776358492,-0.487436234277542,-0.0459571197364267,-0.441479114541115,-0.129105358843143,0.99,0.01,0.99,,,0.01
"2026-06-16 20:31:37",BTCUSDT,-0.53704746718343,-0.649143949740502,-0.0476723956809863,-0.601471554059516,-0.686707044384762,0.99,0.01,0.99,,,0.01
"2026-06-16 20:31:37",BTCUSDT,-0.537068025168748,-0.635134459169033,-0.0566483411033584,-0.578486118065675,-0.606583395511331,0.99,0.01,0.99,,,0.01
"2026-06-16 20:31:37",BTCUSDT,-0.268776852737813,-0.58933975836513,-0.0458914851482456,-0.543448273216885,-0.481850452926321,0.99,0.01,0.99,,,0.01
"2026-06-16 20:31:36",BTCUSDT,-0.724753508738288,-0.646913691975381,-0.0563048344150655,-0.590608857560316,-0.629050615991469,0.99,0.01,0.99,,,0.01
"2026-06-16 20:31:36",BTCUSDT,-0.724736526147278,-0.656641546246868,-0.0566386183663332,-0.600002927880535,-0.669598456784367,0.99,0.01,0.99,,,0.01
"2026-06-16 20:31:36",BTCUSDT,-0.724771039975453,-0.665157732962941,-0.0549468032761872,-0.610210929686754,-0.713414935714607,0.99,0.01,0.99,,,0.01
"2026-06-16 20:31:35",BTCUSDT,-0.725148107323279,-0.608444069905637,-0.0661067208621335,-0.542337349043504,-0.431860344887335,0.99,0.01,0.99,,,0.01
"2026-06-16 20:31:35",BTCUSDT,-0.725148107323279,-0.623032074582842,-0.055495631122004,-0.567536443460839,-0.531517045040217,0.99,0.01,0.99,,,0.01
"2026-06-16 20:31:35",BTCUSDT,-0.725125223136973,-0.635793718152109,-0.0645691290401736,-0.571224589111935,-0.551090713090151,0.99,0.01,0.99,,,0.01
"2026-06-16 20:31:34",BTCUSDT,-0.53300522979844,-0.552740680370563,-0.0644897526940736,-0.48825092767649,-0.21357071435245,0.99,0.01,0.99,,,0.01
"2026-06-16 20:31:34",BTCUSDT,-0.537132880121847,-0.550789705339474,-0.0573917077007146,-0.493397997638759,-0.235066578686742,0.99,0.01,0.99,,,0.01
"2026-06-16 20:31:34",BTCUSDT,-0.72658776440651,-0.572764462722853,-0.0555843897234353,-0.517180072999418,-0.327082054600725,0.99,0.01,0.99,,,0.01
"2026-06-16 20:31:34",BTCUSDT,-0.724825277422108,-0.59177206456026,-0.0555236432883791,-0.536248421271881,-0.402305798572724,0.99,0.01,0.99,,,0.01
"2026-06-16 20:31:33",BTCUSDT,-0.532271947476834,-0.562744941606347,-0.0644897526940736,-0.498255188912274,-0.256752528212924,0.99,0.01,0.99,,,0.01
"2026-06-16 20:31:33",BTCUSDT,-0.532089320682391,-0.558912988990853,-0.0644897526940736,-0.494423236296779,-0.237383700119944,0.99,0.01,0.99,,,0.01
"2026-06-16 20:31:33",BTCUSDT,-0.532089320682391,-0.555560030452295,-0.0644897526940736,-0.491070277758221,-0.223224506276528,0.99,0.01,0.99,,,0.01
"2026-06-16 20:31:32",BTCUSDT,-0.482793876906287,-0.584849014257986,-0.0698682569240533,-0.514980757333932,-0.354719196979921,0.99,0.01,0.99,,,0.01
"2026-06-16 20:31:32",BTCUSDT,-0.482688601618124,-0.572078962678003,-0.0573122616259449,-0.514766701052058,-0.338307480144111,0.99,0.01,0.99,,,0.01
"2026-06-16 20:31:32",BTCUSDT,-0.532233073109917,-0.567098226481992,-0.0645800880466296,-0.502518138435363,-0.280882328559612,0.99,0.01,0.99,,,0.01
"2026-06-16 20:31:31",BTCUSDT,-0.866953984547022,-0.572042783498557,-0.0586955071612329,-0.513347276337324,-0.408674084670445,0.99,0.01,0.99,,,0.01
"2026-06-16 20:31:31",BTCUSDT,-0.867798130624765,-0.609012201889333,-0.073360624265301,-0.535651577624032,-0.4661446395865,0.99,0.01,0.99,,,0.01
"2026-06-16 20:31:31",BTCUSDT,-0.532341143526206,-0.599428319593942,-0.0716703290854217,-0.527757990508521,-0.418788310987416,0.99,0.01,0.99,,,0.01
"2026-06-16 20:31:30",BTCUSDT,-0.868662693152641,-0.426022261739495,-0.0549650725373094,-0.371057189202185,-0.0240783872308347,0.99,0.01,0.99,,,0.01
"2026-06-16 20:31:30",BTCUSDT,-0.87147269510745,-0.481703565910489,-0.0620897173880033,-0.419613848522486,-0.145691642512862,0.99,0.01,0.99,,,0.01
"2026-06-16 20:31:30",BTCUSDT,-0.867375933988218,-0.529912611920205,-0.0605512089235225,-0.469361402996683,-0.282218024291986,0.99,0.01,0.99,,,0.01
"2026-06-16 20:31:29",BTCUSDT,-0.940676641668504,-0.175192674778292,-0.0620098675838981,-0.113182807194393,0.62020633245841,0.99,0.01,0.99,,,0.01
"2026-06-16 20:31:29",BTCUSDT,-0.975590413943355,-0.275242392173924,-0.0663295955717745,-0.20891279660215,0.386051075155374,0.99,0.01,0.99,,,0.01
"2026-06-16 20:31:29",BTCUSDT,-0.975606569940606,-0.36278791439476,-0.0651908510859441,-0.297597063308816,0.163758826310287,0.99,0.01,0.99,,,0.01
"2026-06-16 20:31:28",BTCUSDT,0.616988739357319,0.208648386741143,-0.0232003955757138,0.231848782316857,1.46341350081353,0.99,0.01,0.99,,,0.01
"2026-06-16 20:31:28",BTCUSDT,-0.999025478124795,0.0576891536329006,-0.034462037575462,0.0921511912083626,1.11400030338878,0.99,0.01,0.99,,,0.01
"2026-06-16 20:31:28",BTCUSDT,-0.930526654353536,-0.065837822365404,-0.0256326579247462,-0.0402051644406578,0.787465670777774,0.99,0.01,0.99,,,0.01
"2026-06-16 20:31:27",BTCUSDT,0.0938512873467089,-0.0422636059159555,-0.0353695145537713,-0.0068940913621842,0.813598680015189,0.99,0.01,0.99,,,0.01
"2026-06-16 20:31:27",BTCUSDT,0.763159267567426,0.0584142532694673,-0.0252474176784535,0.0836616709479208,1.05692901178546,0.99,0.01,0.99,,,0.01
"2026-06-16 20:31:27",BTCUSDT,0.79361263233867,0.150314050653118,-0.0249906284099856,0.175304679063103,1.3067808076303,0.99,0.01,0.99,,,0.01
"2026-06-16 20:31:26",BTCUSDT,-0.0405207349332838,-0.113647241806539,-0.0430305915466185,-0.0706166502599203,0.643080747437238,0.99,0.01,0.99,,,0.01
"2026-06-16 20:31:26",BTCUSDT,-0.0405207349332838,-0.104506428447382,-0.0366328245280003,-0.0678736039193816,0.651325548956277,0.99,0.01,0.99,,,0.01
"2026-06-16 20:31:26",BTCUSDT,0.0736015897996745,-0.0822429261664999,-0.0348328975307904,-0.0474100286357095,0.70454252644743,0.99,0.01,0.99,,,0.01
"2026-06-16 20:31:26",BTCUSDT,0.082031757823382,-0.0617085906677646,-0.034753267756346,-0.0269553229114187,0.757398121210735,0.99,0.01,0.99,,,0.01
"2026-06-16 20:31:25",BTCUSDT,-0.0401688104698407,-0.149727778133911,-0.0343265617573486,-0.115401216376563,0.521023776760137,0.99,0.01,0.99,,,0.01
"2026-06-16 20:31:25",BTCUSDT,-0.0401688104698407,-0.136032907175903,-0.0359543135983383,-0.100078593577564,0.563574097837004,0.99,0.01,0.99,,,0.01
"2026-06-16 20:31:25",BTCUSDT,-0.0405207349332838,-0.124093885645575,-0.0429508008094391,-0.0811430848361361,0.614571443913378,0.99,0.01,0.99,,,0.01
"2026-06-16 20:31:24",BTCUSDT,-0.181192305069404,-0.191874093714172,-0.0411278381354515,-0.150746255578721,0.418554098455065,0.99,0.01,0.99,,,0.01
"2026-06-16 20:31:24",BTCUSDT,-0.122998112046774,-0.183264596005747,-0.036119952064228,-0.147144643941519,0.432139637019643,0.99,0.01,0.99,,,0.01
"2026-06-16 20:31:24",BTCUSDT,-0.0401803017899981,-0.165379059228779,-0.0431175579418501,-0.122261501286929,0.499800502168605,0.99,0.01,0.99,,,0.01
"2026-06-16 20:31:23",BTCUSDT,-0.18271049719813,-0.196909025040978,-0.0327841109374755,-0.164124914103503,0.371640525162409,0.99,0.01,0.99,,,0.01
"2026-06-16 20:31:23",BTCUSDT,-0.182711826528522,-0.195134375226921,-0.0447725047542727,-0.150361870472648,0.410698757784539,0.99,0.01,0.99,,,0.01
"2026-06-16 20:31:23",BTCUSDT,-0.181259881576092,-0.193400063520568,-0.0344978162327389,-0.158902247287829,0.392801258468056,0.99,0.01,0.99,,,0.01
"2026-06-16 20:31:22",BTCUSDT,0.00679559897986218,-0.256927103201427,-0.0319902755776355,-0.224936827623791,0.200625424980371,0.99,0.01,0.99,,,0.01
"2026-06-16 20:31:22",BTCUSDT,-0.00193167777526416,-0.225052675023156,-0.0356643884286625,-0.189388286594494,0.297381372102692,0.99,0.01,0.99,,,0.01
"2026-06-16 20:31:22",BTCUSDT,-0.0161303641289869,-0.198937386161385,-0.0344065768792235,-0.164530809282162,0.365785451602403,0.99,0.01,0.99,,,0.01
"2026-06-16 20:31:21",BTCUSDT,0.0948585895368395,-0.403789203594671,-0.0325552658119736,-0.371233937782698,-0.193308705672434,0.99,0.01,0.99,,,0.01
"2026-06-16 20:31:21",BTCUSDT,0.11021127255848,-0.339539144075527,-0.0354867880863593,-0.304052355989168,-0.0147253467600724,0.99,0.01,0.99,,,0.01
"2026-06-16 20:31:21",BTCUSDT,0.0199598089958064,-0.294601774941611,-0.0424928715054853,-0.252108903436125,0.124618124062559,0.99,0.01,0.99,,,0.01
"2026-06-16 20:31:20",BTCUSDT,-0.51434771795824,-0.495867875936721,-0.0359660567274309,-0.459901819209291,-0.452145903840254,0.99,0.01,0.99,,,0.01
"2026-06-16 20:31:20",BTCUSDT,-0.406941081517353,-0.4847520266343,-0.0428126009032589,-0.441939425731041,-0.394432160985385,0.99,0.01,0.99,,,0.01
"2026-06-16 20:31:20",BTCUSDT,-0.406932634467566,-0.475024602613459,-0.0427256019068134,-0.432299000706645,-0.358021546135964,0.99,0.01,0.99,,,0.01
"2026-06-16 20:31:19",BTCUSDT,-0.40639874714271,-0.519813942714085,-0.0435891795317465,-0.476224763182338,-0.532665282239437,0.99,0.01,0.99,,,0.01
"2026-06-16 20:31:19",BTCUSDT,-0.406384661625589,-0.505635282578023,-0.0334697366099935,-0.472165545968029,-0.508718883069796,0.99,0.01,0.99,,,0.01
"2026-06-16 20:31:19",BTCUSDT,-0.406376209994447,-0.493227898505076,-0.0428054580233227,-0.450422440481753,-0.44146128707041,0.99,0.01,0.99,,,0.01
"2026-06-16 20:31:18",BTCUSDT,-0.417406913791234,-0.596481760019131,-0.0316754426649933,-0.564806317354138,-0.817604965208673,0.99,0.01,0.99,,,0.01
"2026-06-16 20:31:18",BTCUSDT,-0.417392052954793,-0.574095546636089,-0.043821783221256,-0.530273763414833,-0.713628230317244,0.99,0.01,0.99,,,0.01
"2026-06-16 20:31:18",BTCUSDT,-0.417516346538647,-0.554523146623908,-0.0418391429524646,-0.512684003671444,-0.653653146336891,0.99,0.01,0.99,,,0.01
"2026-06-16 20:31:18",BTCUSDT,-0.406466881712605,-0.536016113509996,-0.0332020305442458,-0.50281408296575,-0.613478888030447,0.99,0.01,0.99,,,0.01
"2026-06-16 20:31:17",BTCUSDT,-0.417294970909381,-0.684713972883605,-0.0406553387950453,-0.644058634088559,-1.08126891384189,0.99,0.01,0.99,,,0.01
"2026-06-16 20:31:17",BTCUSDT,-0.417406913791234,-0.651300590497058,-0.0435251771480482,-0.60777541334901,-0.965965593799142,0.99,0.01,0.99,,,0.01
"2026-06-16 20:31:17",BTCUSDT,-0.417406913791234,-0.62206388090883,-0.0417382294100426,-0.580325651498788,-0.875980345157067,0.99,0.01,0.99,,,0.01
"2026-06-16 20:31:16",BTCUSDT,-0.745382868069885,-0.818796717162566,-0.0421870109429046,-0.776609706219661,-1.51790667973956,0.99,0.01,0.99,,,0.01
"2026-06-16 20:31:16",BTCUSDT,-0.401038441235099,-0.766576932671633,-0.0443234349094394,-0.722253497762193,-1.33990007819073,0.99,0.01,0.99,,,0.01
"2026-06-16 20:31:16",BTCUSDT,-0.417294970909381,-0.722916687451351,-0.0338642005249353,-0.689052486926416,-1.22284922558088,0.99,0.01,0.99,,,0.01
"2026-06-16 20:31:15",BTCUSDT,-0.914107554709146,-0.854949499255,-0.0320968633794237,-0.822852635875576,-1.79287396922627,0.99,0.01,0.99,,,0.01
"2026-06-16 20:31:15",BTCUSDT,-0.745766865392495,-0.841301670022187,-0.0449704996168977,-0.796331170405289,-1.66643734040812,0.99,0.01,0.99,,,0.01
"2026-06-16 20:31:15",BTCUSDT,-0.745163588965425,-0.829284409890092,-0.0354592824890628,-0.793825127401029,-1.60896146293175,0.99,0.01,0.99,,,0.01
"2026-06-16 20:31:14",BTCUSDT,-0.986557451527988,-0.823877672042319,-0.0404519536677477,-0.783425718374571,-1.87366096650172,0.99,0.01,0.99,,,0.01
"2026-06-16 20:31:14",BTCUSDT,-0.925730659025788,-0.836609295415253,-0.0438451034352425,-0.79276419198001,-1.83544260558898,0.99,0.01,0.99,,,0.01
"2026-06-16 20:31:14",BTCUSDT,-0.915721719899923,-0.846498348475836,-0.0336235352334235,-0.812874813242413,-1.82757807682246,0.99,0.01,0.99,,,0.01
"2026-06-16 20:31:13",BTCUSDT,-0.920972998137803,-0.765949351777245,-0.0368782239358579,-0.729071127841387,-1.91608868286326,0.99,0.01,0.99,,,0.01
"2026-06-16 20:31:13",BTCUSDT,-0.91244061643042,-0.784260759858892,-0.0351637649443728,-0.749096994914519,-1.90779092161766,0.99,0.01,0.99,,,0.01
"2026-06-16 20:31:13",BTCUSDT,-0.915276309342686,-0.800637703544366,-0.0344223730542291,-0.766215330490137,-1.89042570171307,0.99,0.01,0.99,,,0.01
"2026-06-16 20:31:12",BTCUSDT,-0.726097870649466,-0.722377651697802,-0.0459270831507784,-0.676450568547023,-1.96147486203464,0.99,0.01,0.99,,,0.01
"2026-06-16 20:31:12",BTCUSDT,-0.726102648993786,-0.7228432763598,-0.035476863148866,-0.687366413210934,-1.92526498513777,0.99,0.01,0.99,,,0.01
"2026-06-16 20:31:12",BTCUSDT,-0.890521998144441,-0.74380311658288,-0.0353737687561578,-0.708429347826722,-1.92190435998068,0.99,0.01,0.99,,,0.01
"2026-06-16 20:31:11",BTCUSDT,-0.74282504540615,-0.71814444795102,-0.0371725284152721,-0.680971919535748,-2.23421977458386,0.99,0.01,0.99,,,0.01
"2026-06-16 20:31:11",BTCUSDT,-0.74282504540615,-0.721229522632912,-0.0355565580874996,-0.685672964545412,-2.15485000792297,0.99,0.01,0.99,,,0.01
"2026-06-16 20:31:11",BTCUSDT,-0.726162876350131,-0.721846191847564,-0.0439233396831003,-0.677922852164464,-2.04300072115238,0.99,0.01,0.99,,,0.01
"2026-06-16 20:31:10",BTCUSDT,-0.742860777080907,-0.70071323966459,-0.0421852865160642,-0.658527953148526,-2.63789376982728,0.99,0.01,0.99,,,0.01
"2026-06-16 20:31:10",BTCUSDT,-0.742852725739189,-0.705980675423915,-0.045934750001878,-0.660045925422037,-2.5020646615655,0.99,0.01,0.99,,,0.01
"2026-06-16 20:31:10",BTCUSDT,-0.742852725739189,-0.710589681713324,-0.0433668819147919,-0.667222799798532,-2.40302992131075,0.99,0.01,0.99,,,0.01
"2026-06-16 20:31:10",BTCUSDT,-0.742821414523316,-0.714618648314573,-0.0421075304228217,-0.672511117891752,-2.30827432266161,0.99,0.01,0.99,,,0.01
"2026-06-16 20:31:09",BTCUSDT,-0.912364786296914,-0.628058548459662,-0.0338377408834132,-0.594220807576249,-2.87335410147692,0.99,0.01,0.99,,,0.01
"2026-06-16 20:31:09",BTCUSDT,-0.912327861959183,-0.663592212647102,-0.0457678147085018,-0.617824397938601,-2.80114982925898,0.99,0.01,0.99,,,0.01
"2026-06-16 20:31:09",BTCUSDT,-0.91239181459693,-0.694692162890831,-0.0352956536757044,-0.659396509215126,-2.80446370846234,0.99,0.01,0.99,,,0.01
"2026-06-16 20:31:08",BTCUSDT,-0.915544170613669,-0.487523668037516,-0.0335708378238201,-0.453952830213696,-2.68026506123766,0.99,0.01,0.99,,,0.01
"2026-06-16 20:31:08",BTCUSDT,-0.915542537119377,-0.541026026672749,-0.0371812054979143,-0.503844821174834,-2.78407023107826,0.99,0.01,0.99,,,0.01
"2026-06-16 20:31:08",BTCUSDT,-0.912364786296914,-0.587443371625769,-0.0440886923207035,-0.543354679305066,-2.81110662764933,0.99,0.01,0.99,,,0.01
"2026-06-16 20:31:07",BTCUSDT,-0.909823439049943,-0.277710383406885,-0.0639294007754699,-0.213780982631415,-1.58177511641215,0.99,0.01,0.99,,,0.01
"2026-06-16 20:31:07",BTCUSDT,-0.908224277857582,-0.356524620213222,-0.0440885183275547,-0.312436101885668,-2.10716830981684,0.99,0.01,0.99,,,0.01
"2026-06-16 20:31:07",BTCUSDT,-0.915350714149113,-0.426377881955209,-0.0439220463459121,-0.382455835609296,-2.41599975315394,0.99,0.01,0.99,,,0.01
"2026-06-16 20:31:06",BTCUSDT,-0.931810531935884,0.0103633254717682,-0.0631389999587449,0.0735023254305131,0.0475410754704242,0.99,0.01,0.99,,,0.01
"2026-06-16 20:31:06",BTCUSDT,-0.747270056457179,-0.0843408472693502,-0.0584812976886075,-0.0258595495807427,-0.510468548405598,0.99,0.01,0.99,,,0.01
"2026-06-16 20:31:06",BTCUSDT,-0.908882215634706,-0.18740851831502,-0.0648967474694989,-0.122511770845521,-1.06606119653739,0.99,0.01,0.99,,,0.01
"2026-06-16 20:31:05",BTCUSDT,-0.313756269226137,0.317602434844449,-0.058288225058994,0.375890659903443,1.57126498498011,0.99,0.01,0.99,,,0.01
"2026-06-16 20:31:05",BTCUSDT,-0.313735775884064,0.238685158503385,-0.0655644366405364,0.304249595143921,1.25150244238944,0.99,0.01,0.99,,,0.01
"2026-06-16 20:31:05",BTCUSDT,-0.511119382997944,0.144959590815719,-0.0569186024653418,0.20187819328106,0.740167568847123,0.99,0.01,0.99,,,0.01
"2026-06-16 20:31:04",BTCUSDT,0.52053871520071,0.373261133032153,-0.0675092380934619,0.440770371125615,1.75002688492055,0.99,0.01,0.99,,,0.01
"2026-06-16 20:31:04",BTCUSDT,0.520602051222438,0.391678747805938,-0.065705132097653,0.457383879903591,1.85686024750675,0.99,0.01,0.99,,,0.01
"2026-06-16 20:31:04",BTCUSDT,0.520621048766119,0.407796535425961,-0.0568913505523086,0.46468788597827,1.94131149920594,0.99,0.01,0.99,,,0.01
"2026-06-16 20:31:03",BTCUSDT,0.557190476383501,0.30877895808498,-0.0510251727794852,0.359804130864465,1.34155261419104,0.99,0.01,0.99,,,0.01
"2026-06-16 20:31:03",BTCUSDT,0.494133361371699,0.33194825849582,-0.0624184818064668,0.394366740302287,1.51612643533301,0.99,0.01,0.99,,,0.01
"2026-06-16 20:31:03",BTCUSDT,0.494134018022415,0.352221478436645,-0.0655536455635768,0.417775124000221,1.62845963886579,0.99,0.01,0.99,,,0.01
"2026-06-16 20:31:02",BTCUSDT,0.76142869830368,0.223716060576271,-0.0521608080240122,0.275876868600284,0.866951816140596,0.99,0.01,0.99,,,0.01
"2026-06-16 20:31:02",BTCUSDT,0.435238354983854,0.250156347377219,-0.0521010368023333,0.302257384179553,1.02197141927556,0.99,0.01,0.99,,,0.01
"2026-06-16 20:31:02",BTCUSDT,0.435238354983854,0.273291598328049,-0.0520161072889325,0.325307705616981,1.15717408161989,0.99,0.01,0.99,,,0.01
"2026-06-16 20:31:01",BTCUSDT,-0.0613761616997385,-0.0809780508065397,-0.0443999298536988,-0.0365781209528408,-0.608094623875223,0.99,0.01,0.99,,,0.01
"2026-06-16 20:31:01",BTCUSDT,0.779432864714798,0.0265733136336276,-0.0350394530607483,0.0616127666943759,-0.163937286467666,0.99,0.01,0.99,,,0.01
"2026-06-16 20:31:01",BTCUSDT,0.989186560343454,0.146899969472356,-0.0280218898479448,0.174921859320301,0.371065088648649,0.99,0.01,0.99,,,0.01
"2026-06-16 20:31:00",BTCUSDT,-0.0592589043166078,-0.0906131303231977,-0.043081624927327,-0.0475315053958707,-0.69533611642278,0.99,0.01,0.99,,,0.01
"2026-06-16 20:31:00",BTCUSDT,-0.0614420317422796,-0.0869667430005829,-0.042254336303343,-0.0447124066972399,-0.672440949287378,0.99,0.01,0.99,,,0.01
"2026-06-16 20:31:00",BTCUSDT,-0.0614593644274381,-0.0837783206789398,-0.033121410266242,-0.0506569104126978,-0.68230407937145,0.99,0.01,0.99,,,0.01
"2026-06-16 20:30:59",BTCUSDT,-0.124575659330016,-0.0959555730427783,-0.0486232790019257,-0.0473322940408526,-0.740238832644267,0.99,0.01,0.99,,,0.01
"2026-06-16 20:30:59",BTCUSDT,-0.124531653841564,-0.0995275831426265,-0.063336802324986,-0.0361907808176405,-0.690275747189721,0.99,0.01,0.99,,,0.01
"2026-06-16 20:30:59",BTCUSDT,-0.105051363443225,-0.100218055680201,-0.0611421490153532,-0.0390759066648481,-0.686404121016973,0.99,0.01,0.99,,,0.01
"2026-06-16 20:30:59",BTCUSDT,-0.0592120539745608,-0.0950923054669962,-0.0509045115854562,-0.0441877938815401,-0.692508310650368,0.99,0.01,0.99,,,0.01
"2026-06-16 20:30:58",BTCUSDT,-0.0603882961353041,-0.101499078505735,-0.0480702456022868,-0.0534288329034484,-0.805503631368932,0.99,0.01,0.99,,,0.01
"2026-06-16 20:30:58",BTCUSDT,-0.0604021645077553,-0.0963619642559877,-0.0629786003515662,-0.0333833639044214,-0.729757761071103,0.99,0.01,0.99,,,0.01
"2026-06-16 20:30:58",BTCUSDT,-0.0604021645077553,-0.0918669892874586,-0.050463884960876,-0.0414031043265827,-0.737208229036839,0.99,0.01,0.99,,,0.01
"2026-06-16 20:30:57",BTCUSDT,-0.0928942559214534,-0.0893874416274793,-0.0485311513966476,-0.0408562902308317,-0.826617026225452,0.99,0.01,0.99,,,0.01
"2026-06-16 20:30:57",BTCUSDT,-0.17529526049389,-0.100125918985781,-0.0610546298480767,-0.039071289137704,-0.802231108954976,0.99,0.01,0.99,,,0.01
"2026-06-16 20:30:57",BTCUSDT,-0.158094946425909,-0.107372047415797,-0.0500758266031079,-0.0572962208126888,-0.834453370220747,0.99,0.01,0.99,,,0.01
"2026-06-16 20:30:56",BTCUSDT,-0.0929863000936976,-0.0876159122283847,-0.0565810597047583,-0.0310348525236264,-0.861377118078127,0.99,0.01,0.99,,,0.01
"2026-06-16 20:30:56",BTCUSDT,-0.0930254640702739,-0.0882921062086209,-0.0584485692933035,-0.0298435369153174,-0.83714961127795,0.99,0.01,0.99,,,0.01
"2026-06-16 20:30:56",BTCUSDT,-0.0930470017949462,-0.0888864681569115,-0.0607904856902674,-0.0280959824666442,-0.812005437506048,0.99,0.01,0.99,,,0.01
"2026-06-16 20:30:55",BTCUSDT,-0.093101656963726,-0.0849550060699435,-0.0579890102830784,-0.026965995786865,-0.917486948184275,0.99,0.01,0.99,,,0.01
"2026-06-16 20:30:55",BTCUSDT,-0.0930902850550746,-0.0859719159430849,-0.0600651822733103,-0.0259067336697746,-0.892185073573674,0.99,0.01,0.99,,,0.01
"2026-06-16 20:30:55",BTCUSDT,-0.0929863000936976,-0.0868487139619114,-0.0481646825010836,-0.0386840314608279,-0.903139210575616,0.99,0.01,0.99,,,0.01
"2026-06-16 20:30:54",BTCUSDT,-0.093548283042604,-0.0809410585450186,-0.0467864084905016,-0.034154650054517,-1.00706333956029,0.99,0.01,0.99,,,0.01
"2026-06-16 20:30:54",BTCUSDT,-0.093101656963726,-0.082461133347357,-0.0591187983814215,-0.0233423349659355,-0.954926797317865,0.99,0.01,0.99,,,0.01
"2026-06-16 20:30:54",BTCUSDT,-0.093101656963726,-0.0837911987994031,-0.0594296123524839,-0.0243615864469192,-0.93390895839133,0.99,0.01,0.99,,,0.01
"2026-06-16 20:30:53",BTCUSDT,-0.0919632376098721,-0.0750890897914248,-0.0608772428331103,-0.0142118469583145,-1.03164339299129,0.99,0.01,0.99,,,0.01
"2026-06-16 20:30:53",BTCUSDT,-0.0919632376098721,-0.0771983582687307,-0.0589571744942498,-0.018241183774481,-1.01666934533827,0.99,0.01,0.99,,,0.01
"2026-06-16 20:30:53",BTCUSDT,-0.0927317039103644,-0.0791400264739349,-0.0566735360911406,-0.0224664903827943,-1.00233539988148,0.99,0.01,0.99,,,0.01
"2026-06-16 20:30:52",BTCUSDT,-0.0918287770710662,-0.0667916617335094,-0.0518090042882755,-0.0149826574452339,-1.11092127676939,0.99,0.01,0.99,,,0.01
"2026-06-16 20:30:52",BTCUSDT,-0.0918287770710662,-0.069921301150704,-0.0591187983814215,-0.0108025027692825,-1.07465227616142,0.99,0.01,0.99,,,0.01
"2026-06-16 20:30:52",BTCUSDT,-0.0919788699125306,-0.0726784972459324,-0.0470090869558814,-0.0256694102900509,-1.08708807627869,0.99,0.01,0.99,,,0.01
"2026-06-16 20:30:51",BTCUSDT,0.0360771714358065,-0.0551653202964411,-0.0260340448490461,-0.029131275447395,-1.23743255767615,0.99,0.01,0.99,,,0.01
"2026-06-16 20:30:51",BTCUSDT,-0.0492470994816095,-0.0544255426945871,-0.051389567811096,-0.00303597488349115,-1.14920953566259,0.99,0.01,0.99,,,0.01
"2026-06-16 20:30:51",BTCUSDT,-0.0918831923606516,-0.0591077489028452,-0.0584600514894315,-0.00064769741341366,-1.12197264789406,0.99,0.01,0.99,,,0.01
"2026-06-16 20:30:51",BTCUSDT,-0.0919652054480943,-0.0632149309710013,-0.0469713597409633,-0.016243571230038,-1.13930946963334,0.99,0.01,0.99,,,0.01
"2026-06-16 20:30:50",BTCUSDT,0.0537268255769959,-0.105524488773335,-0.0318169274771263,-0.073707561296209,-1.3874866960235,0.99,0.01,0.99,,,0.01
"2026-06-16 20:30:50",BTCUSDT,0.0537268255769959,-0.0856180744795439,-0.0328713462596775,-0.0527467282198664,-1.32198120309715,0.99,0.01,0.99,,,0.01
"2026-06-16 20:30:50",BTCUSDT,0.0537268255769959,-0.0681999619724764,-0.0328678107041953,-0.0353321512682811,-1.26823174817159,0.99,0.01,0.99,,,0.01
"2026-06-16 20:30:49",BTCUSDT,-0.143746309089716,-0.145667500193029,-0.0311368458266795,-0.114530654366349,-1.5387832191144,0.99,0.01,0.99,,,0.01
"2026-06-16 20:30:49",BTCUSDT,-0.143712002339615,-0.145423062961352,-0.0268744145264236,-0.118548648434929,-1.53459716960308,0.99,0.01,0.99,,,0.01
"2026-06-16 20:30:49",BTCUSDT,-0.00823597157188096,-0.128274676537668,-0.0327117522373391,-0.0955629243003292,-1.45778221779214,0.99,0.01,0.99,,,0.01
"2026-06-16 20:30:48",BTCUSDT,-0.197553507221587,-0.146602069469597,-0.0299116964527893,-0.116690373016807,-1.58949330868791,0.99,0.01,0.99,,,0.01
"2026-06-16 20:30:48",BTCUSDT,-0.197208637837244,-0.152927890515552,-0.0255678563639939,-0.127360034151559,-1.60552237962176,0.99,0.01,0.99,,,0.01
"2026-06-16 20:30:48",BTCUSDT,-0.097040414910579,-0.145941956064931,-0.0261503703075168,-0.119791585757414,-1.56934910986466,0.99,0.01,0.99,,,0.01
"2026-06-16 20:30:47",BTCUSDT,-0.197621635194463,-0.121476861256074,-0.0301269659486712,-0.0913498953074024,-1.53884221353456,0.99,0.01,0.99,,,0.01
"2026-06-16 20:30:47",BTCUSDT,-0.197621635194463,-0.130994957998372,-0.0312924964817494,-0.0997024615166229,-1.55992255938075,0.99,0.01,0.99,,,0.01
"2026-06-16 20:30:47",BTCUSDT,-0.197621635194463,-0.139323292647884,-0.0245030872391262,-0.114820205408757,-1.5952359768834,0.99,0.01,0.99,,,0.01
"2026-06-16 20:30:46",BTCUSDT,-0.197591094110147,-0.0839714994872481,-0.0267620112499169,-0.0572094882373312,-1.44559865400056,0.99,0.01,0.99,,,0.01
"2026-06-16 20:30:46",BTCUSDT,-0.197591094110147,-0.0981739488151104,-0.0310769834205803,-0.0670969653945301,-1.47332823581646,0.99,0.01,0.99,,,0.01
"2026-06-16 20:30:46",BTCUSDT,-0.197574649556085,-0.110599036407732,-0.0299574526695922,-0.08064158373814,-1.51065920016193,0.99,0.01,0.99,,,0.01
"2026-06-16 20:30:45",BTCUSDT,-0.201153665307215,-0.0274676309571773,-0.0321230587940215,0.00465542783684423,-1.26079126513026,0.99,0.01,0.99,,,0.01
"2026-06-16 20:30:45",BTCUSDT,-0.201163117832572,-0.0491795668166016,-0.0312924964817494,-0.0178870703348522,-1.32932085754149,0.99,0.01,0.99,,,0.01
"2026-06-16 20:30:45",BTCUSDT,-0.197664062898461,-0.067740128826834,-0.0300715302039139,-0.0376685986229201,-1.38867561355541,0.99,0.01,0.99,,,0.01
"2026-06-16 20:30:44",BTCUSDT,-0.201130156931262,0.0580827730093307,-0.0386273362357426,0.0967101092450733,-0.976728667538345,0.99,0.01,0.99,,,0.01
"2026-06-16 20:30:44",BTCUSDT,-0.201026181801012,0.0256941536580379,-0.0317778785923167,0.0574720322503546,-1.09691456506286,0.99,0.01,0.99,,,0.01
"2026-06-16 20:30:44",BTCUSDT,-0.201101798292213,-0.00265534033574342,-0.036081007958354,0.0334256676226106,-1.17284322805739,0.99,0.01,0.99,,,0.01
"2026-06-16 20:30:43",BTCUSDT,-0.00900542598221637,0.161696003164762,-0.0306156738638491,0.192311677028611,-0.674528172142536,0.99,0.01,0.99,,,0.01
"2026-06-16 20:30:43",BTCUSDT,-0.00699150019562589,0.140610065244714,-0.037301208327891,0.177911273572605,-0.720985073795276,0.99,0.01,0.99,,,0.01
"2026-06-16 20:30:43",BTCUSDT,-0.00635829623381584,0.122239020059897,-0.0372455712811518,0.159484591341049,-0.780578245878132,0.99,0.01,0.99,,,0.01
"2026-06-16 20:30:43",BTCUSDT,-0.0947676078411017,0.0951131915722725,-0.0363502975184693,0.131463489090742,-0.868905164955838,0.99,0.01,0.99,,,0.01
"2026-06-16 20:30:42",BTCUSDT,0.047329650092081,0.245943713584026,-0.0360808971615457,0.282024610745572,-0.402732040820796,0.99,0.01,0.99,,,0.01
"2026-06-16 20:30:42",BTCUSDT,-0.00969000695527589,0.213989498516613,-0.0375153369635276,0.251504835480141,-0.495409588742073,0.99,0.01,0.99,,,0.01
"2026-06-16 20:30:42",BTCUSDT,-0.00927111670164963,0.18608192161433,-0.0319908670547317,0.218072788669062,-0.596028209686675,0.99,0.01,0.99,,,0.01
"2026-06-16 20:30:41",BTCUSDT,0.0487192453606712,0.343785989228365,-0.0297737578692156,0.373559747097581,-0.124360475039118,0.99,0.01,0.99,,,0.01
"2026-06-16 20:30:41",BTCUSDT,0.0473856137504658,0.306735942293628,-0.0319359194435335,0.338671861737161,-0.229146288499437,0.99,0.01,0.99,,,0.01
"2026-06-16 20:30:41",BTCUSDT,0.0473856137504658,0.274317151225733,-0.0372456823271968,0.311562833552929,-0.31250427073192,0.99,0.01,0.99,,,0.01
"2026-06-16 20:30:40",BTCUSDT,0.120802759273662,0.481935180864833,-0.0262350378074095,0.508170218672242,0.272440636379421,0.99,0.01,0.99,,,0.01
"2026-06-16 20:30:40",BTCUSDT,0.0994722254493551,0.434127311437898,-0.0314402335156797,0.465567544953578,0.145925843333628,0.99,0.01,0.99,,,0.01
"2026-06-16 20:30:40",BTCUSDT,0.0486158696104293,0.385938381209464,-0.0305441473951805,0.416482528604645,0.00236080247354955,0.99,0.01,0.99,,,0.01
"2026-06-16 20:30:39",BTCUSDT,0.990988086580346,0.581673782779953,-0.0256037359175067,0.60727751869746,0.580788277079203,0.99,0.01,0.99,,,0.01
"2026-06-16 20:30:39",BTCUSDT,0.94166843468672,0.626673114268299,-0.0228660133686292,0.649539127636928,0.679635769617166,0.99,0.01,0.99,,,0.01
"2026-06-16 20:30:39",BTCUSDT,-0.118507585426664,0.533525526806429,-0.0253833150139831,0.558908841820412,0.421340099458338,0.99,0.01,0.99,,,0.01
"2026-06-16 20:30:38",BTCUSDT,0.229975910171845,0.383808066588207,-0.0251790451161988,0.408987111704405,0.0666995108512346,0.99,0.01,0.99,,,0.01
"2026-06-16 20:30:38",BTCUSDT,0.964888568807158,0.456443129365576,-0.0205625507717304,0.477005680137306,0.24773134308895,0.99,0.01,0.99,,,0.01
"2026-06-16 20:30:38",BTCUSDT,0.990500580908716,0.523200310808468,-0.0196647086685377,0.542865019477006,0.418356443183469,0.99,0.01,0.99,,,0.01
"2026-06-16 20:30:37",BTCUSDT,0.227012336261975,0.459721784470104,-0.0206433643948443,0.480365148864948,0.248508764041983,0.99,0.01,0.99,,,0.01
"2026-06-16 20:30:37",BTCUSDT,0.229548082333228,0.430950071702995,-0.0242791067682301,0.455229178471225,0.188406739348206,0.99,0.01,0.99,,,0.01
"2026-06-16 20:30:37",BTCUSDT,0.229622209546246,0.405784088933401,-0.0188101548577291,0.42459424379113,0.108903396186106,0.99,0.01,0.99,,,0.01
"2026-06-16 20:30:36",BTCUSDT,0.225832132955408,0.574531615140084,-0.0225588168918729,0.597090432031957,0.53659555251557,0.99,0.01,0.99,,,0.01
"2026-06-16 20:30:36",BTCUSDT,0.22595365926954,0.530959370656266,-0.0197439073315243,0.55070327798779,0.419667227186769,0.99,0.01,0.99,,,0.01
"2026-06-16 20:30:36",BTCUSDT,0.227012336261975,0.49296599135698,-0.0232006526777018,0.516166644034681,0.335465901985221,0.99,0.01,0.99,,,0.01
"2026-06-16 20:30:35",BTCUSDT,0.12711123163265,0.828464347262774,-0.0171801716789387,0.845644518941712,1.20345878243658,0.99,0.01,0.99,,,0.01
"2026-06-16 20:30:35",BTCUSDT,0.159713741016111,0.744870521481941,-0.0224607619564567,0.767331283438397,0.985112538486983,0.99,0.01,0.99,,,0.01
"2026-06-16 20:30:35",BTCUSDT,0.236201922508483,0.681286946610258,-0.0178863776977619,0.69917332430802,0.801096926563309,0.99,0.01,0.99,,,0.01
"2026-06-16 20:30:35",BTCUSDT,0.225757988774208,0.624345826880752,-0.02155301390165,0.645898840782402,0.661408275814362,0.99,0.01,0.99,,,0.01
"2026-06-16 20:30:34",BTCUSDT,0.927519643569149,0.928996199773902,-0.021625992769607,0.950622192543509,1.57692377985792,0.99,0.01,0.99,,,0.01
"2026-06-16 20:30:34",BTCUSDT,0.927519643569149,0.928811630248308,-0.0224706620779148,0.951282292326223,1.54046417367308,0.99,0.01,0.99,,,0.01
"2026-06-16 20:30:34",BTCUSDT,0.927579784227032,0.928657649495648,-0.0180283292285385,0.946685978724187,1.49441530664754,0.99,0.01,0.99,,,0.01
"2026-06-16 20:30:33",BTCUSDT,0.935697265138301,0.929430784649814,-0.00506950151995327,0.934500286169768,1.6701357196393,0.99,0.01,0.99,,,0.01
"2026-06-16 20:30:33",BTCUSDT,0.928477157662637,0.929311581276417,-0.0179941681339961,0.947305749410413,1.65600156437864,0.99,0.01,0.99,,,0.01
"2026-06-16 20:30:33",BTCUSDT,0.928476022061728,0.929207136374581,-0.021625992769607,0.950833129144188,1.61882800372801,0.99,0.01,0.99,,,0.01
"2026-06-16 20:30:32",BTCUSDT,0.991809246765465,0.909166081228804,-0.00314675192266549,0.91231283315147,1.77754427119017,0.99,0.01,0.99,,,0.01
"2026-06-16 20:30:32",BTCUSDT,0.991809246765465,0.919496476920887,-0.00592801237337862,0.925424489294265,1.75625446493553,0.99,0.01,0.99,,,0.01
"2026-06-16 20:30:32",BTCUSDT,0.991809246765465,0.928535573151459,-0.00498066961737695,0.933516242768836,1.72170045608366,0.99,0.01,0.99,,,0.01
"2026-06-16 20:30:31",BTCUSDT,0.94300647676709,0.868552106546647,-0.0018988343267051,0.870450940873352,1.83829909747897,0.99,0.01,0.99,,,0.01
"2026-06-16 20:30:31",BTCUSDT,0.991072478199835,0.883867153003296,-0.00369419651900994,0.887561349522305,1.82688165180708,0.99,0.01,0.99,,,0.01
"2026-06-16 20:30:31",BTCUSDT,0.991809246765465,0.897359914723567,0.001208477604672,0.896151437118895,1.79010231660221,0.99,0.01,0.99,,,0.01
"2026-06-16 20:30:30",BTCUSDT,0.942953961126934,0.832027310591367,-0.00105796971940675,0.833085280310774,1.91864122207325,0.99,0.01,0.99,,,0.01
"2026-06-16 20:30:30",BTCUSDT,0.942484728628101,0.845834487845959,-0.00301912378247607,0.848853611628435,1.90141292542378,0.99,0.01,0.99,,,0.01
"2026-06-16 20:30:30",BTCUSDT,0.942484728628101,0.857915767943727,0.00216853430532741,0.855747233638399,1.85691635607557,0.99,0.01,0.99,,,0.01
"2026-06-16 20:30:29",BTCUSDT,0.938122373604451,0.77809769295234,0.000438809173528685,0.777658883778811,1.94506438773018,0.99,0.01,0.99,,,0.01
"2026-06-16 20:30:29",BTCUSDT,0.937930043691002,0.798076736794673,-0.0037193453952105,0.801796082189883,1.95645573469174,0.99,0.01,0.99,,,0.01
"2026-06-16 20:30:29",BTCUSDT,0.942908012270436,0.816180646229143,-0.00233532297844368,0.818515969207587,1.9409361327442,0.99,0.01,0.99,,,0.01
"2026-06-16 20:30:28",BTCUSDT,0.937331572706694,0.699368293239898,0.00209365868113167,0.697274634558766,1.86530873337024,0.99,0.01,0.99,,,0.01
"2026-06-16 20:30:28",BTCUSDT,0.937306313832224,0.729110545813939,0.00103202469196893,0.72807852112197,1.91097564538673,0.99,0.01,0.99,,,0.01
"2026-06-16 20:30:28",BTCUSDT,0.938122373604451,0.755237024287753,-0.00208780973782655,0.757324834025579,1.94506909720775,0.99,0.01,0.99,,,0.01
"2026-06-16 20:30:27",BTCUSDT,0.940828661971118,0.530863755918761,-0.00102296524916498,0.531886721167926,1.43036075170931,0.99,0.01,0.99,,,0.01
"2026-06-16 20:30:27",BTCUSDT,0.935840577636772,0.581485858633513,0.000400278529812184,0.5810855801037,1.58725682682469,0.99,0.01,0.99,,,0.01
"2026-06-16 20:30:27",BTCUSDT,0.935874111162536,0.625784390199641,-0.00254765880353011,0.628332049003171,1.72347606878103,0.99,0.01,0.99,,,0.01
"2026-06-16 20:30:27",BTCUSDT,0.942497580845362,0.665373539030356,0.00217898000658594,0.66319455902377,1.80000579944944,0.99,0.01,0.99,,,0.01
"2026-06-16 20:30:26",BTCUSDT,0.99289127913286,0.346920728273468,-0.00282163917250082,0.349742367445969,0.744536492931395,0.99,0.01,0.99,,,0.01
"2026-06-16 20:30:26",BTCUSDT,0.985954175854858,0.426799909221142,-0.00359181427947156,0.430391723500613,1.06860303332325,0.99,0.01,0.99,,,0.01
"2026-06-16 20:30:26",BTCUSDT,0.790779361599405,0.472297340768425,-0.00306457000615011,0.475361910774575,1.23060587861768,0.99,0.01,0.99,,,0.01
"2026-06-16 20:30:25",BTCUSDT,0.0329135254988914,0.0284859907743847,-0.00302339332444429,0.031509384098829,-0.609831023913363,0.99,0.01,0.99,,,0.01
"2026-06-16 20:30:25",BTCUSDT,0.993995194784868,0.149174641275695,0.00040180710333884,0.148772834172356,-0.103786474591771,0.99,0.01,0.99,,,0.01
"2026-06-16 20:30:25",BTCUSDT,0.99289127913286,0.254639221007841,0.00120434018479611,0.253434880823045,0.342211377008032,0.99,0.01,0.99,,,0.01
"2026-06-16 20:30:24",BTCUSDT,0.032868492767956,0.0262804710498012,-0.00282172002055502,0.0291021910703562,-0.635743553222066,0.99,0.01,0.99,,,0.01
"2026-06-16 20:30:24",BTCUSDT,0.0329714185625252,0.0271168394888917,0.000401887432463279,0.0267149520564284,-0.640843694861039,0.99,0.01,0.99,,,0.01
"2026-06-16 20:30:24",BTCUSDT,0.0330100100876853,0.0278534858137409,-0.00302339332444429,0.0308768791381852,-0.617675974814659,0.99,0.01,0.99,,,0.01
"2026-06-16 20:30:23",BTCUSDT,0.132635187354538,0.00879292987610104,0.00103583823643476,0.00775709163966628,-0.744205967274688,0.99,0.01,0.99,,,0.01
"2026-06-16 20:30:23",BTCUSDT,0.132635187354538,0.0242732120609056,-0.00432948590604203,0.0286026979669476,-0.648115259878411,0.99,0.01,0.99,,,0.01
"2026-06-16 20:30:23",BTCUSDT,0.0328021162941792,0.0253393250900648,0.00112406624218714,0.0242152588478777,-0.662067834386244,0.99,0.01,0.99,,,0.01
"2026-06-16 20:30:22",BTCUSDT,0.132655253128536,-0.0522255585024873,-0.00524252676837729,-0.04698303173411,-1.00903626029278,0.99,0.01,0.99,,,0.01
"2026-06-16 20:30:22",BTCUSDT,0.132635187354538,-0.0291179652703591,-0.00457561494728914,-0.02454235032307,-0.900356739516404,0.99,0.01,0.99,,,0.01
"2026-06-16 20:30:22",BTCUSDT,0.132635187354538,-0.00889882119224705,-0.00318631073912417,-0.00571251045312288,-0.80980624049309,0.99,0.01,0.99,,,0.01
"2026-06-16 20:30:21",BTCUSDT,-0.079547493005912,-0.0635360962306236,0.000484574408253475,-0.0640206706388771,-1.12630019789661,0.99,0.01,0.99,,,0.01
"2026-06-16 20:30:21",BTCUSDT,-0.127980475121333,-0.0715916435919622,-0.00385159223201154,-0.0677400513599507,-1.12878160774578,0.99,0.01,0.99,,,0.01
"2026-06-16 20:30:21",BTCUSDT,-0.127955319025904,-0.0786371030212049,-0.0040977065469098,-0.0745393964742951,-1.14354312873992,0.99,0.01,0.99,,,0.01
"2026-06-16 20:30:20",BTCUSDT,-0.0795062915765007,-0.0556597116681293,0.000314125671130606,-0.0559738373392599,-1.12375701649711,0.99,0.01,0.99,,,0.01
"2026-06-16 20:30:20",BTCUSDT,-0.0795062915765007,-0.0586405341566757,0.00029765753934549,-0.0589381916960212,-1.12726706013483,0.99,0.01,0.99,,,0.01
"2026-06-16 20:30:20",BTCUSDT,-0.0795062915765007,-0.0612487538341539,-0.00261149946180727,-0.0586372543723466,-1.11509731223967,0.99,0.01,0.99,,,0.01
"2026-06-16 20:30:19",BTCUSDT,-0.147039247031634,-0.0361427182160197,-0.00269075108130822,-0.0334519671347114,-1.05189851864749,0.99,0.01,0.99,,,0.01
"2026-06-16 20:30:19",BTCUSDT,-0.098282817331095,-0.0439102306054041,-0.00325314785055921,-0.0406570827548449,-1.07717976404869,0.99,0.01,0.99,,,0.01
"2026-06-16 20:30:19",BTCUSDT,-0.0795062915765007,-0.0483597382267912,-0.0033281067172052,-0.045031631509586,-1.08970483204466,0.99,0.01,0.99,,,0.01
"2026-06-16 20:30:19",BTCUSDT,-0.0795062915765007,-0.0522530573955048,-0.00280276096619467,-0.0494502964293102,-1.10240162284043,0.99,0.01,0.99,,,0.01
"2026-06-16 20:30:18",BTCUSDT,-0.224886732398163,0.0359833060074876,-0.00257834738246174,0.0385616533899493,-0.734936465454839,0.99,0.01,0.99,,,0.01
"2026-06-16 20:30:18",BTCUSDT,-0.224835297459942,0.00338098057405893,0.00022354421302154,0.00315743636103739,-0.896019319414916,0.99,0.01,0.99,,,0.01
"2026-06-16 20:30:18",BTCUSDT,-0.186069719671582,-0.0203003569566461,-0.00280276096619467,-0.0174975959904515,-0.985838703183183,0.99,0.01,0.99,,,0.01
"2026-06-16 20:30:17",BTCUSDT,0.0417996644164358,0.0827130118824737,0.000967970309223327,0.0817450415732504,-0.535312157865513,0.99,0.01,0.99,,,0.01
"2026-06-16 20:30:17",BTCUSDT,0.0423394330821673,0.0776663145324354,-0.00355281927803122,0.0812191338104667,-0.537472918284179,0.99,0.01,0.99,,,0.01
"2026-06-16 20:30:17",BTCUSDT,0.0423394330821673,0.0732504543511519,-0.00265268559383991,0.0759031399449918,-0.562032812604968,0.99,0.01,0.99,,,0.01
"2026-06-16 20:30:16",BTCUSDT,0.0374628776939215,0.103871343755275,-0.00245438972511116,0.106325733480387,-0.421250795042805,0.99,0.01,0.99,,,0.01
"2026-06-16 20:30:16",BTCUSDT,0.0369230889059379,0.0955028118991083,0.000372573688369233,0.0951302382107391,-0.473371462722312,0.99,0.01,0.99,,,0.01
"2026-06-16 20:30:16",BTCUSDT,0.0399425231557896,0.0885577758061935,-0.00280276096619467,0.0913605367723881,-0.490773024392459,0.99,0.01,0.99,,,0.01
"2026-06-16 20:30:15",BTCUSDT,0.0849685441145642,0.136762090686991,-0.00189192696545285,0.138654017652444,-0.271033859244243,0.99,0.01,0.99,,,0.01
"2026-06-16 20:30:15",BTCUSDT,0.0369217826833724,0.124282052186538,0.000174829282702027,0.124107222903836,-0.338302485692461,0.99,0.01,0.99,,,0.01
"2026-06-16 20:30:15",BTCUSDT,0.0368917745208393,0.113358267478326,0.000943418377957721,0.112414849100368,-0.392828925798837,0.99,0.01,0.99,,,0.01
"2026-06-16 20:30:14",BTCUSDT,0.0206789442905215,0.181937402975322,0.000174817057445724,0.181762585917877,-0.0705688153948133,0.99,0.01,0.99,,,0.01
"2026-06-16 20:30:14",BTCUSDT,0.0207427829724741,0.161788075474966,-0.00319305774508087,0.164981133220047,-0.150749837278883,0.99,0.01,0.99,,,0.01
"2026-06-16 20:30:14",BTCUSDT,0.0207728218253627,0.144161168768766,0.00111807808798232,0.143043090680784,-0.252783847324376,0.99,0.01,0.99,,,0.01
"2026-06-16 20:30:13",BTCUSDT,-0.0986880890726327,0.296767354795556,0.000385476079776203,0.29638187871578,0.483414607247073,0.99,0.01,0.99,,,0.01
"2026-06-16 20:30:13",BTCUSDT,-0.0955580607115882,0.247726677857163,-0.00428486212999513,0.252011539987158,0.266975539673755,0.99,0.01,0.99,,,0.01
"2026-06-16 20:30:13",BTCUSDT,-0.0942921398435031,0.20497432564458,0.000873535535146038,0.204100790109434,0.0372346561471504,0.99,0.01,0.99,,,0.01
"2026-06-16 20:30:12",BTCUSDT,-0.434930808043333,0.532074072911817,-0.00277882051942979,0.534852893431246,1.66405225553692,0.99,0.01,0.99,,,0.01
"2026-06-16 20:30:12",BTCUSDT,-0.374700939001553,0.418727196422645,0.000806357519010404,0.417920838903635,1.08589425719028,0.99,0.01,0.99,,,0.01
"2026-06-16 20:30:12",BTCUSDT,-0.105002457887567,0.353260989633869,-0.0018628304450323,0.355123820078901,0.771732307018417,0.99,0.01,0.99,,,0.01
"2026-06-16 20:30:11",BTCUSDT,0.75045785379173,0.72017232893176,0.000210214107272539,0.719962114824487,2.97790194834928,0.99,0.01,0.99,,,0.01
"2026-06-16 20:30:11",BTCUSDT,0.74933256620838,0.723817358591337,-0.00334413688298059,0.727161495474318,2.88100464798495,0.99,0.01,0.99,,,0.01
"2026-06-16 20:30:11",BTCUSDT,0.749339601129606,0.727007638908621,-0.00256806165486913,0.72957570056349,2.75227251343653,0.99,0.01,0.99,,,0.01
"2026-06-16 20:30:11",BTCUSDT,0.272687546311501,0.670217627333981,-0.00260303736470186,0.672820664698683,2.37095656938724,0.99,0.01,0.99,,,0.01
"2026-06-16 20:30:10",BTCUSDT,0.901310731461857,0.65959481263432,0.000467128478691548,0.659127684155629,3.10971147197782,0.99,0.01,0.99,,,0.01
"2026-06-16 20:30:10",BTCUSDT,0.899491453056619,0.689581892687108,-0.00326942969334015,0.692851322380448,3.13778370734437,0.99,0.01,0.99,,,0.01
"2026-06-16 20:30:10",BTCUSDT,0.899693354232929,0.715845825380335,0.000210243571382318,0.715635581808953,3.10039403922191,0.99,0.01,0.99,,,0.01
"2026-06-16 20:30:09",BTCUSDT,0.883499433748584,0.540647321198604,-0.0100696634031932,0.550716984601797,2.85174806649759,0.99,0.01,0.99,,,0.01
"2026-06-16 20:30:09",BTCUSDT,0.900864878392234,0.585674515847808,0.00388399128003272,0.581790524567775,2.93632986079642,0.99,0.01,0.99,,,0.01
"2026-06-16 20:30:09",BTCUSDT,0.90079012576558,0.625063967087529,0.000221667330408311,0.624842299757121,3.05955194735667,0.99,0.01,0.99,,,0.01
"2026-06-16 20:30:08",BTCUSDT,0.734585287319231,0.406786247231633,0.000227077147842905,0.40655917008379,2.20764223238709,0.99,0.01,0.99,,,0.01
"2026-06-16 20:30:08",BTCUSDT,0.882556111529996,0.466257480268928,-0.0167149357276358,0.482972415996564,2.59815435700986,0.99,0.01,0.99,,,0.01
"2026-06-16 20:30:08",BTCUSDT,0.669545221934928,0.491668447977178,-0.013556951847804,0.505225399824982,2.66732628272303,0.99,0.01,0.99,,,0.01
"2026-06-16 20:30:07",BTCUSDT,0.961196683865293,0.224032843978406,0.00393439674227352,0.220098447236132,1.21044878866394,0.99,0.01,0.99,,,0.01
"2026-06-16 20:30:07",BTCUSDT,0.711655041929788,0.284985618722329,0.00586070127340407,0.279124917448925,1.52559490545356,0.99,0.01,0.99,,,0.01
"2026-06-16 20:30:07",BTCUSDT,0.884763172410937,0.359957812933405,0.00534884173791457,0.35460897119549,1.93481704727852,0.99,0.01,0.99,,,0.01
"2026-06-16 20:30:06",BTCUSDT,0.10764731904571,0.105463670313058,0.00264975250303116,0.102813917810027,0.63340398712513,0.99,0.01,0.99,,,0.01
"2026-06-16 20:30:06",BTCUSDT,0.162060348039419,0.112538255028853,0.00701521965866412,0.105523035370189,0.632027212833862,0.99,0.01,0.99,,,0.01
"2026-06-16 20:30:06",BTCUSDT,0.162022006754549,0.118723723994565,0.0055971411228314,0.113126582871733,0.656419287547115,0.99,0.01,0.99,,,0.01
"2026-06-16 20:30:05",BTCUSDT,0.0408434075659086,0.0184713135359835,0.00509271193818131,0.0133786015978022,0.292585071779059,0.99,0.01,0.99,,,0.01
"2026-06-16 20:30:05",BTCUSDT,0.386147748956783,0.0644308679635834,0.00722133924661004,0.0572095287169733,0.460599096463236,0.99,0.01,0.99,,,0.01
"2026-06-16 20:30:05",BTCUSDT,0.390197688207775,0.105151720494107,0.00251328339155221,0.102638437102555,0.647552688718022,0.99,0.01,0.99,,,0.01
"2026-06-16 20:30:04",BTCUSDT,0.0416844299180523,0.0200112474332042,0.00353390811184395,0.0164773393213603,0.37107874620112,0.99,0.01,0.99,,,0.01
"2026-06-16 20:30:04",BTCUSDT,0.0485394885976176,0.0235772775787559,0.0035676326218497,0.0200096449569062,0.363884353873666,0.99,0.01,0.99,,,0.01
"2026-06-16 20:30:04",BTCUSDT,-0.0428385422261946,0.0152753001031371,0.00502595891134108,0.010249341191796,0.302802211700119,0.99,0.01,0.99,,,0.01
"2026-06-16 20:30:03",BTCUSDT,0.00583883534210005,0.0932032590143154,0.00723753325753016,0.0859657257567852,0.682928077057681,0.99,0.01,0.99,,,0.01
"2026-06-16 20:30:03",BTCUSDT,-0.545359715208213,0.0133828872364994,0.00489848462913175,0.00848440260736763,0.381342607096599,0.99,0.01,0.99,,,0.01
"2026-06-16 20:30:03",BTCUSDT,0.0416404173988831,0.0169150785067973,0.0045214207702345,0.0123936577365628,0.376003955735555,0.99,0.01,0.99,,,0.01
"2026-06-16 20:30:02",BTCUSDT,0.109300715755999,0.113411288280263,0.0094542025878829,0.10395708569238,0.80712289875595,0.99,0.01,0.99,,,0.01
"2026-06-16 20:30:02",BTCUSDT,0.109440118447028,0.112914892051109,0.00639643002849612,0.106518462022612,0.796655723583658,0.99,0.01,0.99,,,0.01
"2026-06-16 20:30:02",BTCUSDT,0.0550668833821523,0.105683890967489,0.0103997974408057,0.0952840935266833,0.736288404699936,0.99,0.01,0.99,,,0.01
"2026-06-16 20:30:01",BTCUSDT,0.100268838549406,0.112431531199696,0.00722187367593783,0.105209657523758,0.861169389824277,0.99,0.01,0.99,,,0.01
"2026-06-16 20:30:01",BTCUSDT,0.130607496788723,0.114703526898324,0.00521082341436059,0.109492703483963,0.861405521794467,0.99,0.01,0.99,,,0.01
"2026-06-16 20:30:01",BTCUSDT,0.109063415124423,0.113998512926586,0.00942452553866114,0.104573987387925,0.826938050379714,0.99,0.01,0.99,,,0.01
"2026-06-16 20:30:00",BTCUSDT,0.127755986020226,0.116995883365829,0.0071613954741768,0.109834487891652,0.89769532347195,0.99,0.01,0.99,,,0.01
"2026-06-16 20:30:00",BTCUSDT,0.130596153711652,0.118695917159056,0.0072227411007528,0.111473176058304,0.904287383927223,0.99,0.01,0.99,,,0.01
"2026-06-16 20:30:00",BTCUSDT,0.0824810496559293,0.114169058721166,0.00716225558325415,0.107006803137911,0.880494463531829,0.99,0.01,0.99,,,0.01
"2026-06-16 20:29:59",BTCUSDT,0.125368406651378,0.112035341209795,0.0071613954741768,0.104873945735618,0.782055837257575,0.99,0.01,0.99,,,0.01
"2026-06-16 20:29:59",BTCUSDT,0.125368406651378,0.113701974389993,0.0071613954741768,0.106540578915816,0.835806915417886,0.99,0.01,0.99,,,0.01
"2026-06-16 20:29:59",BTCUSDT,0.127755986020226,0.115458725843772,0.0071613954741768,0.108297330369595,0.876783558889467,0.99,0.01,0.99,,,0.01
"2026-06-16 20:29:58",BTCUSDT,0.124770081126035,0.105682921622968,0.0071613954741768,0.0985215261487916,0.643875654759836,0.99,0.01,0.99,,,0.01
"2026-06-16 20:29:58",BTCUSDT,0.124770081126035,0.108068816560852,0.0071613954741768,0.100907421086675,0.686987311673255,0.99,0.01,0.99,,,0.01
"2026-06-16 20:29:58",BTCUSDT,0.1245632246763,0.110130617575283,0.0071613954741768,0.102969222101106,0.732599992995754,0.99,0.01,0.99,,,0.01
"2026-06-16 20:29:57",BTCUSDT,0.124770081126035,0.0962784611097956,0.0071613954741768,0.0891170656356188,0.519714428933498,0.99,0.01,0.99,,,0.01
"2026-06-16 20:29:57",BTCUSDT,0.124770081126035,0.0998399136118256,0.0071613954741768,0.0926785181376488,0.560905424707565,0.99,0.01,0.99,,,0.01
"2026-06-16 20:29:57",BTCUSDT,0.124770081126035,0.102956184551102,0.0071613954741768,0.0957947890769249,0.601975321597448,0.99,0.01,0.99,,,0.01
"2026-06-16 20:29:56",BTCUSDT,0.125307660574485,0.0759134006219728,0.00774834066263914,0.0681650599593337,0.291586825735905,0.99,0.01,0.99,,,0.01
"2026-06-16 20:29:56",BTCUSDT,0.125303014150703,0.0820871023130641,0.00774834066263914,0.0743387616504249,0.390431082559437,0.99,0.01,0.99,,,0.01
"2026-06-16 20:29:56",BTCUSDT,0.125270579073982,0.0874850369081789,0.00759700070210448,0.0798880362060744,0.434376683969514,0.99,0.01,0.99,,,0.01
"2026-06-16 20:29:56",BTCUSDT,0.125270579073982,0.0922082296789043,0.00722187367593783,0.0849863560029665,0.477937239312741,0.99,0.01,0.99,,,0.01
"2026-06-16 20:29:55",BTCUSDT,0.106629043433865,0.0427485813001884,0.00774834066263914,0.0350002406375493,0.054763733518879,0.99,0.01,0.99,,,0.01
"2026-06-16 20:29:55",BTCUSDT,0.187101601296882,0.0607927087997751,0.00774834066263914,0.053044368137136,0.137499897900365,0.99,0.01,0.99,,,0.01
"2026-06-16 20:29:55",BTCUSDT,0.125307660574485,0.0688570777716139,0.00774834066263914,0.0611087371089747,0.209630261790139,0.99,0.01,0.99,,,0.01
"2026-06-16 20:29:54",BTCUSDT,-0.0153311908413351,0.0225089714031541,0.0075694662939781,0.014939505109176,-0.0896598649938978,0.99,0.01,0.99,,,0.01
"2026-06-16 20:29:54",BTCUSDT,0.0279262470247698,0.0231861308558561,0.0075694662939781,0.015616664561878,-0.0567001726794964,0.99,0.01,0.99,,,0.01
"2026-06-16 20:29:54",BTCUSDT,0.106679491972028,0.0336228009953775,0.00768872303797814,0.0259340779573994,-0.00250603671548753,0.99,0.01,0.99,,,0.01
"2026-06-16 20:29:53",BTCUSDT,-0.0362793846092588,0.0370314809905938,0.00716974725901507,0.0298617337315788,-0.122568121745019,0.99,0.01,0.99,,,0.01
"2026-06-16 20:29:53",BTCUSDT,-0.0359026960009362,0.0279147088666526,0.00750982717205566,0.0204048816945969,-0.110003805845899,0.99,0.01,0.99,,,0.01
"2026-06-16 20:29:52",BTCUSDT,-0.0337982233408044,0.0597067266485411,0.00716974725901507,0.052536979389526,-0.16450962406601,0.99,0.01,0.99,,,0.01
"2026-06-16 20:29:52",BTCUSDT,0.0067937342169083,0.053092602594587,0.00716974725901507,0.0459228553355719,-0.149849678965534,0.99,0.01,0.99,,,0.01
"2026-06-16 20:29:52",BTCUSDT,0.00838747616247369,0.0475044617905728,0.00716974725901507,0.0403347145315577,-0.132585724304508,0.99,0.01,0.99,,,0.01
"2026-06-16 20:29:51",BTCUSDT,0.058863323953393,0.0924776076099914,0.00716974725901507,0.0853078603509763,-0.186520990114736,0.99,0.01,0.99,,,0.01
"2026-06-16 20:29:51",BTCUSDT,0.0589446157168049,0.0882859836233431,0.00716974725901507,0.081116236364328,-0.170835701565633,0.99,0.01,0.99,,,0.01
"2026-06-16 20:29:51",BTCUSDT,-0.0334852721872496,0.073064576647019,0.00716974725901507,0.0658948293880039,-0.169121342814824,0.99,0.01,0.99,,,0.01
"2026-06-16 20:29:50",BTCUSDT,0.0586838241644357,0.10907087461598,0.00716974725901507,0.101901127356965,-0.223170770423349,0.99,0.01,0.99,,,0.01
"2026-06-16 20:29:50",BTCUSDT,0.0586454332372904,0.102767694443644,0.00716974725901507,0.0955979471846289,-0.21279977199027,0.99,0.01,0.99,,,0.01
"2026-06-16 20:29:50",BTCUSDT,0.058863323953393,0.0972796481323626,0.00716974725901507,0.0901099008733475,-0.200523193464813,0.99,0.01,0.99,,,0.01
"2026-06-16 20:29:49",BTCUSDT,-0.103688555276852,0.148560825549361,0.00716974725901507,0.141391078290346,-0.225342165900493,0.99,0.01,0.99,,,0.01
"2026-06-16 20:29:49",BTCUSDT,-0.0328892610509431,0.125879564724323,0.00716974725901507,0.118709817465308,-0.236786778361675,0.99,0.01,0.99,,,0.01
"2026-06-16 20:29:49",BTCUSDT,0.0489952443736338,0.116269024680486,0.00716974725901507,0.109099277421471,-0.231582251992158,0.99,0.01,0.99,,,0.01
"2026-06-16 20:29:48",BTCUSDT,0.217781157748426,0.151431034900062,0.00716974725901507,0.144261287641047,-0.26296874563258,0.99,0.01,0.99,,,0.01
"2026-06-16 20:29:48",BTCUSDT,0.292715368974221,0.169091576659332,0.00716974725901507,0.161921829400317,-0.229361828217679,0.99,0.01,0.99,,,0.01
"2026-06-16 20:29:48",BTCUSDT,0.293130574438091,0.184596451381677,0.00716974725901507,0.177426704122662,-0.196958418661023,0.99,0.01,0.99,,,0.01
"2026-06-16 20:29:47",BTCUSDT,0.338952260936452,0.118739574954367,0.00720088675137369,0.111538688202993,-0.338879642832529,0.99,0.01,0.99,,,0.01
"2026-06-16 20:29:47",BTCUSDT,0.217781157748426,0.131119772803624,0.00720002096860029,0.123919751835024,-0.31186795344797,0.99,0.01,0.99,,,0.01
"2026-06-16 20:29:47",BTCUSDT,0.217781157748426,0.141952445921724,0.00716974725901507,0.134782698662709,-0.286623060462552,0.99,0.01,0.99,,,0.01
"2026-06-16 20:29:46",BTCUSDT,0.398395490930323,-0.0653318511454545,0.00717104051155688,-0.0725028916570113,-0.607726885304154,0.99,0.01,0.99,,,0.01
"2026-06-16 20:29:46",BTCUSDT,0.396995157139189,-0.00754097510987406,0.00717104051155688,-0.0147120156214309,-0.525815012212572,0.99,0.01,0.99,,,0.01
"2026-06-16 20:29:46",BTCUSDT,0.397031163232282,0.0430305421828955,0.00717104051155688,0.0358595016713386,-0.453114327208564,0.99,0.01,0.99,,,0.01
"2026-06-16 20:29:46",BTCUSDT,0.397031163232282,0.0872806198140688,0.00717104051155688,0.0801095793025119,-0.388335807900212,0.99,0.01,0.99,,,0.01
"2026-06-16 20:29:45",BTCUSDT,-0.199308563165995,-0.288098640699591,0.00717104051155688,-0.295269681211148,-0.920579828862771,0.99,0.01,0.99,,,0.01
"2026-06-16 20:29:45",BTCUSDT,0.376672193294035,-0.205002286450388,0.00717104051155688,-0.212173326961945,-0.803797718298419,0.99,0.01,0.99,,,0.01
"2026-06-16 20:29:45",BTCUSDT,0.382387090759621,-0.131578614299137,0.00717104051155688,-0.138749654810694,-0.700725529860393,0.99,0.01,0.99,,,0.01
"2026-06-16 20:29:44",BTCUSDT,-0.199308563165995,-0.331846521466874,0.00717104051155688,-0.339017561978431,-1.04084723227912,0.99,0.01,0.99,,,0.01
"2026-06-16 20:29:44",BTCUSDT,-0.199308563165995,-0.315279276679264,0.00717104051155688,-0.322450317190821,-0.997284341419878,0.99,0.01,0.99,,,0.01
"2026-06-16 20:29:44",BTCUSDT,-0.199308563165995,-0.300782937490105,0.00717104051155688,-0.307953978001662,-0.957359108874304,0.99,0.01,0.99,,,0.01
"2026-06-16 20:29:43",BTCUSDT,-0.296170720500393,-0.396724669836901,0.00717104051155688,-0.403895710348458,-1.19924484721312,0.99,0.01,0.99,,,0.01
"2026-06-16 20:29:43",BTCUSDT,-0.202282237899241,-0.372419365844694,0.00717104051155688,-0.379590406356251,-1.14132841209229,0.99,0.01,0.99,,,0.01
"2026-06-16 20:29:43",BTCUSDT,-0.199308563165995,-0.350780515509856,0.00717104051155688,-0.357951556021413,-1.08863198821408,0.99,0.01,0.99,,,0.01
"2026-06-16 20:29:42",BTCUSDT,-0.334642221630634,-0.43454771995189,0.00717104051155688,-0.441718760463447,-1.34320942427602,0.99,0.01,0.99,,,0.01
"2026-06-16 20:29:42",BTCUSDT,-0.334511631165919,-0.422043208853643,0.00717751377874669,-0.42922072263239,-1.29330558909861,0.99,0.01,0.99,,,0.01
"2026-06-16 20:29:42",BTCUSDT,-0.334413695961429,-0.411089519742117,0.00732245476624652,-0.418411974508363,-1.24754148765831,0.99,0.01,0.99,,,0.01
"2026-06-16 20:29:41",BTCUSDT,-0.334623521829289,-0.483772294926502,0.00717104051155688,-0.490943335438059,-1.52392383669503,0.99,0.01,0.99,,,0.01
"2026-06-16 20:29:41",BTCUSDT,-0.334642221630634,-0.465131035764519,0.00717104051155688,-0.472302076276076,-1.45765907450419,0.99,0.01,0.99,,,0.01
"2026-06-16 20:29:41",BTCUSDT,-0.334642221630634,-0.448819933997783,0.00717104051155688,-0.45599097450934,-1.3977334745531,0.99,0.01,0.99,,,0.01
"2026-06-16 20:29:40",BTCUSDT,-0.44564829328176,-0.55727227942088,0.00717104051155688,-0.564443319932437,-1.77130952773416,0.99,0.01,0.99,,,0.01
"2026-06-16 20:29:40",BTCUSDT,-0.334534704928426,-0.529430082609323,0.00717104051155688,-0.53660112312088,-1.67880407442781,0.99,0.01,0.99,,,0.01
"2026-06-16 20:29:40",BTCUSDT,-0.334623521829289,-0.505079262511819,0.00717104051155688,-0.512250303023376,-1.59693679229602,0.99,0.01,0.99,,,0.01
"2026-06-16 20:29:39",BTCUSDT,-0.739262865245693,-0.651325573458807,0.00717104051155688,-0.658496613970364,-2.1112807450783,0.99,0.01,0.99,,,0.01
"2026-06-16 20:29:39",BTCUSDT,-0.166746396625492,-0.590753176354643,0.00717104051155688,-0.5979242168662,-1.94735285361197,0.99,0.01,0.99,,,0.01
"2026-06-16 20:29:39",BTCUSDT,-0.450476270757818,-0.57321856315504,0.00717104051155688,-0.580389603666597,-1.85466010847475,0.99,0.01,0.99,,,0.01
"2026-06-16 20:29:38",BTCUSDT,-0.739040938388139,-0.589286305558481,0.00717104051155688,-0.596457346070038,-2.43239286675867,0.99,0.01,0.99,,,0.01
"2026-06-16 20:29:38",BTCUSDT,-0.738978820493243,-0.607997869925327,0.00717104051155688,-0.615168910436884,-2.34449305740743,0.99,0.01,0.99,,,0.01
"2026-06-16 20:29:38",BTCUSDT,-0.739262865245693,-0.624405994340372,0.00717104051155688,-0.631577034851929,-2.26196278730461,0.99,0.01,0.99,,,0.01
"2026-06-16 20:29:38",BTCUSDT,-0.739262865245693,-0.638763103203538,0.00717104051155688,-0.645934143715094,-2.18433733194719,0.99,0.01,0.99,,,0.01
"2026-06-16 20:29:37",BTCUSDT,-0.937146551938524,-0.454884231935941,0.00717104051155688,-0.462055272447498,-2.61303138816695,0.99,0.01,0.99,,,0.01
"2026-06-16 20:29:37",BTCUSDT,-0.937146551938524,-0.515167021936264,0.00717104051155688,-0.522338062447821,-2.57514047227617,0.99,0.01,0.99,,,0.01
"2026-06-16 20:29:37",BTCUSDT,-0.936973139108682,-0.567892786582816,0.00717104051155688,-0.575063827094373,-2.52607046480285,0.99,0.01,0.99,,,0.01
"2026-06-16 20:29:36",BTCUSDT,-0.499554561406892,-0.217154329151278,0.00717104051155688,-0.224325369662834,-2.59662816805322,0.99,0.01,0.99,,,0.01
"2026-06-16 20:29:36",BTCUSDT,-0.937623597364251,-0.307212987677899,0.00717104051155688,-0.314384028189456,-2.63196761817325,0.99,0.01,0.99,,,0.01
"2026-06-16 20:29:36",BTCUSDT,-0.93742600459642,-0.385989614792714,0.00717104051155688,-0.393160655304271,-2.63433108587762,0.99,0.01,0.99,,,0.01
"2026-06-16 20:29:35",BTCUSDT,-0.742816869895962,-0.0783075622404075,0.00717104051155688,-0.0854786027519644,-2.75524748594732,0.99,0.01,0.99,,,0.01
"2026-06-16 20:29:35",BTCUSDT,-0.497489292003414,-0.130705278460783,0.00717104051155688,-0.13787631897234,-2.71317233543293,0.99,0.01,0.99,,,0.01
"2026-06-16 20:29:35",BTCUSDT,-0.499554561406892,-0.176811438829047,0.00717104051155688,-0.183982479340604,-2.6589064638978,0.99,0.01,0.99,,,0.01
"2026-06-16 20:29:34",BTCUSDT,-0.944205225605718,0.278152033956784,0.00717104051155688,0.270980993445228,-2.26140492334127,0.99,0.01,0.99,,,0.01
"2026-06-16 20:29:34",BTCUSDT,-0.945923242505381,0.125142624399014,0.00717104051155688,0.117971583887457,-2.55497983991954,0.99,0.01,0.99,,,0.01
"2026-06-16 20:29:34",BTCUSDT,-0.743019659967151,0.0166223388532431,0.00717104051155688,0.00945129834168624,-2.68613224151346,0.99,0.01,0.99,,,0.01
"2026-06-16 20:29:33",BTCUSDT,0.62346023783169,0.574619858615844,0.00717104051155688,0.567448818104287,-1.57264411645004,0.99,0.01,0.99,,,0.01
"2026-06-16 20:29:33",BTCUSDT,0.62346023783169,0.580724906017825,0.00717104051155688,0.573553865506268,-1.52218576559486,0.99,0.01,0.99,,,0.01
"2026-06-16 20:29:33",BTCUSDT,-0.442878345256212,0.45277449960857,0.00717104051155688,0.445603459097014,-1.84872574104756,0.99,0.01,0.99,,,0.01
"2026-06-16 20:29:32",BTCUSDT,0.536886783034319,0.565880713966636,0.00717104051155688,0.558709673455079,-1.70943299448391,0.99,0.01,0.99,,,0.01
"2026-06-16 20:29:32",BTCUSDT,0.536886783034319,0.562256472600096,0.00717104051155688,0.555085432088539,-1.68196681113666,0.99,0.01,0.99,,,0.01
"2026-06-16 20:29:32",BTCUSDT,0.6053459844794,0.567642661585009,0.00717104051155688,0.560471621073452,-1.62834206044409,0.99,0.01,0.99,,,0.01
"2026-06-16 20:29:31",BTCUSDT,0.480983594608244,0.597276045080651,0.00717060937554114,0.590105435705109,-1.72453787905487,0.99,0.01,0.99,,,0.01
"2026-06-16 20:29:31",BTCUSDT,0.480983594608244,0.5827394887716,0.00717104051155688,0.575568448260043,-1.73427812992893,0.99,0.01,0.99,,,0.01
"2026-06-16 20:29:31",BTCUSDT,0.481005211397394,0.570022704099824,0.00717104051155688,0.562851663588267,-1.73585842285922,0.99,0.01,0.99,,,0.01
"2026-06-16 20:29:30",BTCUSDT,0.480969849076154,0.655089611707138,-0.85232373780641,1.50741334951355,1.39738392911157,0.999,0.001,0.999,,,0.001
"2026-06-16 20:29:30",BTCUSDT,0.480969849076154,0.655089611707138,-0.85232373780641,1.50741334951355,1.39738392911157,0.999,0.001,0.999,,expired,0.001
"2026-06-16 20:29:30",BTCUSDT,0.48102524587262,0.633331565977823,0.00717060937554114,0.626160956602282,-1.67240491774971,0.99,0.01,0.99,,,0.01
"2026-06-16 20:29:30",BTCUSDT,0.477793056483191,0.613889252290994,0.00717060937554114,0.606718642915453,-1.70475663330734,0.99,0.01,0.99,,,0.01
"2026-06-16 20:29:29",BTCUSDT,0.452726871672757,0.744356033619876,-0.859475626380858,1.60383166000073,1.88636895678536,0.999,0.001,0.999,,,0.001
"2026-06-16 20:29:29",BTCUSDT,0.456681832325775,0.708396758458114,-0.859573086026472,1.56796984448459,1.69874966492546,0.999,0.001,0.999,,,0.001
"2026-06-16 20:29:29",BTCUSDT,0.480933598885721,0.679963863511565,-0.847574561240243,1.52753842475181,1.50849309178287,0.999,0.001,0.999,,,0.001
"2026-06-16 20:29:28",BTCUSDT,0.912122865435237,0.806087603192648,-0.859534581653784,1.66562218484643,2.39565720866187,0.999,0.001,0.999,,,0.001
"2026-06-16 20:29:28",BTCUSDT,0.912528689210886,0.819392738944928,-0.859534581653784,1.67892732059871,2.33065911977113,0.999,0.001,0.999,,,0.001
"2026-06-16 20:29:28",BTCUSDT,0.552389567141219,0.786017342469465,-0.855696455751614,1.64171379822108,2.09820316856041,0.999,0.001,0.999,,,0.001
"2026-06-16 20:29:27",BTCUSDT,0.912676036552388,0.753722715548446,-0.85964651933345,1.6133692348819,2.57874664498246,0.999,0.001,0.999,,,0.001
"2026-06-16 20:29:27",BTCUSDT,0.912274320063482,0.773541666112825,-0.859593487479535,1.63313515359236,2.52160368772683,0.999,0.001,0.999,,,0.001
"2026-06-16 20:29:27",BTCUSDT,0.912726005902738,0.790939708586564,-0.859652343920294,1.65059205250686,2.46037956975196,0.999,0.001,0.999,,,0.001
"2026-06-16 20:29:26",BTCUSDT,0.800256428090556,0.691841490249151,-0.940892496509684,1.63273398675883,3.29197330255781,0.999,0.001,0.999,,,0.001
"2026-06-16 20:29:26",BTCUSDT,0.797666984047618,0.705069676973959,-0.940965398129951,1.64603507510391,3.10568388967942,0.999,0.001,0.999,,,0.001
"2026-06-16 20:29:26",BTCUSDT,0.912633047279633,0.731015098262168,-0.940975737048025,1.67199083531019,3.00104686265326,0.999,0.001,0.999,,,0.001
"2026-06-16 20:29:25",BTCUSDT,0.952631519929131,0.560310883860348,-0.94080710496937,1.50111798882972,3.66735008752596,0.999,0.001,0.999,,,0.001
"2026-06-16 20:29:25",BTCUSDT,0.913655978481723,0.60447902068802,-0.941313097114666,1.54579211780269,3.69173619860007,0.999,0.001,0.999,,,0.001
"2026-06-16 20:29:25",BTCUSDT,0.907604379903005,0.642369690589893,-0.941323402675112,1.58369309326501,3.66700823174816,0.999,0.001,0.999,,,0.001
"2026-06-16 20:29:25",BTCUSDT,0.914241301759492,0.676353641986093,-0.941325946383602,1.61767958836969,3.50983763988911,0.999,0.001,0.999,,,0.001
"2026-06-16 20:29:24",BTCUSDT,0.811655708196235,0.395393899867254,-0.983891300738532,1.37928520060579,3.38433553730909,0.999,0.001,0.999,,,0.001
"2026-06-16 20:29:24",BTCUSDT,0.799580066041067,0.44591717063898,-0.939979406156885,1.38589657679587,3.29201377527165,0.999,0.001,0.999,,,0.001
"2026-06-16 20:29:24",BTCUSDT,0.912700435188457,0.504265078707665,-0.940845966752555,1.44511104546022,3.52198483861781,0.999,0.001,0.999,,,0.001
"2026-06-16 20:29:23",BTCUSDT,0.993969856409879,0.197323906789059,-0.983890412920607,1.18121431970967,2.18521185759145,0.999,0.001,0.999,,,0.001
"2026-06-16 20:29:23",BTCUSDT,0.758115591454049,0.267422867372183,-0.98345104599516,1.25087391336734,2.65777926365841,0.999,0.001,0.999,,,0.001
"2026-06-16 20:29:23",BTCUSDT,0.815463346385344,0.335927927248828,-0.983435486687231,1.31936341393606,3.07986268973635,0.999,0.001,0.999,,,0.001
"2026-06-16 20:29:22",BTCUSDT,0.115908719668891,0.0492967055762492,-0.983898339200329,1.03319504477658,1.13636804555286,0.999,0.001,0.999,,,0.001
"2026-06-16 20:29:22",BTCUSDT,0.115908719668891,0.0576232073378295,-0.983894737313045,1.04151794465087,1.18248088197838,0.999,0.001,0.999,,,0.001
"2026-06-16 20:29:22",BTCUSDT,0.2647762890953,0.0835173425575133,-0.983886807485889,1.0674041500434,1.36081119280924,0.999,0.001,0.999,,,0.001
"2026-06-16 20:29:21",BTCUSDT,0.116060972102387,0.0164544584890836,-0.983901219550372,1.00035567803946,0.966391190079393,0.999,0.001,0.999,,,0.001
"2026-06-16 20:29:21",BTCUSDT,0.116060972102387,0.0289052726907465,-0.983890412920607,1.01279568561135,1.02777390835509,0.999,0.001,0.999,,,0.001
"2026-06-16 20:29:21",BTCUSDT,0.115908719668891,0.0397807035630146,-0.983890412920607,1.02367111648362,1.08642615319274,0.999,0.001,0.999,,,0.001
"2026-06-16 20:29:20",BTCUSDT,0.0415503543053468,-0.0219717216881613,-0.983330876280599,0.961359154592437,0.765591072154029,0.999,0.001,0.999,,,0.001
"2026-06-16 20:29:20",BTCUSDT,0.0415503543053468,-0.0140314621889728,-0.98377969782742,0.969748235638448,0.801946949629824,0.999,0.001,0.999,,,0.001
"2026-06-16 20:29:20",BTCUSDT,0.116019887677417,0.0022249565443259,-0.98380799321546,0.986032949759786,0.893496710609416,0.999,0.001,0.999,,,0.001
"2026-06-16 20:29:19",BTCUSDT,-0.029794998089423,-0.0314293567944354,-0.983330876280599,0.951901519486163,0.752889022289824,0.999,0.001,0.999,,,0.001
"2026-06-16 20:29:19",BTCUSDT,-0.029794998089423,-0.0312250619563089,-0.983334610117236,0.952109548160927,0.741389619976764,0.999,0.001,0.999,,,0.001
"2026-06-16 20:29:19",BTCUSDT,-0.029794998089423,-0.0310463039729482,-0.983342072774543,0.952295768801595,0.727433174219155,0.999,0.001,0.999,,,0.001
"2026-06-16 20:29:18",BTCUSDT,-0.0298362039817618,-0.0322346239114824,-0.982454349978426,0.950219726066944,0.761218133739881,0.999,0.001,0.999,,,0.001
"2026-06-16 20:29:18",BTCUSDT,-0.029794998089423,-0.031929670683725,-0.982438621413861,0.950508950730136,0.758915374518203,0.999,0.001,0.999,,,0.001
"2026-06-16 20:29:18",BTCUSDT,-0.029794998089423,-0.0316628366094372,-0.982887382401151,0.951224545791714,0.757677723926492,0.999,0.001,0.999,,,0.001
"2026-06-16 20:29:17",BTCUSDT,-0.0298362039817618,-0.0334163526815197,-0.982455127421875,0.949038774740355,0.78358502847518,0.999,0.001,0.999,,,0.001
"2026-06-16 20:29:17",BTCUSDT,-0.0298362039817618,-0.03296883409405,-0.982450414586571,0.949481580492521,0.774105110245296,0.999,0.001,0.999,,,0.001
"2026-06-16 20:29:17",BTCUSDT,-0.0298362039817618,-0.0325772553300139,-0.982446485289304,0.94986922995929,0.766441030897977,0.999,0.001,0.999,,,0.001
"2026-06-16 20:29:16",BTCUSDT,-0.0297179049627201,-0.0359577582492022,-0.982898108092015,0.946940349842813,0.841623365627066,0.999,0.001,0.999,,,0.001
"2026-06-16 20:29:16",BTCUSDT,-0.0297858889151198,-0.035186274582442,-0.982898108092015,0.947711833509573,0.824890406992088,0.999,0.001,0.999,,,0.001
"2026-06-16 20:29:16",BTCUSDT,-0.0298167936793119,-0.0345150894695507,-0.982466122042947,0.947951032573397,0.806358488971966,0.999,0.001,0.999,,,0.001
"2026-06-16 20:29:16",BTCUSDT,-0.0298167936793119,-0.0339278024957708,-0.982447271289512,0.948519468793741,0.794371567186365,0.999,0.001,0.999,,,0.001
"2026-06-16 20:29:15",BTCUSDT,-0.0295651547674537,-0.0390359793811897,-0.903837001081299,0.86480102170011,0.594551675829025,0.999,0.001,0.999,,,0.001
"2026-06-16 20:29:15",BTCUSDT,-0.0295962152051931,-0.0378560088591901,-0.903795597581663,0.865939588722473,0.580182683947879,0.999,0.001,0.999,,,0.001
"2026-06-16 20:29:15",BTCUSDT,-0.0298012648781239,-0.0368491658615568,-0.982898873698333,0.946049707836777,0.858867692807324,0.999,0.001,0.999,,,0.001
"2026-06-16 20:29:14",BTCUSDT,-0.102657534302441,-0.0333085850491761,-0.904291589440637,0.870983004391461,0.672832888040503,0.999,0.001,0.999,,,0.001
"2026-06-16 20:29:14",BTCUSDT,-0.102378971070537,-0.0419423833018462,-0.903857627480008,0.861915244178161,0.621195556019784,0.999,0.001,0.999,,,0.001
"2026-06-16 20:29:14",BTCUSDT,-0.0295149514951495,-0.0403889543260091,-0.903841093996399,0.86345213967039,0.608241983313979,0.999,0.001,0.999,,,0.001
"2026-06-16 20:29:13",BTCUSDT,-0.0538894826765695,0.000878744942047282,-0.90474189129026,0.905620636232307,0.857534918706103,0.999,0.001,0.999,,,0.001
"2026-06-16 20:29:13",BTCUSDT,-0.102292175353352,-0.0120176200948777,-0.90467634871188,0.892658728617002,0.790112437624214,0.999,0.001,0.999,,,0.001
"2026-06-16 20:29:13",BTCUSDT,-0.103089397725534,-0.0234015922987097,-0.90420924205766,0.880807649758951,0.727543986480039,0.999,0.001,0.999,,,0.001
"2026-06-16 20:29:12",BTCUSDT,-0.029334709272792,0.0203228046836899,-0.904614820577786,0.924937625261476,0.995897907720995,0.999,0.001,0.999,,,0.001
"2026-06-16 20:29:12",BTCUSDT,-0.0289437278593876,0.0141644881158052,-0.904700937745593,0.918865425861398,0.950112820876467,0.999,0.001,0.999,,,0.001
"2026-06-16 20:29:12",BTCUSDT,-0.0295291971386965,0.00870277745899253,-0.904696840454292,0.913399617913285,0.907464237173595,0.999,0.001,0.999,,,0.001
"2026-06-16 20:29:11",BTCUSDT,0.0163316503992344,0.0381745730533158,-0.904639482384421,0.942814055437737,1.1398534941847,0.999,0.001,0.999,,,0.001
"2026-06-16 20:29:11",BTCUSDT,0.0170106609629608,0.0355290840420214,-0.904635338779317,0.940164422821338,1.1023241976838,0.999,0.001,0.999,,,0.001
"2026-06-16 20:29:11",BTCUSDT,-0.0293697063029369,0.0274167352489016,-0.904700978716727,0.932117713965628,1.04681055719821,0.999,0.001,0.999,,,0.001
"2026-06-16 20:29:10",BTCUSDT,-0.0290703486442501,0.0630397366003688,-0.899823824989905,0.962863561590274,1.30514532359656,0.999,0.001,0.999,,,0.001
"2026-06-16 20:29:10",BTCUSDT,-0.0297477344109469,0.0514413027239543,-0.899782659704435,0.951223962428389,1.23014820540509,0.999,0.001,0.999,,,0.001
"2026-06-16 20:29:10",BTCUSDT,-0.0297291944650606,0.0412949905753274,-0.90853114049494,0.949826131070267,1.19443449662145,0.999,0.001,0.999,,,0.001
"2026-06-16 20:29:09",BTCUSDT,-0.018018403595121,0.108224569294362,-0.89909703216656,1.00732160146092,1.63288439430324,0.999,0.001,0.999,,,0.001
"2026-06-16 20:29:09",BTCUSDT,0.0086988555018795,0.0957838550703013,-0.899121900805229,0.99490575587553,1.54010673088351,0.999,0.001,0.999,,,0.001
"2026-06-16 20:29:09",BTCUSDT,0.0119024520511649,0.0852986796929093,-0.899741460573046,0.985040140265955,1.4611000920165,0.999,0.001,0.999,,,0.001
"2026-06-16 20:29:09",BTCUSDT,0.0124958038035783,0.0761983202067429,-0.899823824989905,0.976022145196648,1.38901901677082,0.999,0.001,0.999,,,0.001
"2026-06-16 20:29:08",BTCUSDT,0.964198257832646,0.108418708673801,-0.899163321306873,1.00758202998067,1.77995891706286,0.999,0.001,0.999,,,0.001
"2026-06-16 20:29:08",BTCUSDT,0.466471132200603,0.153175261614652,-0.898558904624665,1.05173416623932,1.90912856889182,0.999,0.001,0.999,,,0.001
"2026-06-16 20:29:08",BTCUSDT,-0.0621525936454022,0.126259279707145,-0.899184060191366,1.02544333989851,1.75148012925711,0.999,0.001,0.999,,,0.001
"2026-06-16 20:29:07",BTCUSDT,0.0036396831334683,-0.0191657685317361,-0.899308066867736,0.880142298336,1.26340135921025,0.999,0.001,0.999,,,0.001
"2026-06-16 20:29:07",BTCUSDT,0.00356399308373614,-0.016324548329802,-0.899221252897681,0.882896704567878,1.28875253295156,0.999,0.001,0.999,,,0.001
"2026-06-16 20:29:07",BTCUSDT,0.00358773723177253,-0.0138355126346052,-0.899142615308734,0.885307102674128,1.29927956384699,0.999,0.001,0.999,,,0.001
"2026-06-16 20:29:06",BTCUSDT,0.00358510628287522,-0.0304022738711516,-0.89926672390024,0.868864450029088,1.11447372053508,0.999,0.001,0.999,,,0.001
"2026-06-16 20:29:06",BTCUSDT,0.0036396831334683,-0.0261470292455741,-0.89917987998504,0.873032850739466,1.16968715705895,0.999,0.001,0.999,,,0.001
"2026-06-16 20:29:06",BTCUSDT,0.0036396831334683,-0.0224236901981938,-0.899241926623158,0.876818236424964,1.2201411656046,0.999,0.001,0.999,,,0.001
"2026-06-16 20:29:05",BTCUSDT,0.00251923501736665,-0.0388868967334048,-0.896911720422499,0.858024823689094,0.948906166444351,0.999,0.001,0.999,,,0.001
"2026-06-16 20:29:05",BTCUSDT,-0.0530502859836972,-0.0406573203896914,-0.89735933571141,0.856702015321718,0.983899790451631,0.999,0.001,0.999,,,0.001
"2026-06-16 20:29:05",BTCUSDT,0.00254033158259597,-0.0352576138931554,-0.899221252897681,0.863963639004525,1.05525422738159,0.999,0.001,0.999,,,0.001
"2026-06-16 20:29:04",BTCUSDT,-0.0550221757767714,-0.0416692225885143,-0.896703501447669,0.855034278859155,0.833715685838643,0.999,0.001,0.999,,,0.001
"2026-06-16 20:29:04",BTCUSDT,-0.0550221757767714,-0.0433383417370464,-0.896618272188412,0.853279930451365,0.86003290152331,0.999,0.001,0.999,,,0.001
"2026-06-16 20:29:04",BTCUSDT,-0.0550480751373665,-0.0448020584120865,-0.896848069127444,0.852046010715357,0.890392206624327,0.999,0.001,0.999,,,0.001
"2026-06-16 20:29:03",BTCUSDT,-0.0551157706031066,-0.0350767000366021,-0.908027371481911,0.872950671445309,0.808950016545824,0.999,0.001,0.999,,,0.001
"2026-06-16 20:29:03",BTCUSDT,-0.0551157706031066,-0.0375815838574152,-0.908500175040691,0.870918591183276,0.828213682379077,0.999,0.001,0.999,,,0.001
"2026-06-16 20:29:03",BTCUSDT,-0.0550221757767714,-0.0397616578473347,-0.908504008139466,0.868742350292131,0.84911663907123,0.999,0.001,0.999,,,0.001
"2026-06-16 20:29:02",BTCUSDT,-0.056372821756838,-0.0248062205881687,-0.908499421370708,0.88369320078254,0.777349419014293,0.999,0.001,0.999,,,0.001
"2026-06-16 20:29:02",BTCUSDT,-0.056372821756838,-0.0287520457342523,-0.907993003023913,0.87924095728966,0.782890436226806,0.999,0.001,0.999,,,0.001
"2026-06-16 20:29:02",BTCUSDT,-0.0564474852199027,-0.0322139756699586,-0.908050269526289,0.87583629385633,0.794238077312198,0.999,0.001,0.999,,,0.001
"2026-06-16 20:29:01",BTCUSDT,-0.171696099748863,-0.00433639081900547,-0.905296658331439,0.900960267512433,0.783841073645053,0.999,0.001,0.999,,,0.001
"2026-06-16 20:29:01",BTCUSDT,-0.0907651833249124,-0.0151399898822438,-0.908404236342442,0.893264246460198,0.773681005899633,0.999,0.001,0.999,,,0.001
"2026-06-16 20:29:01",BTCUSDT,-0.0563937199083062,-0.0202967061355016,-0.908541113090591,0.88824440695509,0.774092248982879,0.999,0.001,0.999,,,0.001
"2026-06-16 20:29:00",BTCUSDT,0.0447660833459412,0.0379590865673056,-0.877500070175916,0.915459156743222,0.798030115165818,0.999,0.001,0.999,,,0.001
"2026-06-16 20:29:00",BTCUSDT,-0.0404705002999636,0.0281553882088969,-0.903937644587525,0.932093032796422,0.854834342069505,0.999,0.001,0.999,,,0.001
"2026-06-16 20:29:00",BTCUSDT,-0.0405106052373425,0.019572139028117,-0.903916781160044,0.923488920188161,0.83897619995087,0.999,0.001,0.999,,,0.001
"2026-06-16 20:28:59",BTCUSDT,0.026644748107812,0.0332002915261698,-0.517118286325684,0.550318577851853,-0.327589522358152,0.999,0.001,0.999,,,0.001
"2026-06-16 20:28:59",BTCUSDT,0.0446048002689496,0.0346258551190172,-0.523809819630841,0.558435674749858,-0.292748207449319,0.999,0.001,0.999,,,0.001
"2026-06-16 20:28:59",BTCUSDT,0.0447176925478518,0.0358873347976216,-0.539430923074188,0.57531825787181,-0.23118319801151,0.999,0.001,0.999,,,0.001
"2026-06-16 20:28:59",BTCUSDT,0.0446819240652243,0.0369866584560719,-0.527532451624043,0.564519110080115,-0.249550732188348,0.999,0.001,0.999,,,0.001
"2026-06-16 20:28:58",BTCUSDT,0.044541509882505,0.0363952990056338,-0.489113078649835,0.525508377655469,-0.42753342670927,0.999,0.001,0.999,,,0.001
"2026-06-16 20:28:58",BTCUSDT,0.0267590268911099,0.0351907649913184,-0.488445683548599,0.523636448539917,-0.424770659817808,0.999,0.001,0.999,,,0.001
"2026-06-16 20:28:58",BTCUSDT,0.0267590268911099,0.0341367977287923,-0.502998683969551,0.537135481698343,-0.375403993938627,0.999,0.001,0.999,,,0.001
"2026-06-16 20:28:57",BTCUSDT,-0.0156806968524923,0.041733705921563,-0.505682333332197,0.54741603925376,-0.379257492989601,0.999,0.001,0.999,,,0.001
"2026-06-16 20:28:57",BTCUSDT,-0.0156806968524923,0.0345569055748061,-0.505535750035043,0.540092655609849,-0.397216010238114,0.999,0.001,0.999,,,0.001
"2026-06-16 20:28:57",BTCUSDT,0.0399540977335756,0.0352315545946523,-0.496266489544035,0.531498044138687,-0.417256569120076,0.999,0.001,0.999,,,0.001
"2026-06-16 20:28:56",BTCUSDT,-0.0156806968524923,0.0700224349851645,-0.469390581671338,0.539413016656503,-0.397750345679006,0.999,0.001,0.999,,,0.001
"2026-06-16 20:28:56",BTCUSDT,-0.0156806968524923,0.0593095435054574,-0.499836443288621,0.559145986794078,-0.344661754744145,0.999,0.001,0.999,,,0.001
"2026-06-16 20:28:56",BTCUSDT,-0.0156806968524923,0.0499357634607137,-0.499803337488494,0.549739100949208,-0.373541452756311,0.999,0.001,0.999,,,0.001
"2026-06-16 20:28:55",BTCUSDT,-0.0158425299527175,0.11232476703022,-0.374856719941771,0.487181486971991,-0.512042764850609,0.99,0.01,0.99,,,0.01
"2026-06-16 20:28:55",BTCUSDT,-0.0159270836228745,0.0962932856985835,-0.520093915984821,0.616387201683405,-0.151873142742454,0.99,0.01,0.99,,,0.01
"2026-06-16 20:28:55",BTCUSDT,-0.0159270836228745,0.0822657395334012,-0.523084782843479,0.60535052237688,-0.196609716964966,0.99,0.01,0.99,,,0.01
"2026-06-16 20:28:54",BTCUSDT,0.498926344478245,0.0831678135869792,-0.353014100848964,0.436181914435943,-0.627221838216254,0.99,0.01,0.99,,,0.01
"2026-06-16 20:28:54",BTCUSDT,0.499019196222701,0.135149236416444,-0.369114197098306,0.50426343351475,-0.444062068237736,0.99,0.01,0.99,,,0.01
"2026-06-16 20:28:54",BTCUSDT,0.0990303921642952,0.130634380884926,-0.369913222763994,0.50054760364892,-0.464310400667641,0.99,0.01,0.99,,,0.01
"2026-06-16 20:28:53",BTCUSDT,0.38509366846941,-0.121674404927987,-0.344925753753588,0.223251348825602,-1.21345344837192,0.99,0.01,0.99,,,0.01
"2026-06-16 20:28:53",BTCUSDT,0.498926344478245,-0.0440993112522079,-0.34441084813101,0.300311536878802,-0.99718559118541,0.99,0.01,0.99,,,0.01
"2026-06-16 20:28:53",BTCUSDT,0.498885080728414,0.0237737377453698,-0.356895660393634,0.380669398139004,-0.776037371030711,0.99,0.01,0.99,,,0.01
"2026-06-16 20:28:52",BTCUSDT,-0.215100403960474,-0.200288582330738,-0.357476933947522,0.157188351616784,-1.39934155650726,0.99,0.01,0.99,,,0.01
"2026-06-16 20:28:52",BTCUSDT,-0.212367405920038,-0.2017984352794,-0.36134090170161,0.15954246642221,-1.40691689211338,0.99,0.01,0.99,,,0.01
"2026-06-16 20:28:52",BTCUSDT,-0.13996970492226,-0.194069843984758,-0.359242458072164,0.165172614087406,-1.3863322074701,0.99,0.01,0.99,,,0.01
"2026-06-16 20:28:51",BTCUSDT,-0.215161568300048,-0.192959006205351,-0.346651198850643,0.153692192645292,-1.33453293808603,0.99,0.01,0.99,,,0.01
"2026-06-16 20:28:51",BTCUSDT,-0.215175225516644,-0.195736033619262,-0.349776566154985,0.154040532535723,-1.35798614846287,0.99,0.01,0.99,,,0.01
"2026-06-16 20:28:51",BTCUSDT,-0.215228627162797,-0.198172607812204,-0.353900496220584,0.15572788840838,-1.37796456792597,0.99,0.01,0.99,,,0.01
"2026-06-16 20:28:50",BTCUSDT,-0.237356851846788,-0.177284977571235,-0.529557435931966,0.352272458360732,-0.705162531960493,0.99,0.01,0.99,,,0.01
"2026-06-16 20:28:50",BTCUSDT,-0.215161568300048,-0.182019551412337,-0.475761255232845,0.293741703820508,-0.880257928650259,0.99,0.01,0.99,,,0.01
"2026-06-16 20:28:50",BTCUSDT,-0.215161568300048,-0.186162303523301,-0.457684199601731,0.27152189607843,-0.96530936822664,0.99,0.01,0.99,,,0.01
"2026-06-16 20:28:50",BTCUSDT,-0.215161568300048,-0.189787211620394,-0.471760861553581,0.281973649933187,-0.966852818539949,0.99,0.01,0.99,,,0.01
"2026-06-16 20:28:49",BTCUSDT,-0.179168295254,-0.151042853832391,-0.519861237783035,0.368818383950644,-0.58969864690959,0.99,0.01,0.99,,,0.01
"2026-06-16 20:28:49",BTCUSDT,-0.238980169407571,-0.162035018279289,-0.519630541246923,0.357595522967634,-0.641579597750882,0.99,0.01,0.99,,,0.01
"2026-06-16 20:28:49",BTCUSDT,-0.215381122014225,-0.168703281246156,-0.529411084019805,0.360707802773649,-0.658584740536602,0.99,0.01,0.99,,,0.01
"2026-06-16 20:28:48",BTCUSDT,-0.187443792148434,-0.134636204676937,-0.52011529046175,0.385479085784813,-0.479713820326754,0.99,0.01,0.99,,,0.01
"2026-06-16 20:28:48",BTCUSDT,-0.18749478154037,-0.141243526784866,-0.51995293171919,0.378709404934324,-0.518431483053992,0.99,0.01,0.99,,,0.01
"2026-06-16 20:28:48",BTCUSDT,-0.18749478154037,-0.147024933629304,-0.519006451883337,0.371981518254033,-0.557911018617579,0.99,0.01,0.99,,,0.01
"2026-06-16 20:28:47",BTCUSDT,-0.187443792148434,-0.108617305893605,-0.513132347147345,0.40451504125374,-0.371120290603394,0.99,0.01,0.99,,,0.01
"2026-06-16 20:28:47",BTCUSDT,-0.187443792148434,-0.118470616675459,-0.519461670851027,0.400991054175569,-0.400371619816991,0.99,0.01,0.99,,,0.01
"2026-06-16 20:28:47",BTCUSDT,-0.187443792148434,-0.127092263609581,-0.519095804237412,0.392003540627831,-0.442419741143588,0.99,0.01,0.99,,,0.01
"2026-06-16 20:28:46",BTCUSDT,-0.187327744876453,-0.069245244561168,-0.509863876288577,0.440618631727409,-0.231286382929114,0.99,0.01,0.99,,,0.01
"2026-06-16 20:28:46",BTCUSDT,-0.167035753370406,-0.0814690581623228,-0.511913249008548,0.430444190846225,-0.273363902126311,0.99,0.01,0.99,,,0.01
"2026-06-16 20:28:46",BTCUSDT,-0.208567627149919,-0.0973563792857723,-0.51316132342455,0.415804944138778,-0.325625567288719,0.99,0.01,0.99,,,0.01
"2026-06-16 20:28:45",BTCUSDT,-0.149091009776346,-0.0218510596587248,-0.514403694366213,0.492552634707488,-0.0661669592940228,0.99,0.01,0.99,,,0.01
"2026-06-16 20:28:45",BTCUSDT,-0.149091009776346,-0.0377560534234275,-0.514713939544743,0.476957886121316,-0.116767106076807,0.99,0.01,0.99,,,0.01
"2026-06-16 20:28:45",BTCUSDT,-0.154718153593597,-0.0523763159446987,-0.509873878655445,0.457497562710746,-0.176558167350362,0.99,0.01,0.99,,,0.01
"2026-06-16 20:28:44",BTCUSDT,-0.149752406644371,0.0406777324984585,-0.504650432712807,0.545328165211266,0.0915814784316795,0.99,0.01,0.99,,,0.01
"2026-06-16 20:28:44",BTCUSDT,-0.147856683352663,0.0171109305170683,-0.511104964213954,0.528215894731022,0.0407947122291132,0.99,0.01,0.99,,,0.01
"2026-06-16 20:28:44",BTCUSDT,-0.149167905040566,-0.00367392392763606,-0.512888437405586,0.50921451347795,-0.0145052595969162,0.99,0.01,0.99,,,0.01
"2026-06-16 20:28:43",BTCUSDT,-0.169257015560892,0.137266676266742,-0.509076487236904,0.646343163503646,0.331900149643661,0.99,0.01,0.99,,,0.01
"2026-06-16 20:28:43",BTCUSDT,-0.169191076606403,0.0989594571575989,-0.489296909927156,0.588256367084755,0.20749753241634,0.99,0.01,0.99,,,0.01
"2026-06-16 20:28:43",BTCUSDT,-0.149659895380862,0.0678820380902913,-0.491774635674109,0.5596566737644,0.13651154604383,0.99,0.01,0.99,,,0.01
"2026-06-16 20:28:42",BTCUSDT,-0.19518523407779,0.361249834375346,-0.526560318291108,0.887810152666454,0.840964351350535,0.99,0.01,0.99,,,0.01
"2026-06-16 20:28:42",BTCUSDT,-0.194984461429549,0.291720547399734,-0.526256746587629,0.817977293987363,0.696171809351775,0.99,0.01,0.99,,,0.01
"2026-06-16 20:28:42",BTCUSDT,-0.1951622852178,0.230860193322542,-0.527724936287262,0.758585129609805,0.570880328158797,0.99,0.01,0.99,,,0.01
"2026-06-16 20:28:42",BTCUSDT,-0.167575152463706,0.181055775099261,-0.50830577951662,0.689361554615882,0.427874728677999,0.99,0.01,0.99,,,0.01
"2026-06-16 20:28:41",BTCUSDT,0.427354259430488,0.636020796627601,-0.468185046034163,1.10420584266176,1.30612588825395,0.99,0.01,0.99,,,0.01
"2026-06-16 20:28:41",BTCUSDT,-0.199495071162204,0.531581313153875,-0.534138552109412,1.06571986526329,1.20601858173811,0.99,0.01,0.99,,,0.01
"2026-06-16 20:28:41",BTCUSDT,-0.195144724556489,0.44074055844008,-0.53248260849845,0.97322316693853,1.01537308440605,0.99,0.01,0.99,,,0.01
"2026-06-16 20:28:40",BTCUSDT,0.791908878291055,0.74503827488342,-0.455471689188992,1.20050996407241,1.59839574130409,0.99,0.01,0.99,,,0.01
"2026-06-16 20:28:40",BTCUSDT,0.415722178236012,0.703873762802494,-0.455471689188992,1.15934545199149,1.47979318478277,0.99,0.01,0.99,,,0.01
"2026-06-16 20:28:40",BTCUSDT,0.399526075914336,0.665830301941474,-0.469842726677131,1.13567302861861,1.39771170085027,0.99,0.01,0.99,,,0.01
"2026-06-16 20:28:39",BTCUSDT,0.734536314236654,0.739503318645031,-0.452858830136594,1.19236214878163,1.74360195522793,0.99,0.01,0.99,,,0.01
"2026-06-16 20:28:39",BTCUSDT,0.734536314236654,0.738882443093984,-0.454227229336939,1.19310967243092,1.68827112034214,0.99,0.01,0.99,,,0.01
"2026-06-16 20:28:39",BTCUSDT,0.734562693515025,0.738342474396614,-0.455186948989001,1.19352942338562,1.6359371114224,0.99,0.01,0.99,,,0.01
"2026-06-16 20:28:38",BTCUSDT,0.792319960813417,0.733683057161227,-0.449296621323585,1.18297967848481,1.92125523910548,0.99,0.01,0.99,,,0.01
"2026-06-16 20:28:38",BTCUSDT,0.792319960813417,0.74101267011775,-0.450016189362927,1.19102885948068,1.86688181562906,0.99,0.01,0.99,,,0.01
"2026-06-16 20:28:38",BTCUSDT,0.734614434802717,0.740212890703371,-0.449725829455824,1.1899387201592,1.79967168374328,0.99,0.01,0.99,,,0.01
"2026-06-16 20:28:37",BTCUSDT,0.792599252702872,0.704752089173462,-0.452815615216766,1.15756770439023,2.10945381586271,0.99,0.01,0.99,,,0.01
"2026-06-16 20:28:37",BTCUSDT,0.792599252702872,0.715732984614638,-0.450921149047811,1.16665413366245,2.04282319209448,0.99,0.01,0.99,,,0.01
"2026-06-16 20:28:37",BTCUSDT,0.792319960813417,0.725306356639485,-0.449209676030543,1.17451603267003,1.9790513502914,0.99,0.01,0.99,,,0.01
"2026-06-16 20:28:36",BTCUSDT,0.792633602188576,0.661468792857221,-0.447746329077415,1.10921512193464,2.28894930874541,0.99,0.01,0.99,,,0.01
"2026-06-16 20:28:36",BTCUSDT,0.792599252702872,0.677860100337928,-0.442743410339,1.12060351067693,2.21504104081929,0.99,0.01,0.99,,,0.01
"2026-06-16 20:28:36",BTCUSDT,0.792599252702872,0.692202494383546,-0.444938013473599,1.13714050785714,2.15647852218838,0.99,0.01,0.99,,,0.01
"2026-06-16 20:28:35",BTCUSDT,0.792286706349206,0.568977237756819,-0.467539327774854,1.03651656553167,2.53158967192424,0.99,0.01,0.99,,,0.01
"2026-06-16 20:28:35",BTCUSDT,0.79226799253608,0.596888582104226,-0.466501172198358,1.06338975430258,2.49831943098762,0.99,0.01,0.99,,,0.01
"2026-06-16 20:28:35",BTCUSDT,0.792310326908541,0.621316300204766,-0.462136989866458,1.08345329007122,2.43843289425647,0.99,0.01,0.99,,,0.01
"2026-06-16 20:28:35",BTCUSDT,0.792633602188576,0.642730962952742,-0.440579317161915,1.08331028011466,2.3316927542982,0.99,0.01,0.99,,,0.01
"2026-06-16 20:28:34",BTCUSDT,0.792286706349206,0.458950123494097,-0.461288061546275,0.920238185040372,2.39299471887324,0.99,0.01,0.99,,,0.01
"2026-06-16 20:28:34",BTCUSDT,0.792286706349206,0.500617196350986,-0.464294411921028,0.964911608272014,2.48951342803848,0.99,0.01,0.99,,,0.01
"2026-06-16 20:28:34",BTCUSDT,0.792286706349206,0.537075885100764,-0.470101182776729,1.00717706787749,2.54050767910301,0.99,0.01,0.99,,,0.01
"2026-06-16 20:28:33",BTCUSDT,0.919428559683924,0.411330611657653,-0.462106198031221,0.873436809688874,2.2816475160962,0.99,0.01,0.99,,,0.01
"2026-06-16 20:28:32",BTCUSDT,0.8051237494587,0.306242138805961,-0.497275396386629,0.803517535192591,2.1010117143913,0.99,0.01,0.99,,,0.01
"2026-06-16 20:28:32",BTCUSDT,0.566266552446614,0.338745190511043,-0.462760254962685,0.801505445473728,2.08908063485033,0.99,0.01,0.99,,,0.01
"2026-06-16 20:28:31",BTCUSDT,0.558088468902616,0.209008738559335,-0.503540628017109,0.712549366576444,1.84249958862783,0.99,0.01,0.99,,,0.01
"2026-06-16 20:28:31",BTCUSDT,0.416725528357784,0.234973337284141,-0.503121152615963,0.738094489900105,1.91624024326848,0.99,0.01,0.99,,,0.01
"2026-06-16 20:28:30",BTCUSDT,0.497246052585418,0.0697938252577884,-0.504832373510212,0.574626198768,1.45156122380197,0.99,0.01,0.99,,,0.01
"2026-06-16 20:28:30",BTCUSDT,0.497286458740949,0.123230404443184,-0.505738952362648,0.628969356805832,1.60611868633551,0.99,0.01,0.99,,,0.01
"2026-06-16 20:28:30",BTCUSDT,0.410508814122935,0.159140205653152,-0.502960692297413,0.662100897950566,1.69699357732993,0.99,0.01,0.99,,,0.01
"2026-06-16 20:28:29",BTCUSDT,0.497424856809089,-0.0610588973935268,-0.506011810261888,0.444952912868361,1.0799693829437,0.99,0.01,0.99,,,0.01
"2026-06-16 20:28:29",BTCUSDT,0.497246052585418,0.00872922135384134,-0.51391620817137,0.522645429525212,1.3044494666805,0.99,0.01,0.99,,,0.01
"2026-06-16 20:28:28",BTCUSDT,-0.191437590714371,-0.219774467014835,-0.5164430035408,0.296668536525965,0.649413468729949,0.99,0.01,0.99,,,0.01
"2026-06-16 20:28:28",BTCUSDT,0.411682942295498,-0.140842290851043,-0.506335152666032,0.365492861814989,0.849129458785912,0.99,0.01,0.99,,,0.01
"2026-06-16 20:28:27",BTCUSDT,-0.20219119033721,-0.225776409892382,-0.526435411881233,0.300659001988851,0.709075618127314,0.99,0.01,0.99,,,0.01
"2026-06-16 20:28:27",BTCUSDT,-0.217673093814758,-0.224763495382679,-0.525992491327093,0.301228995944414,0.692255980184001,0.99,0.01,0.99,,,0.01
"2026-06-16 20:28:27",BTCUSDT,-0.21723626992617,-0.223822592200615,-0.517094679044129,0.293272086843514,0.651646059491689,0.99,0.01,0.99,,,0.01
"2026-06-16 20:28:26",BTCUSDT,-0.287841376934066,-0.231403259650917,-0.523129358198903,0.291726098547986,0.741375388043932,0.99,0.01,0.99,,,0.01
"2026-06-16 20:28:26",BTCUSDT,-0.244148182942245,-0.232996375062333,-0.51941871971941,0.286422344657077,0.705674213151097,0.99,0.01,0.99,,,0.01
"2026-06-16 20:28:26",BTCUSDT,-0.20219119033721,-0.229145726971692,-0.5191645343019,0.290018807330208,0.696692091344449,0.99,0.01,0.99,,,0.01
"2026-06-16 20:28:25",BTCUSDT,0.841631805160009,-0.346771817276678,-0.55759109521918,0.210819277942502,0.569211796924046,0.99,0.01,0.99,,,0.01
"2026-06-16 20:28:25",BTCUSDT,0.869038577399716,-0.194795517942128,-0.523029099262318,0.32823358132019,0.888821648121361,0.99,0.01,0.99,,,0.01
"2026-06-16 20:28:25",BTCUSDT,-0.42315674614598,-0.22334067146761,-0.511859173253433,0.288518501785823,0.752161072428821,0.99,0.01,0.99,,,0.01
"2026-06-16 20:28:24",BTCUSDT,-0.566924140722501,-0.615588739122441,-0.549001292857214,-0.0665874462652264,-0.169288543733281,0.99,0.01,0.99,,,0.01
"2026-06-16 20:28:24",BTCUSDT,-0.566924140722501,-0.609505664322448,-0.549260074777722,-0.0602455895447267,-0.164654753063894,0.99,0.01,0.99,,,0.01
"2026-06-16 20:28:24",BTCUSDT,-0.594312522951365,-0.607606521651063,-0.548958025853542,-0.0586484957975214,-0.174819604853245,0.99,0.01,0.99,,,0.01
"2026-06-16 20:28:24",BTCUSDT,0.12089554484495,-0.516543763339061,-0.551693386800281,0.0351496234612194,0.0797490443319089,0.99,0.01,0.99,,,0.01
"2026-06-16 20:28:23",BTCUSDT,-0.615827528313963,-0.632368611060077,-0.545907790202071,-0.0864608208580059,-0.18526721430039,0.99,0.01,0.99,,,0.01
"2026-06-16 20:28:23",BTCUSDT,-0.615774706673468,-0.630294373011751,-0.545591417867804,-0.0847029551439473,-0.194341928571539,0.99,0.01,0.99,,,0.01
"2026-06-16 20:28:23",BTCUSDT,-0.568265985782913,-0.622540824608146,-0.548405146048713,-0.0741356785594333,-0.178119334156287,0.99,0.01,0.99,,,0.01
"2026-06-16 20:28:22",BTCUSDT,-0.612974456841888,-0.641386496023648,-0.556246740942574,-0.0851397550810733,-0.136487144929343,0.99,0.01,0.99,,,0.01
"2026-06-16 20:28:22",BTCUSDT,-0.613021034031459,-0.637840813274624,-0.557246495245275,-0.0805943180293496,-0.138718113222183,0.99,0.01,0.99,,,0.01
"2026-06-16 20:28:22",BTCUSDT,-0.612967290125236,-0.634731622880951,-0.553612142715974,-0.0811194801649769,-0.155836139294622,0.99,0.01,0.99,,,0.01
"2026-06-16 20:28:21",BTCUSDT,-0.615239520888706,-0.657063658407808,-0.532840087682271,-0.124223570725536,-0.190583665049703,0.99,0.01,0.99,,,0.01
"2026-06-16 20:28:21",BTCUSDT,-0.616685375538073,-0.652016373049091,-0.537593418658977,-0.114422954390114,-0.185696271947028,0.99,0.01,0.99,,,0.01
"2026-06-16 20:28:21",BTCUSDT,-0.599448258767556,-0.645445358763899,-0.541329797843974,-0.104115560919926,-0.172416693729968,0.99,0.01,0.99,,,0.01
"2026-06-16 20:28:20",BTCUSDT,-0.616852959286974,-0.677662289763332,-0.529068081656296,-0.148594208107036,-0.19497434272174,0.99,0.01,0.99,,,0.01
"2026-06-16 20:28:20",BTCUSDT,-0.615267603610451,-0.669862953994222,-0.53040850101824,-0.139454452975982,-0.189732898921807,0.99,0.01,0.99,,,0.01
"2026-06-16 20:28:20",BTCUSDT,-0.615267603610451,-0.663038535196251,-0.530780529861248,-0.132258005335003,-0.190459437981247,0.99,0.01,0.99,,,0.01
"2026-06-16 20:28:19",BTCUSDT,-0.617482622184411,-0.707236949676951,-0.517971652663193,-0.189265297013758,-0.245170751668197,0.99,0.01,0.99,,,0.01
"2026-06-16 20:28:19",BTCUSDT,-0.619550324409317,-0.696276121518497,-0.528661817184085,-0.167614304334412,-0.209713106477342,0.99,0.01,0.99,,,0.01
"2026-06-16 20:28:19",BTCUSDT,-0.616861845164448,-0.686349336974241,-0.529161403300313,-0.157187933673927,-0.199830782314827,0.99,0.01,0.99,,,0.01
"2026-06-16 20:28:18",BTCUSDT,-0.749500139597833,-0.759185972988088,-0.523289490984875,-0.235896482003213,-0.295574539686029,0.99,0.01,0.99,,,0.01
"2026-06-16 20:28:18",BTCUSDT,-0.563390662563762,-0.734711559185047,-0.533633766199123,-0.201077792985924,-0.235328066433256,0.99,0.01,0.99,,,0.01
"2026-06-16 20:28:18",BTCUSDT,-0.617491057397465,-0.720058996461599,-0.517572067063929,-0.20248692939767,-0.258177817056075,0.99,0.01,0.99,,,0.01
"2026-06-16 20:28:17",BTCUSDT,-0.747945780603371,-0.76429061517726,-0.524987273996198,-0.239303341181062,-0.240431889026051,0.99,0.01,0.99,,,0.01
"2026-06-16 20:28:17",BTCUSDT,-0.748542243988045,-0.762322068778608,-0.527666871599258,-0.23465519717935,-0.250805438044807,0.99,0.01,0.99,,,0.01
"2026-06-16 20:28:17",BTCUSDT,-0.748302826329025,-0.76056966347241,-0.528024233671086,-0.232545429801324,-0.267155010925694,0.99,0.01,0.99,,,0.01
"2026-06-16 20:28:16",BTCUSDT,-0.870618771069547,-0.775551541822127,-0.535790191778235,-0.239761350043893,-0.167942516055232,0.99,0.01,0.99,,,0.01
"2026-06-16 20:28:16",BTCUSDT,-0.749830506778478,-0.772336412441671,-0.513106317327384,-0.259230095114287,-0.227048564866082,0.99,0.01,0.99,,,0.01
"2026-06-16 20:28:16",BTCUSDT,-0.74799820062978,-0.769294135965185,-0.513255331539709,-0.256038804425476,-0.239561395170308,0.99,0.01,0.99,,,0.01
"2026-06-16 20:28:16",BTCUSDT,-0.747945780603371,-0.766625591544958,-0.523160458343484,-0.243465133201474,-0.229603374852833,0.99,0.01,0.99,,,0.01
"2026-06-16 20:28:15",BTCUSDT,-0.73505482185226,-0.747074430463371,-0.522701753208537,-0.224372677254835,-0.0834898268299488,0.99,0.01,0.99,,,0.01
"2026-06-16 20:28:15",BTCUSDT,-0.750984279101706,-0.747563161543163,-0.510577912814432,-0.236985248728731,-0.126655726222533,0.99,0.01,0.99,,,0.01
"2026-06-16 20:28:15",BTCUSDT,-0.862821941777826,-0.761970509072496,-0.512365046594743,-0.249605462477753,-0.169983451595012,0.99,0.01,0.99,,,0.01
"2026-06-16 20:28:14",BTCUSDT,-0.751478594453739,-0.752965796138074,-0.526223115734064,-0.22674268040401,-0.0371533187798976,0.99,0.01,0.99,,,0.01
"2026-06-16 20:28:14",BTCUSDT,-0.735177066102113,-0.750742204883579,-0.521796699971725,-0.228945504911853,-0.0579982631263454,0.99,0.01,0.99,,,0.01
"2026-06-16 20:28:14",BTCUSDT,-0.735136705077475,-0.748791517407816,-0.523946253444247,-0.224845263963569,-0.0670348702792363,0.99,0.01,0.99,,,0.01
"2026-06-16 20:28:13",BTCUSDT,-0.864133462573013,-0.736543903983576,-0.534062807270106,-0.20248109671347,0.0563309300177645,0.99,0.01,0.99,,,0.01
"2026-06-16 20:28:13",BTCUSDT,-0.863405000677779,-0.752401541070352,-0.529272333268373,-0.223129207801978,0.00163096581702993,0.99,0.01,0.99,,,0.01
"2026-06-16 20:28:13",BTCUSDT,-0.758615240679939,-0.75317825352155,-0.529764707447594,-0.223413546073956,-0.0149772014211844,0.99,0.01,0.99,,,0.01
"2026-06-16 20:28:12",BTCUSDT,-0.844892802064061,-0.679331719217243,-0.546602805750108,-0.132728913467135,0.231970027020735,0.99,0.01,0.99,,,0.01
"2026-06-16 20:28:12",BTCUSDT,-0.844873213939698,-0.700024406057549,-0.535093306449197,-0.164931099608353,0.157587338633423,0.99,0.01,0.99,,,0.01
"2026-06-16 20:28:12",BTCUSDT,-0.846363751077836,-0.718316824185085,-0.534123419883812,-0.184193404301273,0.106326842263492,0.99,0.01,0.99,,,0.01
"2026-06-16 20:28:11",BTCUSDT,-0.741105468167236,-0.614659459502349,-0.536228016072048,-0.0784314434303015,0.0,0.99,0.01,0.99,,,0.01
"2026-06-16 20:28:11",BTCUSDT,-0.844898977565906,-0.643439399260294,-0.544032506567438,-0.099406892692856,0.0,0.99,0.01,0.99,,,0.01
"2026-06-16 20:28:11",BTCUSDT,-0.741365292805235,-0.655680135953411,-0.542429530482285,-0.113250605471126,0.28287514575262,0.99,0.01,0.99,,,0.01
"2026-06-16 20:28:10",BTCUSDT,-0.741157443394097,-0.552366818845014,-0.550166057730383,-0.00220076111463063,0.0,0.99,0.01,0.99,,,0.01
"2026-06-16 20:28:10",BTCUSDT,-0.741094140405115,-0.575957734040027,-0.547210612049045,-0.0287471219909818,0.0,0.99,0.01,0.99,,,0.01
"2026-06-16 20:28:10",BTCUSDT,-0.741061813550164,-0.596595743978794,-0.547597847498644,-0.0489978964801502,0.0,0.99,0.01,0.99,,,0.01
"2026-06-16 20:28:09",BTCUSDT,-0.837618474868045,-0.427620235850897,-0.541810163486617,0.11418992763572,0.0,0.99,0.01,0.99,,,0.01
"2026-06-16 20:28:09",BTCUSDT,-0.844799942614926,-0.4797676991964,-0.547028898685196,0.0672611994887955,0.0,0.99,0.01,0.99,,,0.01
"2026-06-16 20:28:09",BTCUSDT,-0.844799942614926,-0.525396729623716,-0.544678605146525,0.0192818755228087,0.0,0.99,0.01,0.99,,,0.01
"2026-06-16 20:28:08",BTCUSDT,-0.733100019804909,-0.225859229063865,-0.542357008352564,0.316497779288699,0.0,0.99,0.01,0.99,,,0.01
"2026-06-16 20:28:08",BTCUSDT,-0.835844953171014,-0.302107444577258,-0.547458433532276,0.245350988955017,0.0,0.99,0.01,0.99,,,0.01
"2026-06-16 20:28:08",BTCUSDT,-0.837640358746768,-0.369049058848447,-0.548536712932991,0.179487654084544,0.0,0.99,0.01,0.99,,,0.01
"2026-06-16 20:28:07",BTCUSDT,-0.987048355645862,0.256515618114003,-0.450126686429769,0.706642304543772,0.0,0.99,0.01,0.99,,,0.01
"2026-06-16 20:28:07",BTCUSDT,-0.988957331031336,0.100831499470836,-0.508630425737187,0.609461925208023,0.0,0.99,0.01,0.99,,,0.01
"2026-06-16 20:28:07",BTCUSDT,-0.981369593514549,-0.0344436371523374,-0.533619997340614,0.499176360188277,0.0,0.99,0.01,0.99,,,0.01
"2026-06-16 20:28:07",BTCUSDT,-0.986064611597647,-0.153396258958001,-0.544909917993773,0.391513659035772,0.0,0.99,0.01,0.99,,,0.01
"2026-06-16 20:28:06",BTCUSDT,0.594238179080865,0.392533794392553,-0.390607246028094,0.783141040420647,0.0,0.99,0.01,0.99,,,0.01
"2026-06-16 20:28:06",BTCUSDT,0.59423806880889,0.417746828694596,-0.392683388363456,0.810430217058051,0.0,0.99,0.01,0.99,,,0.01
"2026-06-16 20:28:06",BTCUSDT,0.549113114061131,0.434167614365412,-0.396389965442443,0.830557579807855,0.0,0.99,0.01,0.99,,,0.01
"2026-06-16 20:28:05",BTCUSDT,0.594214993090301,0.29316250170003,-0.431913793885519,0.725076295585549,0.0,0.99,0.01,0.99,,,0.01
"2026-06-16 20:28:05",BTCUSDT,0.594214993090301,0.330794063123814,-0.423654170289632,0.754448233413446,0.0,0.99,0.01,0.99,,,0.01
"2026-06-16 20:28:05",BTCUSDT,0.594192616487089,0.363718882294223,-0.407525730537821,0.771244612832045,0.0,0.99,0.01,0.99,,,0.01
"2026-06-16 20:28:04",BTCUSDT,0.669501097927943,0.134581209224443,-0.427552759313685,0.562133968538129,0.0,0.99,0.01,0.99,,,0.01
"2026-06-16 20:28:04",BTCUSDT,0.669533312472677,0.201450222130473,-0.402105564536526,0.603555786666999,0.0,0.99,0.01,0.99,,,0.01
"2026-06-16 20:28:04",BTCUSDT,0.591088468526622,0.250155002929991,-0.432173746981954,0.682328749911946,0.0,0.99,0.01,0.99,,,0.01
"2026-06-16 20:28:03",BTCUSDT,0.933263934438712,-0.15787831641217,-0.448785016464975,0.290906700052805,0.0,0.99,0.01,0.99,,,0.01
"2026-06-16 20:28:03",BTCUSDT,0.918979532787733,-0.0232710852621818,-0.428431040607526,0.405159955345344,0.0,0.99,0.01,0.99,,,0.01
"2026-06-16 20:28:03",BTCUSDT,0.628210254969678,0.0581640822668006,-0.42907524062483,0.487239322891631,0.0,0.99,0.01,0.99,,,0.01
"2026-06-16 20:28:02",BTCUSDT,0.479267204742939,-0.581630399040892,-0.458600802583653,-0.123029596457239,0.0,0.99,0.01,0.99,,,0.01
"2026-06-16 20:28:02",BTCUSDT,0.476558638706489,-0.449356769322469,-0.456482008489786,0.00712523916731694,0.0,0.99,0.01,0.99,,,0.01
"2026-06-16 20:28:02",BTCUSDT,0.635451138701778,-0.313755780819438,-0.486633318899225,0.172877538079787,0.0,0.99,0.01,0.99,,,0.01
"2026-06-16 20:28:01",BTCUSDT,-0.992304929284722,-0.893475229683623,-0.477708819041627,-0.415766410641996,0.0,0.99,0.01,0.99,,,0.01
"2026-06-16 20:28:01",BTCUSDT,-0.991021091110614,-0.905668462361997,-0.519681054925188,-0.385987407436809,0.0,0.99,0.01,0.99,,,0.01
"2026-06-16 20:28:01",BTCUSDT,0.474181639882465,-0.733187199581439,-0.515098103106471,-0.218089096474968,0.0,0.99,0.01,0.99,,,0.01
"2026-06-16 20:28:00",BTCUSDT,-0.987991547325192,-0.844846264848802,-0.370062464072125,-0.474783800776678,0.0,0.99,0.01,0.99,,,0.01
"2026-06-16 20:28:00",BTCUSDT,-0.991797243373543,-0.863215137164395,-0.474239517396115,-0.38897561976828,0.0,0.99,0.01,0.99,,,0.01
"2026-06-16 20:28:00",BTCUSDT,-0.992347649202678,-0.87935670116918,-0.468570777403124,-0.410785923766056,0.0,0.99,0.01,0.99,,,0.01
"2026-06-16 20:27:59",BTCUSDT,-0.988422473187016,-0.773970120067971,-0.389209669076013,-0.384760450991958,0.0,0.99,0.01,0.99,,,0.01
"2026-06-16 20:27:59",BTCUSDT,-0.989135560400121,-0.80086580010949,-0.385175424345806,-0.415690375763684,0.0,0.99,0.01,0.99,,,0.01
"2026-06-16 20:27:59",BTCUSDT,-0.989114909479542,-0.824396938780746,-0.384733455985384,-0.439663482795362,0.0,0.99,0.01,0.99,,,0.01
"2026-06-16 20:27:58",BTCUSDT,-0.521123859230392,-0.693958426935239,-0.309114157816783,-0.384844269118456,0.0,0.99,0.01,0.99,,,0.01
"2026-06-16 20:27:58",BTCUSDT,-0.809581905510599,-0.708411361757159,-0.308477326998541,-0.399934034758618,0.0,0.99,0.01,0.99,,,0.01
"2026-06-16 20:27:58",BTCUSDT,-0.987793024679035,-0.743334069622393,-0.315999232066373,-0.427334837556021,0.0,0.99,0.01,0.99,,,0.01
"2026-06-16 20:27:57",BTCUSDT,-0.979461750248656,-0.813221197371493,-0.314309628227096,-0.498911569144397,0.0,0.99,0.01,0.99,,,0.01
"2026-06-16 20:27:57",BTCUSDT,-0.528754891150849,-0.777662909093913,-0.306666824183125,-0.470996084910787,0.0,0.99,0.01,0.99,,,0.01
"2026-06-16 20:27:57",BTCUSDT,-0.528698677703061,-0.746542380170056,-0.305422774822754,-0.441119605347302,0.0,0.99,0.01,0.99,,,0.01
"2026-06-16 20:27:57",BTCUSDT,-0.523395974525629,-0.718649079464503,-0.305600804604926,-0.413048274859576,0.0,0.99,0.01,0.99,,,0.01
"2026-06-16 20:27:56",BTCUSDT,-0.88812730161566,-0.838262804783388,-0.35696026393575,-0.481302540847638,0.0,0.99,0.01,0.99,,,0.01
"2026-06-16 20:27:56",BTCUSDT,-0.578327782962572,-0.805770927055786,-0.322059583565549,-0.483711343490237,0.0,0.99,0.01,0.99,,,0.01
"2026-06-16 20:27:56",BTCUSDT,-0.675383886293254,-0.78947254696047,-0.315140772752391,-0.474331774208079,0.0,0.99,0.01,0.99,,,0.01
"2026-06-16 20:27:55",BTCUSDT,-0.985670201823148,-0.782386349681851,-0.134270787732799,-0.648115561949053,0.0,0.99,0.01,0.99,,,0.01
"2026-06-16 20:27:55",BTCUSDT,-0.988263384504116,-0.808120979034634,-0.131972599344257,-0.676148379690377,0.0,0.99,0.01,0.99,,,0.01
"2026-06-16 20:27:55",BTCUSDT,-0.992267588644928,-0.831139305235921,-0.173856693375574,-0.657282611860347,0.0,0.99,0.01,0.99,,,0.01
"2026-06-16 20:27:54",BTCUSDT,-0.397127058965317,-0.707079255418357,-0.10663862580787,-0.600440629610487,0.0,0.99,0.01,0.99,,,0.01
"2026-06-16 20:27:54",BTCUSDT,-0.796665747645484,-0.718277566946748,-0.109050679316274,-0.609226887630474,0.0,0.99,0.01,0.99,,,0.01
"2026-06-16 20:27:54",BTCUSDT,-0.99882342638038,-0.753345799375952,-0.125715249471952,-0.627630549904,0.0,0.99,0.01,0.99,,,0.01
"2026-06-16 20:27:53",BTCUSDT,-0.646937210800536,-0.86039896237272,-0.115334851559405,-0.745064110813314,0.0,0.99,0.01,0.99,,,0.01
"2026-06-16 20:27:53",BTCUSDT,-0.392801731727274,-0.801949308542039,-0.100960292354575,-0.700989016187464,0.0,0.99,0.01,0.99,,,0.01
"2026-06-16 20:27:53",BTCUSDT,-0.397219965213199,-0.751358140625934,-0.109214907786885,-0.642143232839049,0.0,0.99,0.01,0.99,,,0.01
"2026-06-16 20:27:52",BTCUSDT,-0.984244282410592,-0.958799483337321,-0.124040401581778,-0.834759081755543,0.0,0.99,0.01,0.99,,,0.01
"2026-06-16 20:27:52",BTCUSDT,-0.701423228939579,-0.926627451537603,-0.118087189012137,-0.808540262525466,0.0,0.99,0.01,0.99,,,0.01
"2026-06-16 20:27:52",BTCUSDT,-0.640755825729604,-0.890893498311603,-0.116859799330873,-0.774033698980731,0.0,0.99,0.01,0.99,,,0.01
"2026-06-16 20:27:51",BTCUSDT,-0.992226052041438,-0.945125994264173,-0.166877771241171,-0.778248223023002,0.0,0.99,0.01,0.99,,,0.01
"2026-06-16 20:27:51",BTCUSDT,-0.992194452659625,-0.951009551563605,-0.109172080183634,-0.84183747137997,0.0,0.99,0.01,0.99,,,0.01
"2026-06-16 20:27:51",BTCUSDT,-0.98424923538388,-0.955164512041139,-0.112411487187249,-0.84275302485389,0.0,0.99,0.01,0.99,,,0.01
"2026-06-16 20:27:50",BTCUSDT,-0.882355571191069,-0.937445234430864,-0.0746904734149234,-0.86275476101594,0.0,0.99,0.01,0.99,,,0.01
"2026-06-16 20:27:50",BTCUSDT,-0.882355571191069,-0.930559026525889,-0.0749147841371194,-0.85564424238877,0.0,0.99,0.01,0.99,,,0.01
"2026-06-16 20:27:50",BTCUSDT,-0.993266130972429,-0.938397414581707,-0.0800998538611925,-0.858297560720514,0.0,0.99,0.01,0.99,,,0.01
"2026-06-16 20:27:49",BTCUSDT,-0.98730599908171,-0.9611312295873,-0.0711065167602383,-0.890024712827061,0.0,0.99,0.01,0.99,,,0.01
"2026-06-16 20:27:49",BTCUSDT,-0.98730599908171,-0.964403075774101,-0.0785754112445722,-0.885827664529529,0.0,0.99,0.01,0.99,,,0.01
"2026-06-16 20:27:49",BTCUSDT,-0.883651274985978,-0.954309100675586,-0.0682150552769906,-0.886094045398595,0.0,0.99,0.01,0.99,,,0.01
"2026-06-16 20:27:49",BTCUSDT,-0.882357785849002,-0.945315186322263,-0.0817578665879425,-0.86355731973432,0.0,0.99,0.01,0.99,,,0.01
"2026-06-16 20:27:48",BTCUSDT,-0.882901807523205,-0.963154805310343,-0.0682381466233937,-0.894916658686949,0.0,0.99,0.01,0.99,,,0.01
"2026-06-16 20:27:48",BTCUSDT,-0.882864723213154,-0.953118545048194,-0.0823941200542816,-0.870724424993912,0.0,0.99,0.01,0.99,,,0.01
"2026-06-16 20:27:48",BTCUSDT,-0.98730599908171,-0.957391976802384,-0.0697614644223767,-0.887630512380007,0.0,0.99,0.01,0.99,,,0.01
"2026-06-16 20:27:47",BTCUSDT,-0.990967622913015,-0.987241604190555,-0.0703763683405649,-0.91686523584999,0.0,0.99,0.01,0.99,,,0.01
"2026-06-16 20:27:47",BTCUSDT,-0.991085166913276,-0.987722049530895,-0.0702870828891021,-0.917434966641793,0.0,0.99,0.01,0.99,,,0.01
"2026-06-16 20:27:47",BTCUSDT,-0.882901807523205,-0.974619519279934,-0.070520940421363,-0.904098578858571,0.0,0.99,0.01,0.99,,,0.01
"2026-06-16 20:27:46",BTCUSDT,-0.986637982345152,-0.986637982345152,-0.0734315592267315,-0.91320642311842,0.0,0.99,0.01,0.99,,,0.01
"2026-06-16 20:27:46",BTCUSDT,-0.987208649996993,-0.986709315801632,-0.0711315845924974,-0.915577731209135,0.0,0.99,0.01,0.99,,,0.01
